[INFO] [launch]: All log files can be found below /root/.ros/log/2026-06-16-20-01-33-777636-ubuntu-sword-7708
[INFO] [launch]: Default logging verbosity is set to INFO
[INFO] [converter_livox-1]: process started with pid [7785]
[INFO] [detector_node-2]: process started with pid [7787]
[INFO] [local_fusion-3]: process started with pid [7789]
[INFO] [global_fusion-4]: process started with pid [7791]
[converter_livox-1] [INFO] [1781640093.815762364] [converter]: Livox Raw CustomMsg Converter initialized.
[converter_livox-1] [INFO] [1781640093.815809544] [converter]: Accumulating 10 packets per frame.
[local_fusion-3] /usr/lib/python3/dist-packages/scipy/__init__.py:146: UserWarning: A NumPy version >=1.17.3 and <1.25.0 is required for this version of SciPy (detected version 1.26.4
[local_fusion-3]   warnings.warn(f"A NumPy version >={np_minversion} and <{np_maxversion}"
[global_fusion-4] /usr/lib/python3/dist-packages/scipy/__init__.py:146: UserWarning: A NumPy version >=1.17.3 and <1.25.0 is required for this version of SciPy (detected version 1.26.4
[global_fusion-4]   warnings.warn(f"A NumPy version >={np_minversion} and <{np_maxversion}"
[global_fusion-4] [INFO] [1781640094.134854144] [global_fusion_node]: Loading Parameters...
[global_fusion-4] [INFO] [1781640094.137092890] [global_fusion_node]: GLOBAL FUSION CONFIGURATION:
[global_fusion-4] 	match_dist_thresh: 80.0
[global_fusion-4] 	match_angle_thresh_deg: 15.0
[global_fusion-4] 	overlap_thresh: 50.0
[global_fusion-4] 	gate_threshold: 0.8
[global_fusion-4] 	max_misses_thresh: 5
[global_fusion-4] 	sensor_range: 500.0
[global_fusion-4] 	dist_weight: 0.0003333333333333333
[global_fusion-4] 	angle_weight: 0.15915494309189535
[global_fusion-4] 	publish_img_flag: True
[global_fusion-4] 	processed_img_size: 640
[global_fusion-4] 	base_img_size: 3072
[global_fusion-4] 	sensor_posx: 800
[global_fusion-4] 	sensor_posy: 800
[global_fusion-4] 	movement_flag: True
[global_fusion-4] 	map_frame: drone0/map
[global_fusion-4] 	lidar_frame: drone0/base_link
[global_fusion-4] 	manhattan_opt_flag: True
[global_fusion-4] 	corner_max_gap: 80.0
[global_fusion-4] 	svd_lambda_reg: 0.5
[global_fusion-4] 	stable_hits_threshold: 2
[global_fusion-4] 
[global_fusion-4] [INFO] [1781640094.146292313] [global_fusion_node]: Global Fusion Node initialized.
[local_fusion-3] [INFO] [1781640094.282475114] [local_fusion_node]: Loading Parameters...
[local_fusion-3] [INFO] [1781640094.283818268] [local_fusion_node]: LOCAL FUSION CONFIGURATION:
[local_fusion-3] 	dist_threshold: 10.0
[local_fusion-3] 	angle_threshold_deg: 20.0
[local_fusion-3] 	overlap_thresh: 30.0
[local_fusion-3] 	eps: 0.1
[local_fusion-3] 	min_samples: 1
[local_fusion-3] 	wall_connection_threshold: 15.0
[local_fusion-3] 	wall_length_threshold: 50.0
[local_fusion-3] 	publish_img_flag: False
[local_fusion-3] 	processed_img_size: 640
[local_fusion-3] 	base_img_size: 2048
[local_fusion-3] 	sensor_posx: 1024
[local_fusion-3] 	sensor_posy: 1024
[local_fusion-3] 
[detector_node-2] [INFO] [1781640100.555677273] [detector_node]: Using YOLO as Detector Node.
[detector_node-2] [INFO] [1781640100.555836974] [detector_node]: DETECTOR CONFIGURATION:
[detector_node-2] 	capture_inference_image: False
[detector_node-2] 	result_img_size: 1024
[detector_node-2] 	struct_radius: 1
[detector_node-2] 	base_img_size: 2048
[detector_node-2] 	processed_img_size: 1024
[detector_node-2] 	sensor_posx: 1024
[detector_node-2] 	sensor_posy: 1024
[detector_node-2] 	kernel_size: 3
[detector_node-2] 	iterations: 1
[detector_node-2] 	smoothing: none
[detector_node-2] 	sigma: 1.0
[detector_node-2] 	ksize_smoothing: 1
[detector_node-2] 	last_dilation: none
[detector_node-2] 	truncate: False
[detector_node-2] 	thresh: 210
[detector_node-2] 	yolo_model_path: 
[detector_node-2] 	yolo_model_name: yolon1024HD-clean-AdamW_openvino_model
[detector_node-2] 	label: False
[detector_node-2] 
[detector_node-2] [INFO] [1781640100.873015148] [detector_node]: YOLO_DETECTOR detection elapsed time: 0.3162 seconds
[local_fusion-3] [INFO] [1781640100.873274434] [local_fusion_node]: Local Fusion callback triggered.
[detector_node-2] [INFO] [1781640100.903951730] [detector_node]: YOLO_DETECTOR detection elapsed time: 0.0297 seconds
[local_fusion-3] [INFO] [1781640100.904539299] [local_fusion_node]: Local Fusion callback triggered.
[detector_node-2] [INFO] [1781640100.937524040] [detector_node]: YOLO_DETECTOR detection elapsed time: 0.0327 seconds
[local_fusion-3] [INFO] [1781640100.938107737] [local_fusion_node]: Local Fusion callback triggered.
[detector_node-2] [INFO] [1781640100.968531486] [detector_node]: YOLO_DETECTOR detection elapsed time: 0.0301 seconds
[local_fusion-3] [INFO] [1781640100.969169252] [local_fusion_node]: Local Fusion callback triggered.
[detector_node-2] [INFO] [1781640101.000567700] [detector_node]: YOLO_DETECTOR detection elapsed time: 0.0312 seconds
[local_fusion-3] [INFO] [1781640101.001208191] [local_fusion_node]: Local Fusion callback triggered.
[detector_node-2] [INFO] [1781640101.030831245] [detector_node]: YOLO_DETECTOR detection elapsed time: 0.0294 seconds
[local_fusion-3] [INFO] [1781640101.031527135] [local_fusion_node]: Local Fusion callback triggered.
[detector_node-2] [INFO] [1781640101.059771473] [detector_node]: YOLO_DETECTOR detection elapsed time: 0.0281 seconds
[local_fusion-3] [INFO] [1781640101.060396651] [local_fusion_node]: Local Fusion callback triggered.
[detector_node-2] [INFO] [1781640101.097319875] [detector_node]: YOLO_DETECTOR detection elapsed time: 0.0367 seconds
[local_fusion-3] [INFO] [1781640101.097904133] [local_fusion_node]: Local Fusion callback triggered.
[detector_node-2] [INFO] [1781640101.129844846] [detector_node]: YOLO_DETECTOR detection elapsed time: 0.0317 seconds
[local_fusion-3] [INFO] [1781640101.130485645] [local_fusion_node]: Local Fusion callback triggered.
[detector_node-2] [INFO] [1781640101.162215913] [detector_node]: YOLO_DETECTOR detection elapsed time: 0.0315 seconds
[local_fusion-3] [INFO] [1781640101.162673749] [local_fusion_node]: Local Fusion callback triggered.
[detector_node-2] [INFO] [1781640101.194865707] [detector_node]: YOLO_DETECTOR detection elapsed time: 0.0316 seconds
[local_fusion-3] [INFO] [1781640101.195312778] [local_fusion_node]: Local Fusion callback triggered.
[detector_node-2] [INFO] [1781640101.227531244] [detector_node]: YOLO_DETECTOR detection elapsed time: 0.0317 seconds
[local_fusion-3] [INFO] [1781640101.228194929] [local_fusion_node]: Local Fusion callback triggered.
[detector_node-2] [INFO] [1781640101.269495678] [detector_node]: YOLO_DETECTOR detection elapsed time: 0.0411 seconds
[local_fusion-3] [INFO] [1781640101.270104659] [local_fusion_node]: Local Fusion callback triggered.
[detector_node-2] [INFO] [1781640101.300076101] [detector_node]: YOLO_DETECTOR detection elapsed time: 0.0297 seconds
[local_fusion-3] [INFO] [1781640101.300714381] [local_fusion_node]: Local Fusion callback triggered.
[detector_node-2] [INFO] [1781640101.331231697] [detector_node]: YOLO_DETECTOR detection elapsed time: 0.0303 seconds
[local_fusion-3] [INFO] [1781640101.331863854] [local_fusion_node]: Local Fusion callback triggered.
[detector_node-2] [INFO] [1781640101.361527400] [detector_node]: YOLO_DETECTOR detection elapsed time: 0.0294 seconds
[local_fusion-3] [INFO] [1781640101.362174312] [local_fusion_node]: Local Fusion callback triggered.
[detector_node-2] [INFO] [1781640101.437550284] [detector_node]: YOLO_DETECTOR detection elapsed time: 0.0269 seconds
[local_fusion-3] [INFO] [1781640101.438134500] [local_fusion_node]: Local Fusion callback triggered.
[detector_node-2] [INFO] [1781640101.548709602] [detector_node]: YOLO_DETECTOR detection elapsed time: 0.0318 seconds
[local_fusion-3] [INFO] [1781640101.549385978] [local_fusion_node]: Local Fusion callback triggered.
[detector_node-2] [INFO] [1781640101.639416185] [detector_node]: YOLO_DETECTOR detection elapsed time: 0.0275 seconds
[local_fusion-3] [INFO] [1781640101.639985406] [local_fusion_node]: Local Fusion callback triggered.
[detector_node-2] [INFO] [1781640101.739955658] [detector_node]: YOLO_DETECTOR detection elapsed time: 0.0273 seconds
[local_fusion-3] [INFO] [1781640101.740618024] [local_fusion_node]: Local Fusion callback triggered.
[detector_node-2] [INFO] [1781640101.839098947] [detector_node]: YOLO_DETECTOR detection elapsed time: 0.0276 seconds
[local_fusion-3] [INFO] [1781640101.839720934] [local_fusion_node]: Local Fusion callback triggered.
[detector_node-2] [INFO] [1781640101.944400683] [detector_node]: YOLO_DETECTOR detection elapsed time: 0.0316 seconds
[local_fusion-3] [INFO] [1781640101.944706502] [local_fusion_node]: Local Fusion callback triggered.
[detector_node-2] [INFO] [1781640102.036278159] [detector_node]: YOLO_DETECTOR detection elapsed time: 0.0253 seconds
[local_fusion-3] [INFO] [1781640102.036683415] [local_fusion_node]: Local Fusion callback triggered.
[detector_node-2] [INFO] [1781640102.142411917] [detector_node]: YOLO_DETECTOR detection elapsed time: 0.0264 seconds
[local_fusion-3] [INFO] [1781640102.143108594] [local_fusion_node]: Local Fusion callback triggered.
[detector_node-2] [INFO] [1781640102.239106435] [detector_node]: YOLO_DETECTOR detection elapsed time: 0.0272 seconds
[local_fusion-3] [INFO] [1781640102.239765939] [local_fusion_node]: Local Fusion callback triggered.
[detector_node-2] [INFO] [1781640102.337531425] [detector_node]: YOLO_DETECTOR detection elapsed time: 0.0264 seconds
[local_fusion-3] [INFO] [1781640102.337935170] [local_fusion_node]: Local Fusion callback triggered.
[detector_node-2] [INFO] [1781640102.440974560] [detector_node]: YOLO_DETECTOR detection elapsed time: 0.0269 seconds
[local_fusion-3] [INFO] [1781640102.441333648] [local_fusion_node]: Local Fusion callback triggered.
[detector_node-2] [INFO] [1781640102.541841430] [detector_node]: YOLO_DETECTOR detection elapsed time: 0.0285 seconds
[local_fusion-3] [INFO] [1781640102.542266241] [local_fusion_node]: Local Fusion callback triggered.
[detector_node-2] [INFO] [1781640102.636727428] [detector_node]: YOLO_DETECTOR detection elapsed time: 0.0233 seconds
[local_fusion-3] [INFO] [1781640102.637156372] [local_fusion_node]: Local Fusion callback triggered.
[detector_node-2] [INFO] [1781640102.738969529] [detector_node]: YOLO_DETECTOR detection elapsed time: 0.0244 seconds
[local_fusion-3] [INFO] [1781640102.739415130] [local_fusion_node]: Local Fusion callback triggered.
[detector_node-2] [INFO] [1781640102.835960499] [detector_node]: YOLO_DETECTOR detection elapsed time: 0.0247 seconds
[local_fusion-3] [INFO] [1781640102.836348726] [local_fusion_node]: Local Fusion callback triggered.
[detector_node-2] [INFO] [1781640102.938689228] [detector_node]: YOLO_DETECTOR detection elapsed time: 0.0244 seconds
[local_fusion-3] [INFO] [1781640102.938908874] [local_fusion_node]: Local Fusion callback triggered.
[detector_node-2] [INFO] [1781640103.034529443] [detector_node]: YOLO_DETECTOR detection elapsed time: 0.0231 seconds
[local_fusion-3] [INFO] [1781640103.034822871] [local_fusion_node]: Local Fusion callback triggered.
[detector_node-2] [INFO] [1781640103.133802255] [detector_node]: YOLO_DETECTOR detection elapsed time: 0.0238 seconds
[local_fusion-3] [INFO] [1781640103.134403911] [local_fusion_node]: Local Fusion callback triggered.
[detector_node-2] [INFO] [1781640103.238012051] [detector_node]: YOLO_DETECTOR detection elapsed time: 0.0253 seconds
[local_fusion-3] [INFO] [1781640103.238580217] [local_fusion_node]: Local Fusion callback triggered.
[detector_node-2] [INFO] [1781640103.342429746] [detector_node]: YOLO_DETECTOR detection elapsed time: 0.0276 seconds
[local_fusion-3] [INFO] [1781640103.342989794] [local_fusion_node]: Local Fusion callback triggered.
[detector_node-2] [INFO] [1781640103.439211005] [detector_node]: YOLO_DETECTOR detection elapsed time: 0.0265 seconds
[local_fusion-3] [INFO] [1781640103.439774142] [local_fusion_node]: Local Fusion callback triggered.
[detector_node-2] [INFO] [1781640103.544324190] [detector_node]: YOLO_DETECTOR detection elapsed time: 0.0303 seconds
[local_fusion-3] [INFO] [1781640103.544532423] [local_fusion_node]: Local Fusion callback triggered.
[detector_node-2] [INFO] [1781640103.636364600] [detector_node]: YOLO_DETECTOR detection elapsed time: 0.0284 seconds
[local_fusion-3] [INFO] [1781640103.636623059] [local_fusion_node]: Local Fusion callback triggered.
[detector_node-2] [INFO] [1781640103.735388982] [detector_node]: YOLO_DETECTOR detection elapsed time: 0.0253 seconds
[local_fusion-3] [INFO] [1781640103.735949396] [local_fusion_node]: Local Fusion callback triggered.
[detector_node-2] [INFO] [1781640103.832815621] [detector_node]: YOLO_DETECTOR detection elapsed time: 0.0240 seconds
[local_fusion-3] [INFO] [1781640103.833438654] [local_fusion_node]: Local Fusion callback triggered.
[detector_node-2] [INFO] [1781640103.930859622] [detector_node]: YOLO_DETECTOR detection elapsed time: 0.0222 seconds
[local_fusion-3] [INFO] [1781640103.931198936] [local_fusion_node]: Local Fusion callback triggered.
[detector_node-2] [INFO] [1781640104.036514711] [detector_node]: YOLO_DETECTOR detection elapsed time: 0.0261 seconds
[local_fusion-3] [INFO] [1781640104.036852401] [local_fusion_node]: Local Fusion callback triggered.
[detector_node-2] [INFO] [1781640104.135180451] [detector_node]: YOLO_DETECTOR detection elapsed time: 0.0241 seconds
[local_fusion-3] [INFO] [1781640104.135575005] [local_fusion_node]: Local Fusion callback triggered.
[detector_node-2] [INFO] [1781640104.234578631] [detector_node]: YOLO_DETECTOR detection elapsed time: 0.0242 seconds
[local_fusion-3] [INFO] [1781640104.234947591] [local_fusion_node]: Local Fusion callback triggered.
[detector_node-2] [INFO] [1781640104.333368991] [detector_node]: YOLO_DETECTOR detection elapsed time: 0.0244 seconds
[local_fusion-3] [INFO] [1781640104.333740378] [local_fusion_node]: Local Fusion callback triggered.
[detector_node-2] [INFO] [1781640104.437634118] [detector_node]: YOLO_DETECTOR detection elapsed time: 0.0244 seconds
[local_fusion-3] [INFO] [1781640104.437923997] [local_fusion_node]: Local Fusion callback triggered.
[detector_node-2] [INFO] [1781640104.532372879] [detector_node]: YOLO_DETECTOR detection elapsed time: 0.0217 seconds
[local_fusion-3] [INFO] [1781640104.532614276] [local_fusion_node]: Local Fusion callback triggered.
[detector_node-2] [INFO] [1781640104.637971214] [detector_node]: YOLO_DETECTOR detection elapsed time: 0.0267 seconds
[local_fusion-3] [INFO] [1781640104.638424108] [local_fusion_node]: Local Fusion callback triggered.
[detector_node-2] [INFO] [1781640104.740632679] [detector_node]: YOLO_DETECTOR detection elapsed time: 0.0234 seconds
[local_fusion-3] [INFO] [1781640104.740998232] [local_fusion_node]: Local Fusion callback triggered.
[detector_node-2] [INFO] [1781640104.831833268] [detector_node]: YOLO_DETECTOR detection elapsed time: 0.0236 seconds
[local_fusion-3] [INFO] [1781640104.832247837] [local_fusion_node]: Local Fusion callback triggered.
[detector_node-2] [INFO] [1781640104.931921591] [detector_node]: YOLO_DETECTOR detection elapsed time: 0.0211 seconds
[local_fusion-3] [INFO] [1781640104.932348962] [local_fusion_node]: Local Fusion callback triggered.
[detector_node-2] [INFO] [1781640105.032258625] [detector_node]: YOLO_DETECTOR detection elapsed time: 0.0243 seconds
[local_fusion-3] [INFO] [1781640105.032663973] [local_fusion_node]: Local Fusion callback triggered.
[detector_node-2] [INFO] [1781640105.128180129] [detector_node]: YOLO_DETECTOR detection elapsed time: 0.0205 seconds
[local_fusion-3] [INFO] [1781640105.128607454] [local_fusion_node]: Local Fusion callback triggered.
[detector_node-2] [INFO] [1781640105.232027596] [detector_node]: YOLO_DETECTOR detection elapsed time: 0.0238 seconds
[local_fusion-3] [INFO] [1781640105.232439833] [local_fusion_node]: Local Fusion callback triggered.
[global_fusion-4] [WARN] [1781640105.241830652] [global_fusion_node]: TF transform failed: Lookup would require extrapolation into the future.  Requested time 461.269827 but the latest data is at time 461.263527, when looking up transform from frame [drone0/base_link] to frame [drone0/map]
[global_fusion-4] [WARN] [1781640105.316143652] [global_fusion_node]: TF transform failed: Lookup would require extrapolation into the future.  Requested time 461.370791 but the latest data is at time 461.347966, when looking up transform from frame [drone0/base_link] to frame [drone0/map]
[detector_node-2] [INFO] [1781640105.333259751] [detector_node]: YOLO_DETECTOR detection elapsed time: 0.0247 seconds
[local_fusion-3] [INFO] [1781640105.333645487] [local_fusion_node]: Local Fusion callback triggered.
[global_fusion-4] [WARN] [1781640105.399305768] [global_fusion_node]: TF transform failed: Lookup would require extrapolation into the future.  Requested time 461.469761 but the latest data is at time 461.423522, when looking up transform from frame [drone0/base_link] to frame [drone0/map]
[detector_node-2] [INFO] [1781640105.434872535] [detector_node]: YOLO_DETECTOR detection elapsed time: 0.0244 seconds
[local_fusion-3] [INFO] [1781640105.435224594] [local_fusion_node]: Local Fusion callback triggered.
[global_fusion-4] [WARN] [1781640105.486182309] [global_fusion_node]: TF transform failed: Lookup would require extrapolation into the future.  Requested time 461.569465 but the latest data is at time 461.503600, when looking up transform from frame [drone0/base_link] to frame [drone0/map]
[detector_node-2] [INFO] [1781640105.532916118] [detector_node]: YOLO_DETECTOR detection elapsed time: 0.0238 seconds
[local_fusion-3] [INFO] [1781640105.533350341] [local_fusion_node]: Local Fusion callback triggered.
[global_fusion-4] [WARN] [1781640105.574081014] [global_fusion_node]: TF transform failed: Lookup would require extrapolation into the future.  Requested time 461.670880 but the latest data is at time 461.587806, when looking up transform from frame [drone0/base_link] to frame [drone0/map]
[detector_node-2] [INFO] [1781640105.635889021] [detector_node]: YOLO_DETECTOR detection elapsed time: 0.0247 seconds
[local_fusion-3] [INFO] [1781640105.636332994] [local_fusion_node]: Local Fusion callback triggered.
[global_fusion-4] [WARN] [1781640105.655718409] [global_fusion_node]: TF transform failed: Lookup would require extrapolation into the future.  Requested time 461.770686 but the latest data is at time 461.679037, when looking up transform from frame [drone0/base_link] to frame [drone0/map]
[detector_node-2] [INFO] [1781640105.731465523] [detector_node]: YOLO_DETECTOR detection elapsed time: 0.0242 seconds
[local_fusion-3] [INFO] [1781640105.731888040] [local_fusion_node]: Local Fusion callback triggered.
[global_fusion-4] [WARN] [1781640105.738288759] [global_fusion_node]: TF transform failed: Lookup would require extrapolation into the future.  Requested time 461.869892 but the latest data is at time 461.757700, when looking up transform from frame [drone0/base_link] to frame [drone0/map]
[global_fusion-4] [WARN] [1781640105.809916156] [global_fusion_node]: TF transform failed: Lookup would require extrapolation into the future.  Requested time 461.970899 but the latest data is at time 461.837659, when looking up transform from frame [drone0/base_link] to frame [drone0/map]
[detector_node-2] [INFO] [1781640105.832937486] [detector_node]: YOLO_DETECTOR detection elapsed time: 0.0239 seconds
[local_fusion-3] [INFO] [1781640105.833215938] [local_fusion_node]: Local Fusion callback triggered.
[global_fusion-4] [WARN] [1781640105.894486927] [global_fusion_node]: TF transform failed: Lookup would require extrapolation into the future.  Requested time 462.070713 but the latest data is at time 461.917770, when looking up transform from frame [drone0/base_link] to frame [drone0/map]
[detector_node-2] [INFO] [1781640105.932382894] [detector_node]: YOLO_DETECTOR detection elapsed time: 0.0241 seconds
[local_fusion-3] [INFO] [1781640105.932707086] [local_fusion_node]: Local Fusion callback triggered.
[global_fusion-4] [WARN] [1781640105.989704618] [global_fusion_node]: TF transform failed: Lookup would require extrapolation into the future.  Requested time 462.170041 but the latest data is at time 462.003511, when looking up transform from frame [drone0/base_link] to frame [drone0/map]
[detector_node-2] [INFO] [1781640106.031417729] [detector_node]: YOLO_DETECTOR detection elapsed time: 0.0228 seconds
[local_fusion-3] [INFO] [1781640106.031768604] [local_fusion_node]: Local Fusion callback triggered.
[global_fusion-4] [WARN] [1781640106.076836355] [global_fusion_node]: TF transform failed: Lookup would require extrapolation into the future.  Requested time 462.270889 but the latest data is at time 462.093512, when looking up transform from frame [drone0/base_link] to frame [drone0/map]
[detector_node-2] [INFO] [1781640106.131510705] [detector_node]: YOLO_DETECTOR detection elapsed time: 0.0243 seconds
[local_fusion-3] [INFO] [1781640106.131943352] [local_fusion_node]: Local Fusion callback triggered.
[global_fusion-4] [WARN] [1781640106.163659661] [global_fusion_node]: TF transform failed: Lookup would require extrapolation into the future.  Requested time 462.369518 but the latest data is at time 462.177641, when looking up transform from frame [drone0/base_link] to frame [drone0/map]
[detector_node-2] [INFO] [1781640106.233544254] [detector_node]: YOLO_DETECTOR detection elapsed time: 0.0251 seconds
[local_fusion-3] [INFO] [1781640106.233839837] [local_fusion_node]: Local Fusion callback triggered.
[global_fusion-4] [WARN] [1781640106.250756596] [global_fusion_node]: TF transform failed: Lookup would require extrapolation into the future.  Requested time 462.470666 but the latest data is at time 462.267742, when looking up transform from frame [drone0/base_link] to frame [drone0/map]
[detector_node-2] [INFO] [1781640106.332771161] [detector_node]: YOLO_DETECTOR detection elapsed time: 0.0250 seconds
[local_fusion-3] [INFO] [1781640106.333216421] [local_fusion_node]: Local Fusion callback triggered.
[global_fusion-4] [WARN] [1781640106.336278192] [global_fusion_node]: TF transform failed: Lookup would require extrapolation into the future.  Requested time 462.570026 but the latest data is at time 462.353507, when looking up transform from frame [drone0/base_link] to frame [drone0/map]
[global_fusion-4] [WARN] [1781640106.408997597] [global_fusion_node]: TF transform failed: Lookup would require extrapolation into the future.  Requested time 462.669915 but the latest data is at time 462.444493, when looking up transform from frame [drone0/base_link] to frame [drone0/map]
[detector_node-2] [INFO] [1781640106.429059032] [detector_node]: YOLO_DETECTOR detection elapsed time: 0.0223 seconds
[local_fusion-3] [INFO] [1781640106.429317988] [local_fusion_node]: Local Fusion callback triggered.
[global_fusion-4] [WARN] [1781640106.495064481] [global_fusion_node]: TF transform failed: Lookup would require extrapolation into the future.  Requested time 462.769918 but the latest data is at time 462.523609, when looking up transform from frame [drone0/base_link] to frame [drone0/map]
[detector_node-2] [INFO] [1781640106.530083463] [detector_node]: YOLO_DETECTOR detection elapsed time: 0.0227 seconds
[local_fusion-3] [INFO] [1781640106.530351055] [local_fusion_node]: Local Fusion callback triggered.
[global_fusion-4] [WARN] [1781640106.578365910] [global_fusion_node]: TF transform failed: Lookup would require extrapolation into the future.  Requested time 462.870892 but the latest data is at time 462.597920, when looking up transform from frame [drone0/base_link] to frame [drone0/map]
[detector_node-2] [INFO] [1781640106.634029539] [detector_node]: YOLO_DETECTOR detection elapsed time: 0.0245 seconds
[local_fusion-3] [INFO] [1781640106.634439113] [local_fusion_node]: Local Fusion callback triggered.
[global_fusion-4] [WARN] [1781640106.660751612] [global_fusion_node]: TF transform failed: Lookup would require extrapolation into the future.  Requested time 462.970304 but the latest data is at time 462.683534, when looking up transform from frame [drone0/base_link] to frame [drone0/map]
[detector_node-2] [INFO] [1781640106.728732237] [detector_node]: YOLO_DETECTOR detection elapsed time: 0.0226 seconds
[local_fusion-3] [INFO] [1781640106.729146935] [local_fusion_node]: Local Fusion callback triggered.
[global_fusion-4] [WARN] [1781640106.741563278] [global_fusion_node]: TF transform failed: Lookup would require extrapolation into the future.  Requested time 463.069869 but the latest data is at time 462.763524, when looking up transform from frame [drone0/base_link] to frame [drone0/map]
[global_fusion-4] [WARN] [1781640106.810956927] [global_fusion_node]: TF transform failed: Lookup would require extrapolation into the future.  Requested time 463.169871 but the latest data is at time 462.848307, when looking up transform from frame [drone0/base_link] to frame [drone0/map]
[detector_node-2] [INFO] [1781640106.833024131] [detector_node]: YOLO_DETECTOR detection elapsed time: 0.0235 seconds
[local_fusion-3] [INFO] [1781640106.833439531] [local_fusion_node]: Local Fusion callback triggered.
[global_fusion-4] [WARN] [1781640106.895444245] [global_fusion_node]: TF transform failed: Lookup would require extrapolation into the future.  Requested time 463.270792 but the latest data is at time 462.917792, when looking up transform from frame [drone0/base_link] to frame [drone0/map]
[detector_node-2] [INFO] [1781640106.931002511] [detector_node]: YOLO_DETECTOR detection elapsed time: 0.0220 seconds
[local_fusion-3] [INFO] [1781640106.931306135] [local_fusion_node]: Local Fusion callback triggered.
[global_fusion-4] [WARN] [1781640106.983888227] [global_fusion_node]: TF transform failed: Lookup would require extrapolation into the future.  Requested time 463.369948 but the latest data is at time 462.997612, when looking up transform from frame [drone0/base_link] to frame [drone0/map]
[detector_node-2] [INFO] [1781640107.031893510] [detector_node]: YOLO_DETECTOR detection elapsed time: 0.0228 seconds
[local_fusion-3] [INFO] [1781640107.032476897] [local_fusion_node]: Local Fusion callback triggered.
[global_fusion-4] [WARN] [1781640107.067411262] [global_fusion_node]: TF transform failed: Lookup would require extrapolation into the future.  Requested time 463.469803 but the latest data is at time 463.088175, when looking up transform from frame [drone0/base_link] to frame [drone0/map]
[detector_node-2] [INFO] [1781640107.129666622] [detector_node]: YOLO_DETECTOR detection elapsed time: 0.0217 seconds
[local_fusion-3] [INFO] [1781640107.130035356] [local_fusion_node]: Local Fusion callback triggered.
[global_fusion-4] [WARN] [1781640107.149930333] [global_fusion_node]: TF transform failed: Lookup would require extrapolation into the future.  Requested time 463.569938 but the latest data is at time 463.167866, when looking up transform from frame [drone0/base_link] to frame [drone0/map]
[global_fusion-4] [WARN] [1781640107.226597474] [global_fusion_node]: TF transform failed: Lookup would require extrapolation into the future.  Requested time 463.671049 but the latest data is at time 463.253614, when looking up transform from frame [drone0/base_link] to frame [drone0/map]
[detector_node-2] [INFO] [1781640107.229281109] [detector_node]: YOLO_DETECTOR detection elapsed time: 0.0223 seconds
[local_fusion-3] [INFO] [1781640107.229518645] [local_fusion_node]: Local Fusion callback triggered.
[global_fusion-4] [WARN] [1781640107.304953870] [global_fusion_node]: TF transform failed: Lookup would require extrapolation into the future.  Requested time 463.769924 but the latest data is at time 463.333532, when looking up transform from frame [drone0/base_link] to frame [drone0/map]
[detector_node-2] [INFO] [1781640107.329815715] [detector_node]: YOLO_DETECTOR detection elapsed time: 0.0213 seconds
[local_fusion-3] [INFO] [1781640107.330218107] [local_fusion_node]: Local Fusion callback triggered.
[global_fusion-4] [WARN] [1781640107.394355633] [global_fusion_node]: TF transform failed: Lookup would require extrapolation into the future.  Requested time 463.869978 but the latest data is at time 463.607792, when looking up transform from frame [drone0/base_link] to frame [drone0/map]
[detector_node-2] [INFO] [1781640107.428571657] [detector_node]: YOLO_DETECTOR detection elapsed time: 0.0210 seconds
[local_fusion-3] [INFO] [1781640107.428945701] [local_fusion_node]: Local Fusion callback triggered.
[global_fusion-4] [WARN] [1781640107.486440553] [global_fusion_node]: TF transform failed: Lookup would require extrapolation into the future.  Requested time 463.969844 but the latest data is at time 463.808023, when looking up transform from frame [drone0/base_link] to frame [drone0/map]
[detector_node-2] [INFO] [1781640107.527636526] [detector_node]: YOLO_DETECTOR detection elapsed time: 0.0203 seconds
[local_fusion-3] [INFO] [1781640107.528046367] [local_fusion_node]: Local Fusion callback triggered.
[detector_node-2] [INFO] [1781640107.632998087] [detector_node]: YOLO_DETECTOR detection elapsed time: 0.0242 seconds
[local_fusion-3] [INFO] [1781640107.633431634] [local_fusion_node]: Local Fusion callback triggered.
[detector_node-2] [INFO] [1781640107.734892539] [detector_node]: YOLO_DETECTOR detection elapsed time: 0.0254 seconds
[local_fusion-3] [INFO] [1781640107.735034672] [local_fusion_node]: Local Fusion callback triggered.
[detector_node-2] [INFO] [1781640107.832952267] [detector_node]: YOLO_DETECTOR detection elapsed time: 0.0224 seconds
[local_fusion-3] [INFO] [1781640107.833411143] [local_fusion_node]: Local Fusion callback triggered.
[detector_node-2] [INFO] [1781640107.934415554] [detector_node]: YOLO_DETECTOR detection elapsed time: 0.0245 seconds
[local_fusion-3] [INFO] [1781640107.934867205] [local_fusion_node]: Local Fusion callback triggered.
[detector_node-2] [INFO] [1781640108.030990595] [detector_node]: YOLO_DETECTOR detection elapsed time: 0.0221 seconds
[local_fusion-3] [INFO] [1781640108.031436887] [local_fusion_node]: Local Fusion callback triggered.
[detector_node-2] [INFO] [1781640108.134266763] [detector_node]: YOLO_DETECTOR detection elapsed time: 0.0240 seconds
[local_fusion-3] [INFO] [1781640108.134646585] [local_fusion_node]: Local Fusion callback triggered.
[detector_node-2] [INFO] [1781640108.233389350] [detector_node]: YOLO_DETECTOR detection elapsed time: 0.0242 seconds
[local_fusion-3] [INFO] [1781640108.233552222] [local_fusion_node]: Local Fusion callback triggered.
[detector_node-2] [INFO] [1781640108.334266060] [detector_node]: YOLO_DETECTOR detection elapsed time: 0.0252 seconds
[local_fusion-3] [INFO] [1781640108.334601991] [local_fusion_node]: Local Fusion callback triggered.
[detector_node-2] [INFO] [1781640108.434850095] [detector_node]: YOLO_DETECTOR detection elapsed time: 0.0231 seconds
[local_fusion-3] [INFO] [1781640108.435278944] [local_fusion_node]: Local Fusion callback triggered.
[detector_node-2] [INFO] [1781640108.534520992] [detector_node]: YOLO_DETECTOR detection elapsed time: 0.0227 seconds
[local_fusion-3] [INFO] [1781640108.534899604] [local_fusion_node]: Local Fusion callback triggered.
[detector_node-2] [INFO] [1781640108.633535335] [detector_node]: YOLO_DETECTOR detection elapsed time: 0.0224 seconds
[local_fusion-3] [INFO] [1781640108.633994165] [local_fusion_node]: Local Fusion callback triggered.
[detector_node-2] [INFO] [1781640108.730121229] [detector_node]: YOLO_DETECTOR detection elapsed time: 0.0219 seconds
[local_fusion-3] [INFO] [1781640108.730482019] [local_fusion_node]: Local Fusion callback triggered.
[detector_node-2] [INFO] [1781640108.832090113] [detector_node]: YOLO_DETECTOR detection elapsed time: 0.0219 seconds
[local_fusion-3] [INFO] [1781640108.832445620] [local_fusion_node]: Local Fusion callback triggered.
[detector_node-2] [INFO] [1781640108.930241889] [detector_node]: YOLO_DETECTOR detection elapsed time: 0.0219 seconds
[local_fusion-3] [INFO] [1781640108.930479855] [local_fusion_node]: Local Fusion callback triggered.
[detector_node-2] [INFO] [1781640109.028975030] [detector_node]: YOLO_DETECTOR detection elapsed time: 0.0210 seconds
[local_fusion-3] [INFO] [1781640109.029356611] [local_fusion_node]: Local Fusion callback triggered.
[detector_node-2] [INFO] [1781640109.129964849] [detector_node]: YOLO_DETECTOR detection elapsed time: 0.0211 seconds
[local_fusion-3] [INFO] [1781640109.130383845] [local_fusion_node]: Local Fusion callback triggered.
[detector_node-2] [INFO] [1781640109.244247670] [detector_node]: YOLO_DETECTOR detection elapsed time: 0.0253 seconds
[local_fusion-3] [INFO] [1781640109.244501447] [local_fusion_node]: Local Fusion callback triggered.
[detector_node-2] [INFO] [1781640109.333828753] [detector_node]: YOLO_DETECTOR detection elapsed time: 0.0234 seconds
[local_fusion-3] [INFO] [1781640109.334158735] [local_fusion_node]: Local Fusion callback triggered.
[detector_node-2] [INFO] [1781640109.431499819] [detector_node]: YOLO_DETECTOR detection elapsed time: 0.0233 seconds
[local_fusion-3] [INFO] [1781640109.431912411] [local_fusion_node]: Local Fusion callback triggered.
[detector_node-2] [INFO] [1781640109.535428433] [detector_node]: YOLO_DETECTOR detection elapsed time: 0.0239 seconds
[local_fusion-3] [INFO] [1781640109.535801561] [local_fusion_node]: Local Fusion callback triggered.
[detector_node-2] [INFO] [1781640109.635474565] [detector_node]: YOLO_DETECTOR detection elapsed time: 0.0248 seconds
[local_fusion-3] [INFO] [1781640109.635847579] [local_fusion_node]: Local Fusion callback triggered.
[detector_node-2] [INFO] [1781640109.733319931] [detector_node]: YOLO_DETECTOR detection elapsed time: 0.0244 seconds
[local_fusion-3] [INFO] [1781640109.733835029] [local_fusion_node]: Local Fusion callback triggered.
[detector_node-2] [INFO] [1781640109.833175149] [detector_node]: YOLO_DETECTOR detection elapsed time: 0.0238 seconds
[local_fusion-3] [INFO] [1781640109.833556363] [local_fusion_node]: Local Fusion callback triggered.
[detector_node-2] [INFO] [1781640109.936748680] [detector_node]: YOLO_DETECTOR detection elapsed time: 0.0204 seconds
[local_fusion-3] [INFO] [1781640109.937126400] [local_fusion_node]: Local Fusion callback triggered.
[detector_node-2] [INFO] [1781640110.036693361] [detector_node]: YOLO_DETECTOR detection elapsed time: 0.0222 seconds
[local_fusion-3] [INFO] [1781640110.037108177] [local_fusion_node]: Local Fusion callback triggered.
[detector_node-2] [INFO] [1781640110.132654024] [detector_node]: YOLO_DETECTOR detection elapsed time: 0.0229 seconds
[local_fusion-3] [INFO] [1781640110.133090820] [local_fusion_node]: Local Fusion callback triggered.
[detector_node-2] [INFO] [1781640110.238820981] [detector_node]: YOLO_DETECTOR detection elapsed time: 0.0261 seconds
[local_fusion-3] [INFO] [1781640110.239309169] [local_fusion_node]: Local Fusion callback triggered.
[detector_node-2] [INFO] [1781640110.336066400] [detector_node]: YOLO_DETECTOR detection elapsed time: 0.0247 seconds
[local_fusion-3] [INFO] [1781640110.336509578] [local_fusion_node]: Local Fusion callback triggered.
[detector_node-2] [INFO] [1781640110.433615899] [detector_node]: YOLO_DETECTOR detection elapsed time: 0.0250 seconds
[local_fusion-3] [INFO] [1781640110.434188683] [local_fusion_node]: Local Fusion callback triggered.
[detector_node-2] [INFO] [1781640110.537491257] [detector_node]: YOLO_DETECTOR detection elapsed time: 0.0241 seconds
[local_fusion-3] [INFO] [1781640110.537996757] [local_fusion_node]: Local Fusion callback triggered.
[detector_node-2] [INFO] [1781640110.637285994] [detector_node]: YOLO_DETECTOR detection elapsed time: 0.0275 seconds
[local_fusion-3] [INFO] [1781640110.637681547] [local_fusion_node]: Local Fusion callback triggered.
[detector_node-2] [INFO] [1781640110.738136718] [detector_node]: YOLO_DETECTOR detection elapsed time: 0.0265 seconds
[local_fusion-3] [INFO] [1781640110.738536670] [local_fusion_node]: Local Fusion callback triggered.
[detector_node-2] [INFO] [1781640110.837040042] [detector_node]: YOLO_DETECTOR detection elapsed time: 0.0254 seconds
[local_fusion-3] [INFO] [1781640110.837644829] [local_fusion_node]: Local Fusion callback triggered.
[detector_node-2] [INFO] [1781640110.933106977] [detector_node]: YOLO_DETECTOR detection elapsed time: 0.0243 seconds
[local_fusion-3] [INFO] [1781640110.933530077] [local_fusion_node]: Local Fusion callback triggered.
[detector_node-2] [INFO] [1781640111.031808376] [detector_node]: YOLO_DETECTOR detection elapsed time: 0.0217 seconds
[local_fusion-3] [INFO] [1781640111.032259219] [local_fusion_node]: Local Fusion callback triggered.
[detector_node-2] [INFO] [1781640111.136703174] [detector_node]: YOLO_DETECTOR detection elapsed time: 0.0208 seconds
[local_fusion-3] [INFO] [1781640111.137111589] [local_fusion_node]: Local Fusion callback triggered.
[detector_node-2] [INFO] [1781640111.228490890] [detector_node]: YOLO_DETECTOR detection elapsed time: 0.0210 seconds
[local_fusion-3] [INFO] [1781640111.228864351] [local_fusion_node]: Local Fusion callback triggered.
[detector_node-2] [INFO] [1781640111.338126777] [detector_node]: YOLO_DETECTOR detection elapsed time: 0.0245 seconds
[local_fusion-3] [INFO] [1781640111.338511499] [local_fusion_node]: Local Fusion callback triggered.
[detector_node-2] [INFO] [1781640111.429667271] [detector_node]: YOLO_DETECTOR detection elapsed time: 0.0239 seconds
[local_fusion-3] [INFO] [1781640111.430040449] [local_fusion_node]: Local Fusion callback triggered.
[detector_node-2] [INFO] [1781640111.532536635] [detector_node]: YOLO_DETECTOR detection elapsed time: 0.0208 seconds
[local_fusion-3] [INFO] [1781640111.532880605] [local_fusion_node]: Local Fusion callback triggered.
[detector_node-2] [INFO] [1781640111.631637941] [detector_node]: YOLO_DETECTOR detection elapsed time: 0.0209 seconds
[local_fusion-3] [INFO] [1781640111.632034041] [local_fusion_node]: Local Fusion callback triggered.
[detector_node-2] [INFO] [1781640111.731159857] [detector_node]: YOLO_DETECTOR detection elapsed time: 0.0209 seconds
[local_fusion-3] [INFO] [1781640111.731569846] [local_fusion_node]: Local Fusion callback triggered.
[detector_node-2] [INFO] [1781640111.833761279] [detector_node]: YOLO_DETECTOR detection elapsed time: 0.0209 seconds
[local_fusion-3] [INFO] [1781640111.834089873] [local_fusion_node]: Local Fusion callback triggered.
[detector_node-2] [INFO] [1781640111.935060666] [detector_node]: YOLO_DETECTOR detection elapsed time: 0.0219 seconds
[local_fusion-3] [INFO] [1781640111.935481517] [local_fusion_node]: Local Fusion callback triggered.
[detector_node-2] [INFO] [1781640112.033411941] [detector_node]: YOLO_DETECTOR detection elapsed time: 0.0219 seconds
[local_fusion-3] [INFO] [1781640112.033865268] [local_fusion_node]: Local Fusion callback triggered.
[detector_node-2] [INFO] [1781640112.129802568] [detector_node]: YOLO_DETECTOR detection elapsed time: 0.0214 seconds
[local_fusion-3] [INFO] [1781640112.130053053] [local_fusion_node]: Local Fusion callback triggered.
[detector_node-2] [INFO] [1781640112.232996511] [detector_node]: YOLO_DETECTOR detection elapsed time: 0.0228 seconds
[local_fusion-3] [INFO] [1781640112.233295940] [local_fusion_node]: Local Fusion callback triggered.
[detector_node-2] [INFO] [1781640112.335359801] [detector_node]: YOLO_DETECTOR detection elapsed time: 0.0228 seconds
[local_fusion-3] [INFO] [1781640112.335715002] [local_fusion_node]: Local Fusion callback triggered.
[detector_node-2] [INFO] [1781640112.432623525] [detector_node]: YOLO_DETECTOR detection elapsed time: 0.0224 seconds
[local_fusion-3] [INFO] [1781640112.432972263] [local_fusion_node]: Local Fusion callback triggered.
[detector_node-2] [INFO] [1781640112.533678007] [detector_node]: YOLO_DETECTOR detection elapsed time: 0.0228 seconds
[local_fusion-3] [INFO] [1781640112.533756357] [local_fusion_node]: Local Fusion callback triggered.
[detector_node-2] [INFO] [1781640112.633834453] [detector_node]: YOLO_DETECTOR detection elapsed time: 0.0222 seconds
[local_fusion-3] [INFO] [1781640112.634253112] [local_fusion_node]: Local Fusion callback triggered.
[detector_node-2] [INFO] [1781640112.733703374] [detector_node]: YOLO_DETECTOR detection elapsed time: 0.0222 seconds
[local_fusion-3] [INFO] [1781640112.733956416] [local_fusion_node]: Local Fusion callback triggered.
[detector_node-2] [INFO] [1781640112.836015600] [detector_node]: YOLO_DETECTOR detection elapsed time: 0.0263 seconds
[local_fusion-3] [INFO] [1781640112.836456860] [local_fusion_node]: Local Fusion callback triggered.
[detector_node-2] [INFO] [1781640112.934457962] [detector_node]: YOLO_DETECTOR detection elapsed time: 0.0220 seconds
[local_fusion-3] [INFO] [1781640112.934813389] [local_fusion_node]: Local Fusion callback triggered.
[detector_node-2] [INFO] [1781640113.032976137] [detector_node]: YOLO_DETECTOR detection elapsed time: 0.0241 seconds
[local_fusion-3] [INFO] [1781640113.033402699] [local_fusion_node]: Local Fusion callback triggered.
[detector_node-2] [INFO] [1781640113.133870940] [detector_node]: YOLO_DETECTOR detection elapsed time: 0.0231 seconds
[local_fusion-3] [INFO] [1781640113.134252488] [local_fusion_node]: Local Fusion callback triggered.
[detector_node-2] [INFO] [1781640113.232393327] [detector_node]: YOLO_DETECTOR detection elapsed time: 0.0211 seconds
[local_fusion-3] [INFO] [1781640113.232795869] [local_fusion_node]: Local Fusion callback triggered.
[detector_node-2] [INFO] [1781640113.333581015] [detector_node]: YOLO_DETECTOR detection elapsed time: 0.0215 seconds
[local_fusion-3] [INFO] [1781640113.333840210] [local_fusion_node]: Local Fusion callback triggered.
[detector_node-2] [INFO] [1781640113.431527171] [detector_node]: YOLO_DETECTOR detection elapsed time: 0.0223 seconds
[local_fusion-3] [INFO] [1781640113.431949961] [local_fusion_node]: Local Fusion callback triggered.
[detector_node-2] [INFO] [1781640113.539323000] [detector_node]: YOLO_DETECTOR detection elapsed time: 0.0228 seconds
[local_fusion-3] [INFO] [1781640113.539667064] [local_fusion_node]: Local Fusion callback triggered.
[detector_node-2] [INFO] [1781640113.635731396] [detector_node]: YOLO_DETECTOR detection elapsed time: 0.0234 seconds
[local_fusion-3] [INFO] [1781640113.636116074] [local_fusion_node]: Local Fusion callback triggered.
[detector_node-2] [INFO] [1781640113.731961588] [detector_node]: YOLO_DETECTOR detection elapsed time: 0.0215 seconds
[local_fusion-3] [INFO] [1781640113.732338618] [local_fusion_node]: Local Fusion callback triggered.
[detector_node-2] [INFO] [1781640113.834060741] [detector_node]: YOLO_DETECTOR detection elapsed time: 0.0225 seconds
[local_fusion-3] [INFO] [1781640113.834314694] [local_fusion_node]: Local Fusion callback triggered.
[detector_node-2] [INFO] [1781640113.932200942] [detector_node]: YOLO_DETECTOR detection elapsed time: 0.0204 seconds
[local_fusion-3] [INFO] [1781640113.932576757] [local_fusion_node]: Local Fusion callback triggered.
[detector_node-2] [INFO] [1781640114.034226979] [detector_node]: YOLO_DETECTOR detection elapsed time: 0.0219 seconds
[local_fusion-3] [INFO] [1781640114.034657807] [local_fusion_node]: Local Fusion callback triggered.
[detector_node-2] [INFO] [1781640114.135011854] [detector_node]: YOLO_DETECTOR detection elapsed time: 0.0221 seconds
[local_fusion-3] [INFO] [1781640114.135415042] [local_fusion_node]: Local Fusion callback triggered.
[detector_node-2] [INFO] [1781640114.233142750] [detector_node]: YOLO_DETECTOR detection elapsed time: 0.0228 seconds
[local_fusion-3] [INFO] [1781640114.233421188] [local_fusion_node]: Local Fusion callback triggered.
[detector_node-2] [INFO] [1781640114.333102300] [detector_node]: YOLO_DETECTOR detection elapsed time: 0.0229 seconds
[local_fusion-3] [INFO] [1781640114.333440374] [local_fusion_node]: Local Fusion callback triggered.
[detector_node-2] [INFO] [1781640114.429380928] [detector_node]: YOLO_DETECTOR detection elapsed time: 0.0197 seconds
[local_fusion-3] [INFO] [1781640114.429745762] [local_fusion_node]: Local Fusion callback triggered.
[detector_node-2] [INFO] [1781640114.530381856] [detector_node]: YOLO_DETECTOR detection elapsed time: 0.0215 seconds
[local_fusion-3] [INFO] [1781640114.530811948] [local_fusion_node]: Local Fusion callback triggered.
[detector_node-2] [INFO] [1781640114.633649244] [detector_node]: YOLO_DETECTOR detection elapsed time: 0.0250 seconds
[local_fusion-3] [INFO] [1781640114.633859642] [local_fusion_node]: Local Fusion callback triggered.
[detector_node-2] [INFO] [1781640114.735138806] [detector_node]: YOLO_DETECTOR detection elapsed time: 0.0209 seconds
[local_fusion-3] [INFO] [1781640114.735486913] [local_fusion_node]: Local Fusion callback triggered.
[detector_node-2] [INFO] [1781640114.838512470] [detector_node]: YOLO_DETECTOR detection elapsed time: 0.0281 seconds
[local_fusion-3] [INFO] [1781640114.838793807] [local_fusion_node]: Local Fusion callback triggered.
[detector_node-2] [INFO] [1781640114.936931127] [detector_node]: YOLO_DETECTOR detection elapsed time: 0.0254 seconds
[local_fusion-3] [INFO] [1781640114.937302588] [local_fusion_node]: Local Fusion callback triggered.
[detector_node-2] [INFO] [1781640115.036937973] [detector_node]: YOLO_DETECTOR detection elapsed time: 0.0245 seconds
[local_fusion-3] [INFO] [1781640115.037316867] [local_fusion_node]: Local Fusion callback triggered.
[detector_node-2] [INFO] [1781640115.134406761] [detector_node]: YOLO_DETECTOR detection elapsed time: 0.0225 seconds
[local_fusion-3] [INFO] [1781640115.134798271] [local_fusion_node]: Local Fusion callback triggered.
[detector_node-2] [INFO] [1781640115.230975683] [detector_node]: YOLO_DETECTOR detection elapsed time: 0.0226 seconds
[local_fusion-3] [INFO] [1781640115.231328868] [local_fusion_node]: Local Fusion callback triggered.
[detector_node-2] [INFO] [1781640115.339495152] [detector_node]: YOLO_DETECTOR detection elapsed time: 0.0296 seconds
[local_fusion-3] [INFO] [1781640115.339849559] [local_fusion_node]: Local Fusion callback triggered.
[detector_node-2] [INFO] [1781640115.440281847] [detector_node]: YOLO_DETECTOR detection elapsed time: 0.0279 seconds
[local_fusion-3] [INFO] [1781640115.440677809] [local_fusion_node]: Local Fusion callback triggered.
[detector_node-2] [INFO] [1781640115.534160062] [detector_node]: YOLO_DETECTOR detection elapsed time: 0.0236 seconds
[local_fusion-3] [INFO] [1781640115.534587888] [local_fusion_node]: Local Fusion callback triggered.
[detector_node-2] [INFO] [1781640115.632481760] [detector_node]: YOLO_DETECTOR detection elapsed time: 0.0220 seconds
[local_fusion-3] [INFO] [1781640115.633042118] [local_fusion_node]: Local Fusion callback triggered.
[detector_node-2] [INFO] [1781640115.735828087] [detector_node]: YOLO_DETECTOR detection elapsed time: 0.0211 seconds
[local_fusion-3] [INFO] [1781640115.736434291] [local_fusion_node]: Local Fusion callback triggered.
[detector_node-2] [INFO] [1781640115.833926184] [detector_node]: YOLO_DETECTOR detection elapsed time: 0.0248 seconds
[local_fusion-3] [INFO] [1781640115.834454481] [local_fusion_node]: Local Fusion callback triggered.
[detector_node-2] [INFO] [1781640115.929085023] [detector_node]: YOLO_DETECTOR detection elapsed time: 0.0215 seconds
[local_fusion-3] [INFO] [1781640115.929486337] [local_fusion_node]: Local Fusion callback triggered.
[detector_node-2] [INFO] [1781640116.034584702] [detector_node]: YOLO_DETECTOR detection elapsed time: 0.0244 seconds
[local_fusion-3] [INFO] [1781640116.034982076] [local_fusion_node]: Local Fusion callback triggered.
[detector_node-2] [INFO] [1781640116.134527969] [detector_node]: YOLO_DETECTOR detection elapsed time: 0.0243 seconds
[local_fusion-3] [INFO] [1781640116.134845509] [local_fusion_node]: Local Fusion callback triggered.
[detector_node-2] [INFO] [1781640116.233615199] [detector_node]: YOLO_DETECTOR detection elapsed time: 0.0246 seconds
[local_fusion-3] [INFO] [1781640116.233803032] [local_fusion_node]: Local Fusion callback triggered.
[detector_node-2] [INFO] [1781640116.331623100] [detector_node]: YOLO_DETECTOR detection elapsed time: 0.0230 seconds
[local_fusion-3] [INFO] [1781640116.332021150] [local_fusion_node]: Local Fusion callback triggered.
[detector_node-2] [INFO] [1781640116.430889065] [detector_node]: YOLO_DETECTOR detection elapsed time: 0.0215 seconds
[local_fusion-3] [INFO] [1781640116.431153943] [local_fusion_node]: Local Fusion callback triggered.
[detector_node-2] [INFO] [1781640116.529768392] [detector_node]: YOLO_DETECTOR detection elapsed time: 0.0213 seconds
[local_fusion-3] [INFO] [1781640116.530188030] [local_fusion_node]: Local Fusion callback triggered.
[detector_node-2] [INFO] [1781640116.633011192] [detector_node]: YOLO_DETECTOR detection elapsed time: 0.0218 seconds
[local_fusion-3] [INFO] [1781640116.633366724] [local_fusion_node]: Local Fusion callback triggered.
[detector_node-2] [INFO] [1781640116.731522391] [detector_node]: YOLO_DETECTOR detection elapsed time: 0.0242 seconds
[local_fusion-3] [INFO] [1781640116.731873954] [local_fusion_node]: Local Fusion callback triggered.
[detector_node-2] [INFO] [1781640116.838529345] [detector_node]: YOLO_DETECTOR detection elapsed time: 0.0226 seconds
[local_fusion-3] [INFO] [1781640116.838879137] [local_fusion_node]: Local Fusion callback triggered.
[detector_node-2] [INFO] [1781640116.931860735] [detector_node]: YOLO_DETECTOR detection elapsed time: 0.0230 seconds
[local_fusion-3] [INFO] [1781640116.932206107] [local_fusion_node]: Local Fusion callback triggered.
[detector_node-2] [INFO] [1781640117.032850413] [detector_node]: YOLO_DETECTOR detection elapsed time: 0.0251 seconds
[local_fusion-3] [INFO] [1781640117.033273324] [local_fusion_node]: Local Fusion callback triggered.
[detector_node-2] [INFO] [1781640117.132572262] [detector_node]: YOLO_DETECTOR detection elapsed time: 0.0243 seconds
[local_fusion-3] [INFO] [1781640117.132998997] [local_fusion_node]: Local Fusion callback triggered.
[detector_node-2] [INFO] [1781640117.230941988] [detector_node]: YOLO_DETECTOR detection elapsed time: 0.0232 seconds
[local_fusion-3] [INFO] [1781640117.231340431] [local_fusion_node]: Local Fusion callback triggered.
[detector_node-2] [INFO] [1781640117.330140893] [detector_node]: YOLO_DETECTOR detection elapsed time: 0.0211 seconds
[local_fusion-3] [INFO] [1781640117.330508287] [local_fusion_node]: Local Fusion callback triggered.
[detector_node-2] [INFO] [1781640117.433078144] [detector_node]: YOLO_DETECTOR detection elapsed time: 0.0233 seconds
[local_fusion-3] [INFO] [1781640117.433321693] [local_fusion_node]: Local Fusion callback triggered.
[detector_node-2] [INFO] [1781640117.531777063] [detector_node]: YOLO_DETECTOR detection elapsed time: 0.0232 seconds
[local_fusion-3] [INFO] [1781640117.532196566] [local_fusion_node]: Local Fusion callback triggered.
[detector_node-2] [INFO] [1781640117.629389900] [detector_node]: YOLO_DETECTOR detection elapsed time: 0.0205 seconds
[local_fusion-3] [INFO] [1781640117.629766826] [local_fusion_node]: Local Fusion callback triggered.
[detector_node-2] [INFO] [1781640117.731535684] [detector_node]: YOLO_DETECTOR detection elapsed time: 0.0216 seconds
[local_fusion-3] [INFO] [1781640117.731948791] [local_fusion_node]: Local Fusion callback triggered.
[detector_node-2] [INFO] [1781640117.833255716] [detector_node]: YOLO_DETECTOR detection elapsed time: 0.0245 seconds
[local_fusion-3] [INFO] [1781640117.833653387] [local_fusion_node]: Local Fusion callback triggered.
[detector_node-2] [INFO] [1781640117.932095589] [detector_node]: YOLO_DETECTOR detection elapsed time: 0.0222 seconds
[local_fusion-3] [INFO] [1781640117.932374238] [local_fusion_node]: Local Fusion callback triggered.
[detector_node-2] [INFO] [1781640118.032448437] [detector_node]: YOLO_DETECTOR detection elapsed time: 0.0232 seconds
[local_fusion-3] [INFO] [1781640118.032831011] [local_fusion_node]: Local Fusion callback triggered.
[detector_node-2] [INFO] [1781640118.136384916] [detector_node]: YOLO_DETECTOR detection elapsed time: 0.0269 seconds
[local_fusion-3] [INFO] [1781640118.136810647] [local_fusion_node]: Local Fusion callback triggered.
[detector_node-2] [INFO] [1781640118.238697229] [detector_node]: YOLO_DETECTOR detection elapsed time: 0.0289 seconds
[local_fusion-3] [INFO] [1781640118.239105340] [local_fusion_node]: Local Fusion callback triggered.
[detector_node-2] [INFO] [1781640118.332377961] [detector_node]: YOLO_DETECTOR detection elapsed time: 0.0238 seconds
[local_fusion-3] [INFO] [1781640118.332763166] [local_fusion_node]: Local Fusion callback triggered.
[detector_node-2] [INFO] [1781640118.431238853] [detector_node]: YOLO_DETECTOR detection elapsed time: 0.0233 seconds
[local_fusion-3] [INFO] [1781640118.431647316] [local_fusion_node]: Local Fusion callback triggered.
[detector_node-2] [INFO] [1781640118.530981252] [detector_node]: YOLO_DETECTOR detection elapsed time: 0.0219 seconds
[local_fusion-3] [INFO] [1781640118.531279820] [local_fusion_node]: Local Fusion callback triggered.
[detector_node-2] [INFO] [1781640118.641732875] [detector_node]: YOLO_DETECTOR detection elapsed time: 0.0303 seconds
[local_fusion-3] [INFO] [1781640118.642141477] [local_fusion_node]: Local Fusion callback triggered.
[detector_node-2] [INFO] [1781640118.738335286] [detector_node]: YOLO_DETECTOR detection elapsed time: 0.0290 seconds
[local_fusion-3] [INFO] [1781640118.738713456] [local_fusion_node]: Local Fusion callback triggered.
[detector_node-2] [INFO] [1781640118.838798918] [detector_node]: YOLO_DETECTOR detection elapsed time: 0.0269 seconds
[local_fusion-3] [INFO] [1781640118.839114906] [local_fusion_node]: Local Fusion callback triggered.
[detector_node-2] [INFO] [1781640118.934335079] [detector_node]: YOLO_DETECTOR detection elapsed time: 0.0248 seconds
[local_fusion-3] [INFO] [1781640118.934723256] [local_fusion_node]: Local Fusion callback triggered.
[detector_node-2] [INFO] [1781640119.035418801] [detector_node]: YOLO_DETECTOR detection elapsed time: 0.0233 seconds
[local_fusion-3] [INFO] [1781640119.035737648] [local_fusion_node]: Local Fusion callback triggered.
[detector_node-2] [INFO] [1781640119.133234751] [detector_node]: YOLO_DETECTOR detection elapsed time: 0.0226 seconds
[local_fusion-3] [INFO] [1781640119.133538919] [local_fusion_node]: Local Fusion callback triggered.
[detector_node-2] [INFO] [1781640119.233391158] [detector_node]: YOLO_DETECTOR detection elapsed time: 0.0238 seconds
[local_fusion-3] [INFO] [1781640119.233818151] [local_fusion_node]: Local Fusion callback triggered.
[detector_node-2] [INFO] [1781640119.335042819] [detector_node]: YOLO_DETECTOR detection elapsed time: 0.0273 seconds
[local_fusion-3] [INFO] [1781640119.335456488] [local_fusion_node]: Local Fusion callback triggered.
[detector_node-2] [INFO] [1781640119.433927638] [detector_node]: YOLO_DETECTOR detection elapsed time: 0.0216 seconds
[local_fusion-3] [INFO] [1781640119.434212062] [local_fusion_node]: Local Fusion callback triggered.
[detector_node-2] [INFO] [1781640119.535802728] [detector_node]: YOLO_DETECTOR detection elapsed time: 0.0221 seconds
[local_fusion-3] [INFO] [1781640119.536060394] [local_fusion_node]: Local Fusion callback triggered.
[detector_node-2] [INFO] [1781640119.638545564] [detector_node]: YOLO_DETECTOR detection elapsed time: 0.0207 seconds
[local_fusion-3] [INFO] [1781640119.638882682] [local_fusion_node]: Local Fusion callback triggered.
[detector_node-2] [INFO] [1781640119.736633339] [detector_node]: YOLO_DETECTOR detection elapsed time: 0.0218 seconds
[local_fusion-3] [INFO] [1781640119.737069181] [local_fusion_node]: Local Fusion callback triggered.
[detector_node-2] [INFO] [1781640119.837687254] [detector_node]: YOLO_DETECTOR detection elapsed time: 0.0195 seconds
[local_fusion-3] [INFO] [1781640119.838002695] [local_fusion_node]: Local Fusion callback triggered.
[detector_node-2] [INFO] [1781640119.936225599] [detector_node]: YOLO_DETECTOR detection elapsed time: 0.0213 seconds
[local_fusion-3] [INFO] [1781640119.936573017] [local_fusion_node]: Local Fusion callback triggered.
[detector_node-2] [INFO] [1781640120.039892633] [detector_node]: YOLO_DETECTOR detection elapsed time: 0.0214 seconds
[local_fusion-3] [INFO] [1781640120.040164802] [local_fusion_node]: Local Fusion callback triggered.
[detector_node-2] [INFO] [1781640120.140211557] [detector_node]: YOLO_DETECTOR detection elapsed time: 0.0205 seconds
[local_fusion-3] [INFO] [1781640120.140566099] [local_fusion_node]: Local Fusion callback triggered.
[detector_node-2] [INFO] [1781640120.237642978] [detector_node]: YOLO_DETECTOR detection elapsed time: 0.0204 seconds
[local_fusion-3] [INFO] [1781640120.238023183] [local_fusion_node]: Local Fusion callback triggered.
[detector_node-2] [INFO] [1781640120.342583667] [detector_node]: YOLO_DETECTOR detection elapsed time: 0.0214 seconds
[local_fusion-3] [INFO] [1781640120.342861807] [local_fusion_node]: Local Fusion callback triggered.
[detector_node-2] [INFO] [1781640120.440475841] [detector_node]: YOLO_DETECTOR detection elapsed time: 0.0205 seconds
[local_fusion-3] [INFO] [1781640120.440807374] [local_fusion_node]: Local Fusion callback triggered.
[detector_node-2] [INFO] [1781640120.541749472] [detector_node]: YOLO_DETECTOR detection elapsed time: 0.0210 seconds
[local_fusion-3] [INFO] [1781640120.542161958] [local_fusion_node]: Local Fusion callback triggered.
[detector_node-2] [INFO] [1781640120.638281819] [detector_node]: YOLO_DETECTOR detection elapsed time: 0.0210 seconds
[local_fusion-3] [INFO] [1781640120.638674427] [local_fusion_node]: Local Fusion callback triggered.
[detector_node-2] [INFO] [1781640120.739705782] [detector_node]: YOLO_DETECTOR detection elapsed time: 0.0211 seconds
[local_fusion-3] [INFO] [1781640120.740082197] [local_fusion_node]: Local Fusion callback triggered.
[detector_node-2] [INFO] [1781640120.837454904] [detector_node]: YOLO_DETECTOR detection elapsed time: 0.0201 seconds
[local_fusion-3] [INFO] [1781640120.837792490] [local_fusion_node]: Local Fusion callback triggered.
[detector_node-2] [INFO] [1781640120.942402160] [detector_node]: YOLO_DETECTOR detection elapsed time: 0.0202 seconds
[local_fusion-3] [INFO] [1781640120.942779329] [local_fusion_node]: Local Fusion callback triggered.
[detector_node-2] [INFO] [1781640121.041916582] [detector_node]: YOLO_DETECTOR detection elapsed time: 0.0213 seconds
[local_fusion-3] [INFO] [1781640121.042272046] [local_fusion_node]: Local Fusion callback triggered.
[detector_node-2] [INFO] [1781640121.139743722] [detector_node]: YOLO_DETECTOR detection elapsed time: 0.0223 seconds
[local_fusion-3] [INFO] [1781640121.140128605] [local_fusion_node]: Local Fusion callback triggered.
[detector_node-2] [INFO] [1781640121.243103553] [detector_node]: YOLO_DETECTOR detection elapsed time: 0.0220 seconds
[local_fusion-3] [INFO] [1781640121.243420394] [local_fusion_node]: Local Fusion callback triggered.
[detector_node-2] [INFO] [1781640121.337671810] [detector_node]: YOLO_DETECTOR detection elapsed time: 0.0221 seconds
[local_fusion-3] [INFO] [1781640121.337971235] [local_fusion_node]: Local Fusion callback triggered.
[detector_node-2] [INFO] [1781640121.443578722] [detector_node]: YOLO_DETECTOR detection elapsed time: 0.0220 seconds
[local_fusion-3] [INFO] [1781640121.443843218] [local_fusion_node]: Local Fusion callback triggered.
[detector_node-2] [INFO] [1781640121.537156042] [detector_node]: YOLO_DETECTOR detection elapsed time: 0.0202 seconds
[local_fusion-3] [INFO] [1781640121.537538070] [local_fusion_node]: Local Fusion callback triggered.
[detector_node-2] [INFO] [1781640121.638567455] [detector_node]: YOLO_DETECTOR detection elapsed time: 0.0207 seconds
[local_fusion-3] [INFO] [1781640121.638773063] [local_fusion_node]: Local Fusion callback triggered.
[detector_node-2] [INFO] [1781640121.738735991] [detector_node]: YOLO_DETECTOR detection elapsed time: 0.0210 seconds
[local_fusion-3] [INFO] [1781640121.739164075] [local_fusion_node]: Local Fusion callback triggered.
[detector_node-2] [INFO] [1781640121.841065665] [detector_node]: YOLO_DETECTOR detection elapsed time: 0.0212 seconds
[local_fusion-3] [INFO] [1781640121.841439399] [local_fusion_node]: Local Fusion callback triggered.
[detector_node-2] [INFO] [1781640121.941537420] [detector_node]: YOLO_DETECTOR detection elapsed time: 0.0222 seconds
[local_fusion-3] [INFO] [1781640121.941848655] [local_fusion_node]: Local Fusion callback triggered.
[detector_node-2] [INFO] [1781640122.043033699] [detector_node]: YOLO_DETECTOR detection elapsed time: 0.0216 seconds
[local_fusion-3] [INFO] [1781640122.043374108] [local_fusion_node]: Local Fusion callback triggered.
[detector_node-2] [INFO] [1781640122.144542090] [detector_node]: YOLO_DETECTOR detection elapsed time: 0.0210 seconds
[local_fusion-3] [INFO] [1781640122.144744490] [local_fusion_node]: Local Fusion callback triggered.
[detector_node-2] [INFO] [1781640122.237745724] [detector_node]: YOLO_DETECTOR detection elapsed time: 0.0209 seconds
[local_fusion-3] [INFO] [1781640122.238044670] [local_fusion_node]: Local Fusion callback triggered.
[detector_node-2] [INFO] [1781640122.341128104] [detector_node]: YOLO_DETECTOR detection elapsed time: 0.0247 seconds
[local_fusion-3] [INFO] [1781640122.341536755] [local_fusion_node]: Local Fusion callback triggered.
[detector_node-2] [INFO] [1781640122.440742689] [detector_node]: YOLO_DETECTOR detection elapsed time: 0.0220 seconds
[local_fusion-3] [INFO] [1781640122.441105785] [local_fusion_node]: Local Fusion callback triggered.
[detector_node-2] [INFO] [1781640122.541374039] [detector_node]: YOLO_DETECTOR detection elapsed time: 0.0223 seconds
[local_fusion-3] [INFO] [1781640122.541786143] [local_fusion_node]: Local Fusion callback triggered.
[detector_node-2] [INFO] [1781640122.635836254] [detector_node]: YOLO_DETECTOR detection elapsed time: 0.0204 seconds
[local_fusion-3] [INFO] [1781640122.636199669] [local_fusion_node]: Local Fusion callback triggered.
[detector_node-2] [INFO] [1781640122.736815487] [detector_node]: YOLO_DETECTOR detection elapsed time: 0.0199 seconds
[local_fusion-3] [INFO] [1781640122.737273458] [local_fusion_node]: Local Fusion callback triggered.
[detector_node-2] [INFO] [1781640122.837624669] [detector_node]: YOLO_DETECTOR detection elapsed time: 0.0211 seconds
[local_fusion-3] [INFO] [1781640122.837993418] [local_fusion_node]: Local Fusion callback triggered.
[detector_node-2] [INFO] [1781640122.937299997] [detector_node]: YOLO_DETECTOR detection elapsed time: 0.0202 seconds
[local_fusion-3] [INFO] [1781640122.937677910] [local_fusion_node]: Local Fusion callback triggered.
[detector_node-2] [INFO] [1781640123.038697079] [detector_node]: YOLO_DETECTOR detection elapsed time: 0.0212 seconds
[local_fusion-3] [INFO] [1781640123.039077812] [local_fusion_node]: Local Fusion callback triggered.
[detector_node-2] [INFO] [1781640123.136547063] [detector_node]: YOLO_DETECTOR detection elapsed time: 0.0209 seconds
[local_fusion-3] [INFO] [1781640123.136947991] [local_fusion_node]: Local Fusion callback triggered.
[detector_node-2] [INFO] [1781640123.233646948] [detector_node]: YOLO_DETECTOR detection elapsed time: 0.0201 seconds
[local_fusion-3] [INFO] [1781640123.233894257] [local_fusion_node]: Local Fusion callback triggered.
[detector_node-2] [INFO] [1781640123.337669354] [detector_node]: YOLO_DETECTOR detection elapsed time: 0.0214 seconds
[local_fusion-3] [INFO] [1781640123.337987144] [local_fusion_node]: Local Fusion callback triggered.
[detector_node-2] [INFO] [1781640123.435103040] [detector_node]: YOLO_DETECTOR detection elapsed time: 0.0217 seconds
[local_fusion-3] [INFO] [1781640123.435418342] [local_fusion_node]: Local Fusion callback triggered.
[detector_node-2] [INFO] [1781640123.534279168] [detector_node]: YOLO_DETECTOR detection elapsed time: 0.0203 seconds
[local_fusion-3] [INFO] [1781640123.534594796] [local_fusion_node]: Local Fusion callback triggered.
[detector_node-2] [INFO] [1781640123.635368328] [detector_node]: YOLO_DETECTOR detection elapsed time: 0.0215 seconds
[local_fusion-3] [INFO] [1781640123.635584644] [local_fusion_node]: Local Fusion callback triggered.
[detector_node-2] [INFO] [1781640123.731609697] [detector_node]: YOLO_DETECTOR detection elapsed time: 0.0208 seconds
[local_fusion-3] [INFO] [1781640123.731963941] [local_fusion_node]: Local Fusion callback triggered.
[detector_node-2] [INFO] [1781640123.840699043] [detector_node]: YOLO_DETECTOR detection elapsed time: 0.0234 seconds
[local_fusion-3] [INFO] [1781640123.841040747] [local_fusion_node]: Local Fusion callback triggered.
[detector_node-2] [INFO] [1781640123.938742435] [detector_node]: YOLO_DETECTOR detection elapsed time: 0.0210 seconds
[local_fusion-3] [INFO] [1781640123.939026279] [local_fusion_node]: Local Fusion callback triggered.
[detector_node-2] [INFO] [1781640124.038021731] [detector_node]: YOLO_DETECTOR detection elapsed time: 0.0214 seconds
[local_fusion-3] [INFO] [1781640124.038434484] [local_fusion_node]: Local Fusion callback triggered.
[detector_node-2] [INFO] [1781640124.135218113] [detector_node]: YOLO_DETECTOR detection elapsed time: 0.0215 seconds
[local_fusion-3] [INFO] [1781640124.135555590] [local_fusion_node]: Local Fusion callback triggered.
[detector_node-2] [INFO] [1781640124.237931345] [detector_node]: YOLO_DETECTOR detection elapsed time: 0.0206 seconds
[local_fusion-3] [INFO] [1781640124.238281746] [local_fusion_node]: Local Fusion callback triggered.
[detector_node-2] [INFO] [1781640124.340972876] [detector_node]: YOLO_DETECTOR detection elapsed time: 0.0203 seconds
[local_fusion-3] [INFO] [1781640124.341201558] [local_fusion_node]: Local Fusion callback triggered.
[detector_node-2] [INFO] [1781640124.437828231] [detector_node]: YOLO_DETECTOR detection elapsed time: 0.0215 seconds
[local_fusion-3] [INFO] [1781640124.438530455] [local_fusion_node]: Local Fusion callback triggered.
[detector_node-2] [INFO] [1781640124.536236694] [detector_node]: YOLO_DETECTOR detection elapsed time: 0.0217 seconds
[local_fusion-3] [INFO] [1781640124.537382671] [local_fusion_node]: Local Fusion callback triggered.
[detector_node-2] [INFO] [1781640124.636041454] [detector_node]: YOLO_DETECTOR detection elapsed time: 0.0223 seconds
[local_fusion-3] [INFO] [1781640124.636386265] [local_fusion_node]: Local Fusion callback triggered.
[detector_node-2] [INFO] [1781640124.743145744] [detector_node]: YOLO_DETECTOR detection elapsed time: 0.0287 seconds
[local_fusion-3] [INFO] [1781640124.743467603] [local_fusion_node]: Local Fusion callback triggered.
[detector_node-2] [INFO] [1781640124.846449137] [detector_node]: YOLO_DETECTOR detection elapsed time: 0.0267 seconds
[local_fusion-3] [INFO] [1781640124.846731933] [local_fusion_node]: Local Fusion callback triggered.
[detector_node-2] [INFO] [1781640124.942304120] [detector_node]: YOLO_DETECTOR detection elapsed time: 0.0229 seconds
[local_fusion-3] [INFO] [1781640124.942738974] [local_fusion_node]: Local Fusion callback triggered.
[detector_node-2] [INFO] [1781640125.038722615] [detector_node]: YOLO_DETECTOR detection elapsed time: 0.0230 seconds
[local_fusion-3] [INFO] [1781640125.039069232] [local_fusion_node]: Local Fusion callback triggered.
[detector_node-2] [INFO] [1781640125.137827316] [detector_node]: YOLO_DETECTOR detection elapsed time: 0.0212 seconds
[local_fusion-3] [INFO] [1781640125.138161204] [local_fusion_node]: Local Fusion callback triggered.
[detector_node-2] [INFO] [1781640125.238318732] [detector_node]: YOLO_DETECTOR detection elapsed time: 0.0208 seconds
[local_fusion-3] [INFO] [1781640125.238650578] [local_fusion_node]: Local Fusion callback triggered.
[detector_node-2] [INFO] [1781640125.341575142] [detector_node]: YOLO_DETECTOR detection elapsed time: 0.0225 seconds
[local_fusion-3] [INFO] [1781640125.341886254] [local_fusion_node]: Local Fusion callback triggered.
[detector_node-2] [INFO] [1781640125.440369800] [detector_node]: YOLO_DETECTOR detection elapsed time: 0.0208 seconds
[local_fusion-3] [INFO] [1781640125.440776047] [local_fusion_node]: Local Fusion callback triggered.
[detector_node-2] [INFO] [1781640125.540687417] [detector_node]: YOLO_DETECTOR detection elapsed time: 0.0218 seconds
[local_fusion-3] [INFO] [1781640125.541094043] [local_fusion_node]: Local Fusion callback triggered.
[detector_node-2] [INFO] [1781640125.638566794] [detector_node]: YOLO_DETECTOR detection elapsed time: 0.0220 seconds
[local_fusion-3] [INFO] [1781640125.638762718] [local_fusion_node]: Local Fusion callback triggered.
[detector_node-2] [INFO] [1781640125.741849246] [detector_node]: YOLO_DETECTOR detection elapsed time: 0.0240 seconds
[local_fusion-3] [INFO] [1781640125.742274581] [local_fusion_node]: Local Fusion callback triggered.
[detector_node-2] [INFO] [1781640125.838908204] [detector_node]: YOLO_DETECTOR detection elapsed time: 0.0223 seconds
[local_fusion-3] [INFO] [1781640125.839253703] [local_fusion_node]: Local Fusion callback triggered.
[detector_node-2] [INFO] [1781640125.938507194] [detector_node]: YOLO_DETECTOR detection elapsed time: 0.0217 seconds
[local_fusion-3] [INFO] [1781640125.938933041] [local_fusion_node]: Local Fusion callback triggered.
[detector_node-2] [INFO] [1781640126.038943397] [detector_node]: YOLO_DETECTOR detection elapsed time: 0.0218 seconds
[local_fusion-3] [INFO] [1781640126.039374225] [local_fusion_node]: Local Fusion callback triggered.
[detector_node-2] [INFO] [1781640126.139867169] [detector_node]: YOLO_DETECTOR detection elapsed time: 0.0226 seconds
[local_fusion-3] [INFO] [1781640126.140191369] [local_fusion_node]: Local Fusion callback triggered.
[detector_node-2] [INFO] [1781640126.239560533] [detector_node]: YOLO_DETECTOR detection elapsed time: 0.0244 seconds
[local_fusion-3] [INFO] [1781640126.239971605] [local_fusion_node]: Local Fusion callback triggered.
[detector_node-2] [INFO] [1781640126.343746266] [detector_node]: YOLO_DETECTOR detection elapsed time: 0.0248 seconds
[local_fusion-3] [INFO] [1781640126.344258572] [local_fusion_node]: Local Fusion callback triggered.
[detector_node-2] [INFO] [1781640126.437645714] [detector_node]: YOLO_DETECTOR detection elapsed time: 0.0226 seconds
[local_fusion-3] [INFO] [1781640126.438125974] [local_fusion_node]: Local Fusion callback triggered.
[detector_node-2] [INFO] [1781640126.538731560] [detector_node]: YOLO_DETECTOR detection elapsed time: 0.0216 seconds
[local_fusion-3] [INFO] [1781640126.539227205] [local_fusion_node]: Local Fusion callback triggered.
[detector_node-2] [INFO] [1781640126.635162420] [detector_node]: YOLO_DETECTOR detection elapsed time: 0.0211 seconds
[local_fusion-3] [INFO] [1781640126.635512592] [local_fusion_node]: Local Fusion callback triggered.
[detector_node-2] [INFO] [1781640126.735164682] [detector_node]: YOLO_DETECTOR detection elapsed time: 0.0217 seconds
[local_fusion-3] [INFO] [1781640126.735550051] [local_fusion_node]: Local Fusion callback triggered.
[detector_node-2] [INFO] [1781640126.834840959] [detector_node]: YOLO_DETECTOR detection elapsed time: 0.0220 seconds
[local_fusion-3] [INFO] [1781640126.835122624] [local_fusion_node]: Local Fusion callback triggered.
[detector_node-2] [INFO] [1781640126.934489763] [detector_node]: YOLO_DETECTOR detection elapsed time: 0.0198 seconds
[local_fusion-3] [INFO] [1781640126.934898736] [local_fusion_node]: Local Fusion callback triggered.
[detector_node-2] [INFO] [1781640127.039826984] [detector_node]: YOLO_DETECTOR detection elapsed time: 0.0237 seconds
[local_fusion-3] [INFO] [1781640127.040269366] [local_fusion_node]: Local Fusion callback triggered.
[detector_node-2] [INFO] [1781640127.134700159] [detector_node]: YOLO_DETECTOR detection elapsed time: 0.0223 seconds
[local_fusion-3] [INFO] [1781640127.135134447] [local_fusion_node]: Local Fusion callback triggered.
[detector_node-2] [INFO] [1781640127.235934553] [detector_node]: YOLO_DETECTOR detection elapsed time: 0.0212 seconds
[local_fusion-3] [INFO] [1781640127.236213783] [local_fusion_node]: Local Fusion callback triggered.
[detector_node-2] [INFO] [1781640127.338518181] [detector_node]: YOLO_DETECTOR detection elapsed time: 0.0249 seconds
[local_fusion-3] [INFO] [1781640127.338860074] [local_fusion_node]: Local Fusion callback triggered.
[detector_node-2] [INFO] [1781640127.439360717] [detector_node]: YOLO_DETECTOR detection elapsed time: 0.0222 seconds
[local_fusion-3] [INFO] [1781640127.439793769] [local_fusion_node]: Local Fusion callback triggered.
[detector_node-2] [INFO] [1781640127.536421050] [detector_node]: YOLO_DETECTOR detection elapsed time: 0.0221 seconds
[local_fusion-3] [INFO] [1781640127.536831708] [local_fusion_node]: Local Fusion callback triggered.
[detector_node-2] [INFO] [1781640127.636507532] [detector_node]: YOLO_DETECTOR detection elapsed time: 0.0211 seconds
[local_fusion-3] [INFO] [1781640127.636715321] [local_fusion_node]: Local Fusion callback triggered.
[detector_node-2] [INFO] [1781640127.735505732] [detector_node]: YOLO_DETECTOR detection elapsed time: 0.0203 seconds
[local_fusion-3] [INFO] [1781640127.735874251] [local_fusion_node]: Local Fusion callback triggered.
[detector_node-2] [INFO] [1781640127.834610898] [detector_node]: YOLO_DETECTOR detection elapsed time: 0.0198 seconds
[local_fusion-3] [INFO] [1781640127.834972310] [local_fusion_node]: Local Fusion callback triggered.
[detector_node-2] [INFO] [1781640127.933063366] [detector_node]: YOLO_DETECTOR detection elapsed time: 0.0197 seconds
[local_fusion-3] [INFO] [1781640127.933481405] [local_fusion_node]: Local Fusion callback triggered.
[detector_node-2] [INFO] [1781640128.035495080] [detector_node]: YOLO_DETECTOR detection elapsed time: 0.0210 seconds
[local_fusion-3] [INFO] [1781640128.035881305] [local_fusion_node]: Local Fusion callback triggered.
[detector_node-2] [INFO] [1781640128.142704053] [detector_node]: YOLO_DETECTOR detection elapsed time: 0.0266 seconds
[local_fusion-3] [INFO] [1781640128.143103400] [local_fusion_node]: Local Fusion callback triggered.
[detector_node-2] [INFO] [1781640128.242260926] [detector_node]: YOLO_DETECTOR detection elapsed time: 0.0254 seconds
[local_fusion-3] [INFO] [1781640128.242676546] [local_fusion_node]: Local Fusion callback triggered.
[detector_node-2] [INFO] [1781640128.336230478] [detector_node]: YOLO_DETECTOR detection elapsed time: 0.0216 seconds
[local_fusion-3] [INFO] [1781640128.336546848] [local_fusion_node]: Local Fusion callback triggered.
[detector_node-2] [INFO] [1781640128.436136544] [detector_node]: YOLO_DETECTOR detection elapsed time: 0.0217 seconds
[local_fusion-3] [INFO] [1781640128.436544060] [local_fusion_node]: Local Fusion callback triggered.
[detector_node-2] [INFO] [1781640128.534932850] [detector_node]: YOLO_DETECTOR detection elapsed time: 0.0215 seconds
[local_fusion-3] [INFO] [1781640128.535303090] [local_fusion_node]: Local Fusion callback triggered.
[detector_node-2] [INFO] [1781640128.637938055] [detector_node]: YOLO_DETECTOR detection elapsed time: 0.0211 seconds
[local_fusion-3] [INFO] [1781640128.638296380] [local_fusion_node]: Local Fusion callback triggered.
[detector_node-2] [INFO] [1781640128.738428267] [detector_node]: YOLO_DETECTOR detection elapsed time: 0.0238 seconds
[local_fusion-3] [INFO] [1781640128.738763092] [local_fusion_node]: Local Fusion callback triggered.
[detector_node-2] [INFO] [1781640128.842787013] [detector_node]: YOLO_DETECTOR detection elapsed time: 0.0270 seconds
[local_fusion-3] [INFO] [1781640128.843223649] [local_fusion_node]: Local Fusion callback triggered.
[detector_node-2] [INFO] [1781640128.932865918] [detector_node]: YOLO_DETECTOR detection elapsed time: 0.0240 seconds
[local_fusion-3] [INFO] [1781640128.933299579] [local_fusion_node]: Local Fusion callback triggered.
[detector_node-2] [INFO] [1781640129.033254597] [detector_node]: YOLO_DETECTOR detection elapsed time: 0.0238 seconds
[local_fusion-3] [INFO] [1781640129.033517656] [local_fusion_node]: Local Fusion callback triggered.
[detector_node-2] [INFO] [1781640129.132356527] [detector_node]: YOLO_DETECTOR detection elapsed time: 0.0232 seconds
[local_fusion-3] [INFO] [1781640129.132712751] [local_fusion_node]: Local Fusion callback triggered.
[detector_node-2] [INFO] [1781640129.234446729] [detector_node]: YOLO_DETECTOR detection elapsed time: 0.0229 seconds
[local_fusion-3] [INFO] [1781640129.234872357] [local_fusion_node]: Local Fusion callback triggered.
[detector_node-2] [INFO] [1781640129.334473746] [detector_node]: YOLO_DETECTOR detection elapsed time: 0.0259 seconds
[local_fusion-3] [INFO] [1781640129.334726578] [local_fusion_node]: Local Fusion callback triggered.
[detector_node-2] [INFO] [1781640129.431922858] [detector_node]: YOLO_DETECTOR detection elapsed time: 0.0239 seconds
[local_fusion-3] [INFO] [1781640129.432509228] [local_fusion_node]: Local Fusion callback triggered.
[detector_node-2] [INFO] [1781640129.540466698] [detector_node]: YOLO_DETECTOR detection elapsed time: 0.0254 seconds
[local_fusion-3] [INFO] [1781640129.541019277] [local_fusion_node]: Local Fusion callback triggered.
[detector_node-2] [INFO] [1781640129.637393104] [detector_node]: YOLO_DETECTOR detection elapsed time: 0.0217 seconds
[local_fusion-3] [INFO] [1781640129.637731183] [local_fusion_node]: Local Fusion callback triggered.
[detector_node-2] [INFO] [1781640129.737641466] [detector_node]: YOLO_DETECTOR detection elapsed time: 0.0258 seconds
[local_fusion-3] [INFO] [1781640129.738021442] [local_fusion_node]: Local Fusion callback triggered.
[detector_node-2] [INFO] [1781640129.833883798] [detector_node]: YOLO_DETECTOR detection elapsed time: 0.0229 seconds
[local_fusion-3] [INFO] [1781640129.834275008] [local_fusion_node]: Local Fusion callback triggered.
[detector_node-2] [INFO] [1781640129.932642282] [detector_node]: YOLO_DETECTOR detection elapsed time: 0.0240 seconds
[local_fusion-3] [INFO] [1781640129.933281265] [local_fusion_node]: Local Fusion callback triggered.
[detector_node-2] [INFO] [1781640130.030752769] [detector_node]: YOLO_DETECTOR detection elapsed time: 0.0220 seconds
[local_fusion-3] [INFO] [1781640130.031271058] [local_fusion_node]: Local Fusion callback triggered.
[detector_node-2] [INFO] [1781640130.134248989] [detector_node]: YOLO_DETECTOR detection elapsed time: 0.0238 seconds
[local_fusion-3] [INFO] [1781640130.134717819] [local_fusion_node]: Local Fusion callback triggered.
[detector_node-2] [INFO] [1781640130.242488528] [detector_node]: YOLO_DETECTOR detection elapsed time: 0.0304 seconds
[local_fusion-3] [INFO] [1781640130.242933168] [local_fusion_node]: Local Fusion callback triggered.
[detector_node-2] [INFO] [1781640130.340934165] [detector_node]: YOLO_DETECTOR detection elapsed time: 0.0296 seconds
[local_fusion-3] [INFO] [1781640130.341541717] [local_fusion_node]: Local Fusion callback triggered.
[detector_node-2] [INFO] [1781640130.437233311] [detector_node]: YOLO_DETECTOR detection elapsed time: 0.0300 seconds
[local_fusion-3] [INFO] [1781640130.437635991] [local_fusion_node]: Local Fusion callback triggered.
[detector_node-2] [INFO] [1781640130.541912579] [detector_node]: YOLO_DETECTOR detection elapsed time: 0.0284 seconds
[local_fusion-3] [INFO] [1781640130.542546027] [local_fusion_node]: Local Fusion callback triggered.
[detector_node-2] [INFO] [1781640130.634794057] [detector_node]: YOLO_DETECTOR detection elapsed time: 0.0216 seconds
[local_fusion-3] [INFO] [1781640130.635145229] [local_fusion_node]: Local Fusion callback triggered.
[detector_node-2] [INFO] [1781640130.731513364] [detector_node]: YOLO_DETECTOR detection elapsed time: 0.0218 seconds
[local_fusion-3] [INFO] [1781640130.731750868] [local_fusion_node]: Local Fusion callback triggered.
[detector_node-2] [INFO] [1781640130.839353935] [detector_node]: YOLO_DETECTOR detection elapsed time: 0.0242 seconds
[local_fusion-3] [INFO] [1781640130.839691685] [local_fusion_node]: Local Fusion callback triggered.
[detector_node-2] [INFO] [1781640130.940989559] [detector_node]: YOLO_DETECTOR detection elapsed time: 0.0248 seconds
[local_fusion-3] [INFO] [1781640130.941366608] [local_fusion_node]: Local Fusion callback triggered.
[global_fusion-4] [INFO] [1781640130.956647020] [global_fusion_node]: Removing wall ID 22.
[detector_node-2] [INFO] [1781640131.036919415] [detector_node]: YOLO_DETECTOR detection elapsed time: 0.0221 seconds
[local_fusion-3] [INFO] [1781640131.037235400] [local_fusion_node]: Local Fusion callback triggered.
[detector_node-2] [INFO] [1781640131.137268825] [detector_node]: YOLO_DETECTOR detection elapsed time: 0.0228 seconds
[local_fusion-3] [INFO] [1781640131.137751374] [local_fusion_node]: Local Fusion callback triggered.
[detector_node-2] [INFO] [1781640131.240999957] [detector_node]: YOLO_DETECTOR detection elapsed time: 0.0222 seconds
[local_fusion-3] [INFO] [1781640131.241368117] [local_fusion_node]: Local Fusion callback triggered.
[detector_node-2] [INFO] [1781640131.343864754] [detector_node]: YOLO_DETECTOR detection elapsed time: 0.0231 seconds
[local_fusion-3] [INFO] [1781640131.344135668] [local_fusion_node]: Local Fusion callback triggered.
[detector_node-2] [INFO] [1781640131.444064820] [detector_node]: YOLO_DETECTOR detection elapsed time: 0.0216 seconds
[local_fusion-3] [INFO] [1781640131.444385054] [local_fusion_node]: Local Fusion callback triggered.
[detector_node-2] [INFO] [1781640131.544958558] [detector_node]: YOLO_DETECTOR detection elapsed time: 0.0254 seconds
[local_fusion-3] [INFO] [1781640131.545273855] [local_fusion_node]: Local Fusion callback triggered.
[detector_node-2] [INFO] [1781640131.644322434] [detector_node]: YOLO_DETECTOR detection elapsed time: 0.0230 seconds
[local_fusion-3] [INFO] [1781640131.644696956] [local_fusion_node]: Local Fusion callback triggered.
[detector_node-2] [INFO] [1781640131.741203667] [detector_node]: YOLO_DETECTOR detection elapsed time: 0.0215 seconds
[local_fusion-3] [INFO] [1781640131.741577412] [local_fusion_node]: Local Fusion callback triggered.
[detector_node-2] [INFO] [1781640131.843965650] [detector_node]: YOLO_DETECTOR detection elapsed time: 0.0227 seconds
[local_fusion-3] [INFO] [1781640131.844392447] [local_fusion_node]: Local Fusion callback triggered.
[detector_node-2] [INFO] [1781640131.943282017] [detector_node]: YOLO_DETECTOR detection elapsed time: 0.0253 seconds
[local_fusion-3] [INFO] [1781640131.943605217] [local_fusion_node]: Local Fusion callback triggered.
[detector_node-2] [INFO] [1781640132.048310335] [detector_node]: YOLO_DETECTOR detection elapsed time: 0.0227 seconds
[local_fusion-3] [INFO] [1781640132.048711169] [local_fusion_node]: Local Fusion callback triggered.
[detector_node-2] [INFO] [1781640132.145562119] [detector_node]: YOLO_DETECTOR detection elapsed time: 0.0231 seconds
[local_fusion-3] [INFO] [1781640132.145967685] [local_fusion_node]: Local Fusion callback triggered.
[detector_node-2] [INFO] [1781640132.244551361] [detector_node]: YOLO_DETECTOR detection elapsed time: 0.0229 seconds
[local_fusion-3] [INFO] [1781640132.244753110] [local_fusion_node]: Local Fusion callback triggered.
[detector_node-2] [INFO] [1781640132.351174028] [detector_node]: YOLO_DETECTOR detection elapsed time: 0.0244 seconds
[local_fusion-3] [INFO] [1781640132.351553606] [local_fusion_node]: Local Fusion callback triggered.
[detector_node-2] [INFO] [1781640132.443212477] [detector_node]: YOLO_DETECTOR detection elapsed time: 0.0223 seconds
[local_fusion-3] [INFO] [1781640132.443442743] [local_fusion_node]: Local Fusion callback triggered.
[detector_node-2] [INFO] [1781640132.544461361] [detector_node]: YOLO_DETECTOR detection elapsed time: 0.0253 seconds
[local_fusion-3] [INFO] [1781640132.544838557] [local_fusion_node]: Local Fusion callback triggered.
[detector_node-2] [INFO] [1781640132.643955383] [detector_node]: YOLO_DETECTOR detection elapsed time: 0.0232 seconds
[local_fusion-3] [INFO] [1781640132.644294602] [local_fusion_node]: Local Fusion callback triggered.
[detector_node-2] [INFO] [1781640132.741808551] [detector_node]: YOLO_DETECTOR detection elapsed time: 0.0233 seconds
[local_fusion-3] [INFO] [1781640132.742040664] [local_fusion_node]: Local Fusion callback triggered.
[detector_node-2] [INFO] [1781640132.840674726] [detector_node]: YOLO_DETECTOR detection elapsed time: 0.0209 seconds
[local_fusion-3] [INFO] [1781640132.841039307] [local_fusion_node]: Local Fusion callback triggered.
[detector_node-2] [INFO] [1781640132.939191317] [detector_node]: YOLO_DETECTOR detection elapsed time: 0.0225 seconds
[local_fusion-3] [INFO] [1781640132.939439575] [local_fusion_node]: Local Fusion callback triggered.
[detector_node-2] [INFO] [1781640133.037349515] [detector_node]: YOLO_DETECTOR detection elapsed time: 0.0217 seconds
[local_fusion-3] [INFO] [1781640133.037749775] [local_fusion_node]: Local Fusion callback triggered.
[detector_node-2] [INFO] [1781640133.136775731] [detector_node]: YOLO_DETECTOR detection elapsed time: 0.0248 seconds
[local_fusion-3] [INFO] [1781640133.137022341] [local_fusion_node]: Local Fusion callback triggered.
[detector_node-2] [INFO] [1781640133.239470584] [detector_node]: YOLO_DETECTOR detection elapsed time: 0.0265 seconds
[local_fusion-3] [INFO] [1781640133.239816082] [local_fusion_node]: Local Fusion callback triggered.
[detector_node-2] [INFO] [1781640133.339769506] [detector_node]: YOLO_DETECTOR detection elapsed time: 0.0220 seconds
[local_fusion-3] [INFO] [1781640133.340124581] [local_fusion_node]: Local Fusion callback triggered.
[detector_node-2] [INFO] [1781640133.442267103] [detector_node]: YOLO_DETECTOR detection elapsed time: 0.0228 seconds
[local_fusion-3] [INFO] [1781640133.442626812] [local_fusion_node]: Local Fusion callback triggered.
[detector_node-2] [INFO] [1781640133.540088603] [detector_node]: YOLO_DETECTOR detection elapsed time: 0.0243 seconds
[local_fusion-3] [INFO] [1781640133.540410713] [local_fusion_node]: Local Fusion callback triggered.
[detector_node-2] [INFO] [1781640133.638730868] [detector_node]: YOLO_DETECTOR detection elapsed time: 0.0222 seconds
[local_fusion-3] [INFO] [1781640133.638972542] [local_fusion_node]: Local Fusion callback triggered.
[detector_node-2] [INFO] [1781640133.736397162] [detector_node]: YOLO_DETECTOR detection elapsed time: 0.0233 seconds
[local_fusion-3] [INFO] [1781640133.736776223] [local_fusion_node]: Local Fusion callback triggered.
[detector_node-2] [INFO] [1781640133.836832283] [detector_node]: YOLO_DETECTOR detection elapsed time: 0.0230 seconds
[local_fusion-3] [INFO] [1781640133.837254861] [local_fusion_node]: Local Fusion callback triggered.
[detector_node-2] [INFO] [1781640133.937949139] [detector_node]: YOLO_DETECTOR detection elapsed time: 0.0252 seconds
[local_fusion-3] [INFO] [1781640133.938187883] [local_fusion_node]: Local Fusion callback triggered.
[detector_node-2] [INFO] [1781640134.037461475] [detector_node]: YOLO_DETECTOR detection elapsed time: 0.0222 seconds
[local_fusion-3] [INFO] [1781640134.037867621] [local_fusion_node]: Local Fusion callback triggered.
[detector_node-2] [INFO] [1781640134.138236365] [detector_node]: YOLO_DETECTOR detection elapsed time: 0.0223 seconds
[local_fusion-3] [INFO] [1781640134.138572982] [local_fusion_node]: Local Fusion callback triggered.
[detector_node-2] [INFO] [1781640134.236125120] [detector_node]: YOLO_DETECTOR detection elapsed time: 0.0234 seconds
[local_fusion-3] [INFO] [1781640134.236528430] [local_fusion_node]: Local Fusion callback triggered.
[detector_node-2] [INFO] [1781640134.338261756] [detector_node]: YOLO_DETECTOR detection elapsed time: 0.0228 seconds
[local_fusion-3] [INFO] [1781640134.338639448] [local_fusion_node]: Local Fusion callback triggered.
[detector_node-2] [INFO] [1781640134.435897442] [detector_node]: YOLO_DETECTOR detection elapsed time: 0.0222 seconds
[local_fusion-3] [INFO] [1781640134.436303936] [local_fusion_node]: Local Fusion callback triggered.
[detector_node-2] [INFO] [1781640134.536557928] [detector_node]: YOLO_DETECTOR detection elapsed time: 0.0219 seconds
[local_fusion-3] [INFO] [1781640134.536901171] [local_fusion_node]: Local Fusion callback triggered.
[detector_node-2] [INFO] [1781640134.636989550] [detector_node]: YOLO_DETECTOR detection elapsed time: 0.0211 seconds
[local_fusion-3] [INFO] [1781640134.637397341] [local_fusion_node]: Local Fusion callback triggered.
[detector_node-2] [INFO] [1781640134.735612033] [detector_node]: YOLO_DETECTOR detection elapsed time: 0.0238 seconds
[local_fusion-3] [INFO] [1781640134.736044700] [local_fusion_node]: Local Fusion callback triggered.
[detector_node-2] [INFO] [1781640134.835514902] [detector_node]: YOLO_DETECTOR detection elapsed time: 0.0222 seconds
[local_fusion-3] [INFO] [1781640134.835838779] [local_fusion_node]: Local Fusion callback triggered.
[detector_node-2] [INFO] [1781640134.939620011] [detector_node]: YOLO_DETECTOR detection elapsed time: 0.0223 seconds
[local_fusion-3] [INFO] [1781640134.939841873] [local_fusion_node]: Local Fusion callback triggered.
[detector_node-2] [INFO] [1781640135.038241794] [detector_node]: YOLO_DETECTOR detection elapsed time: 0.0218 seconds
[local_fusion-3] [INFO] [1781640135.038543417] [local_fusion_node]: Local Fusion callback triggered.
[detector_node-2] [INFO] [1781640135.137249559] [detector_node]: YOLO_DETECTOR detection elapsed time: 0.0224 seconds
[local_fusion-3] [INFO] [1781640135.137519174] [local_fusion_node]: Local Fusion callback triggered.
[detector_node-2] [INFO] [1781640135.239345614] [detector_node]: YOLO_DETECTOR detection elapsed time: 0.0231 seconds
[local_fusion-3] [INFO] [1781640135.239782462] [local_fusion_node]: Local Fusion callback triggered.
[detector_node-2] [INFO] [1781640135.341653026] [detector_node]: YOLO_DETECTOR detection elapsed time: 0.0242 seconds
[local_fusion-3] [INFO] [1781640135.341951596] [local_fusion_node]: Local Fusion callback triggered.
[detector_node-2] [INFO] [1781640135.444353248] [detector_node]: YOLO_DETECTOR detection elapsed time: 0.0248 seconds
[local_fusion-3] [INFO] [1781640135.444567782] [local_fusion_node]: Local Fusion callback triggered.
[detector_node-2] [INFO] [1781640135.540791361] [detector_node]: YOLO_DETECTOR detection elapsed time: 0.0240 seconds
[local_fusion-3] [INFO] [1781640135.541216038] [local_fusion_node]: Local Fusion callback triggered.
[detector_node-2] [INFO] [1781640135.639967033] [detector_node]: YOLO_DETECTOR detection elapsed time: 0.0233 seconds
[local_fusion-3] [INFO] [1781640135.640370738] [local_fusion_node]: Local Fusion callback triggered.
[detector_node-2] [INFO] [1781640135.741613680] [detector_node]: YOLO_DETECTOR detection elapsed time: 0.0228 seconds
[local_fusion-3] [INFO] [1781640135.742097613] [local_fusion_node]: Local Fusion callback triggered.
[detector_node-2] [INFO] [1781640135.845184364] [detector_node]: YOLO_DETECTOR detection elapsed time: 0.0245 seconds
[local_fusion-3] [INFO] [1781640135.845681485] [local_fusion_node]: Local Fusion callback triggered.
[detector_node-2] [INFO] [1781640135.947000783] [detector_node]: YOLO_DETECTOR detection elapsed time: 0.0262 seconds
[local_fusion-3] [INFO] [1781640135.947462270] [local_fusion_node]: Local Fusion callback triggered.
[detector_node-2] [INFO] [1781640136.042456237] [detector_node]: YOLO_DETECTOR detection elapsed time: 0.0236 seconds
[local_fusion-3] [INFO] [1781640136.042894972] [local_fusion_node]: Local Fusion callback triggered.
[detector_node-2] [INFO] [1781640136.144055172] [detector_node]: YOLO_DETECTOR detection elapsed time: 0.0265 seconds
[local_fusion-3] [INFO] [1781640136.144562102] [local_fusion_node]: Local Fusion callback triggered.
[detector_node-2] [INFO] [1781640136.252327333] [detector_node]: YOLO_DETECTOR detection elapsed time: 0.0280 seconds
[local_fusion-3] [INFO] [1781640136.252767351] [local_fusion_node]: Local Fusion callback triggered.
[detector_node-2] [INFO] [1781640136.345003022] [detector_node]: YOLO_DETECTOR detection elapsed time: 0.0305 seconds
[local_fusion-3] [INFO] [1781640136.345299729] [local_fusion_node]: Local Fusion callback triggered.
[detector_node-2] [INFO] [1781640136.438964989] [detector_node]: YOLO_DETECTOR detection elapsed time: 0.0240 seconds
[local_fusion-3] [INFO] [1781640136.439390553] [local_fusion_node]: Local Fusion callback triggered.
[detector_node-2] [INFO] [1781640136.539709617] [detector_node]: YOLO_DETECTOR detection elapsed time: 0.0235 seconds
[local_fusion-3] [INFO] [1781640136.540110308] [local_fusion_node]: Local Fusion callback triggered.
[detector_node-2] [INFO] [1781640136.640892518] [detector_node]: YOLO_DETECTOR detection elapsed time: 0.0241 seconds
[local_fusion-3] [INFO] [1781640136.641323394] [local_fusion_node]: Local Fusion callback triggered.
[detector_node-2] [INFO] [1781640136.740479888] [detector_node]: YOLO_DETECTOR detection elapsed time: 0.0246 seconds
[local_fusion-3] [INFO] [1781640136.740884381] [local_fusion_node]: Local Fusion callback triggered.
[detector_node-2] [INFO] [1781640136.842448739] [detector_node]: YOLO_DETECTOR detection elapsed time: 0.0253 seconds
[local_fusion-3] [INFO] [1781640136.842804021] [local_fusion_node]: Local Fusion callback triggered.
[detector_node-2] [INFO] [1781640136.941188166] [detector_node]: YOLO_DETECTOR detection elapsed time: 0.0256 seconds
[local_fusion-3] [INFO] [1781640136.941544406] [local_fusion_node]: Local Fusion callback triggered.
[detector_node-2] [INFO] [1781640137.036170307] [detector_node]: YOLO_DETECTOR detection elapsed time: 0.0222 seconds
[local_fusion-3] [INFO] [1781640137.036579053] [local_fusion_node]: Local Fusion callback triggered.
[detector_node-2] [INFO] [1781640137.135696182] [detector_node]: YOLO_DETECTOR detection elapsed time: 0.0221 seconds
[local_fusion-3] [INFO] [1781640137.136068690] [local_fusion_node]: Local Fusion callback triggered.
[detector_node-2] [INFO] [1781640137.237038868] [detector_node]: YOLO_DETECTOR detection elapsed time: 0.0226 seconds
[local_fusion-3] [INFO] [1781640137.237474328] [local_fusion_node]: Local Fusion callback triggered.
[detector_node-2] [INFO] [1781640137.337303975] [detector_node]: YOLO_DETECTOR detection elapsed time: 0.0215 seconds
[local_fusion-3] [INFO] [1781640137.337680441] [local_fusion_node]: Local Fusion callback triggered.
[detector_node-2] [INFO] [1781640137.440927223] [detector_node]: YOLO_DETECTOR detection elapsed time: 0.0221 seconds
[local_fusion-3] [INFO] [1781640137.441480249] [local_fusion_node]: Local Fusion callback triggered.
[detector_node-2] [INFO] [1781640137.540961686] [detector_node]: YOLO_DETECTOR detection elapsed time: 0.0230 seconds
[local_fusion-3] [INFO] [1781640137.541377500] [local_fusion_node]: Local Fusion callback triggered.
[detector_node-2] [INFO] [1781640137.639447927] [detector_node]: YOLO_DETECTOR detection elapsed time: 0.0234 seconds
[local_fusion-3] [INFO] [1781640137.640110155] [local_fusion_node]: Local Fusion callback triggered.
[detector_node-2] [INFO] [1781640137.740837365] [detector_node]: YOLO_DETECTOR detection elapsed time: 0.0229 seconds
[local_fusion-3] [INFO] [1781640137.741187853] [local_fusion_node]: Local Fusion callback triggered.
[detector_node-2] [INFO] [1781640137.837503026] [detector_node]: YOLO_DETECTOR detection elapsed time: 0.0225 seconds
[local_fusion-3] [INFO] [1781640137.837846384] [local_fusion_node]: Local Fusion callback triggered.
[detector_node-2] [INFO] [1781640137.934701333] [detector_node]: YOLO_DETECTOR detection elapsed time: 0.0227 seconds
[local_fusion-3] [INFO] [1781640137.934958697] [local_fusion_node]: Local Fusion callback triggered.
[detector_node-2] [INFO] [1781640138.036232958] [detector_node]: YOLO_DETECTOR detection elapsed time: 0.0249 seconds
[local_fusion-3] [INFO] [1781640138.036568824] [local_fusion_node]: Local Fusion callback triggered.
[detector_node-2] [INFO] [1781640138.137629807] [detector_node]: YOLO_DETECTOR detection elapsed time: 0.0237 seconds
[local_fusion-3] [INFO] [1781640138.137985058] [local_fusion_node]: Local Fusion callback triggered.
[detector_node-2] [INFO] [1781640138.237539377] [detector_node]: YOLO_DETECTOR detection elapsed time: 0.0248 seconds
[local_fusion-3] [INFO] [1781640138.237917667] [local_fusion_node]: Local Fusion callback triggered.
[detector_node-2] [INFO] [1781640138.337683305] [detector_node]: YOLO_DETECTOR detection elapsed time: 0.0233 seconds
[local_fusion-3] [INFO] [1781640138.338109610] [local_fusion_node]: Local Fusion callback triggered.
[detector_node-2] [INFO] [1781640138.437798078] [detector_node]: YOLO_DETECTOR detection elapsed time: 0.0239 seconds
[local_fusion-3] [INFO] [1781640138.438204631] [local_fusion_node]: Local Fusion callback triggered.
[detector_node-2] [INFO] [1781640138.535487255] [detector_node]: YOLO_DETECTOR detection elapsed time: 0.0235 seconds
[local_fusion-3] [INFO] [1781640138.535867073] [local_fusion_node]: Local Fusion callback triggered.
[detector_node-2] [INFO] [1781640138.635319450] [detector_node]: YOLO_DETECTOR detection elapsed time: 0.0227 seconds
[local_fusion-3] [INFO] [1781640138.635739613] [local_fusion_node]: Local Fusion callback triggered.
[detector_node-2] [INFO] [1781640138.734278860] [detector_node]: YOLO_DETECTOR detection elapsed time: 0.0243 seconds
[local_fusion-3] [INFO] [1781640138.734674783] [local_fusion_node]: Local Fusion callback triggered.
[detector_node-2] [INFO] [1781640138.835239127] [detector_node]: YOLO_DETECTOR detection elapsed time: 0.0239 seconds
[local_fusion-3] [INFO] [1781640138.835551113] [local_fusion_node]: Local Fusion callback triggered.
[detector_node-2] [INFO] [1781640138.937491216] [detector_node]: YOLO_DETECTOR detection elapsed time: 0.0276 seconds
[local_fusion-3] [INFO] [1781640138.937872520] [local_fusion_node]: Local Fusion callback triggered.
[detector_node-2] [INFO] [1781640139.036936730] [detector_node]: YOLO_DETECTOR detection elapsed time: 0.0230 seconds
[local_fusion-3] [INFO] [1781640139.037264758] [local_fusion_node]: Local Fusion callback triggered.
[detector_node-2] [INFO] [1781640139.137679334] [detector_node]: YOLO_DETECTOR detection elapsed time: 0.0238 seconds
[local_fusion-3] [INFO] [1781640139.138044812] [local_fusion_node]: Local Fusion callback triggered.
[detector_node-2] [INFO] [1781640139.236062819] [detector_node]: YOLO_DETECTOR detection elapsed time: 0.0251 seconds
[local_fusion-3] [INFO] [1781640139.236416698] [local_fusion_node]: Local Fusion callback triggered.
[detector_node-2] [INFO] [1781640139.334232886] [detector_node]: YOLO_DETECTOR detection elapsed time: 0.0241 seconds
[local_fusion-3] [INFO] [1781640139.334473058] [local_fusion_node]: Local Fusion callback triggered.
[detector_node-2] [INFO] [1781640139.434529353] [detector_node]: YOLO_DETECTOR detection elapsed time: 0.0246 seconds
[local_fusion-3] [INFO] [1781640139.434856991] [local_fusion_node]: Local Fusion callback triggered.
[detector_node-2] [INFO] [1781640139.536033477] [detector_node]: YOLO_DETECTOR detection elapsed time: 0.0237 seconds
[local_fusion-3] [INFO] [1781640139.536354759] [local_fusion_node]: Local Fusion callback triggered.
[detector_node-2] [INFO] [1781640139.634457654] [detector_node]: YOLO_DETECTOR detection elapsed time: 0.0235 seconds
[local_fusion-3] [INFO] [1781640139.634785206] [local_fusion_node]: Local Fusion callback triggered.
[detector_node-2] [INFO] [1781640139.739089931] [detector_node]: YOLO_DETECTOR detection elapsed time: 0.0238 seconds
[local_fusion-3] [INFO] [1781640139.739323766] [local_fusion_node]: Local Fusion callback triggered.
[detector_node-2] [INFO] [1781640139.840761612] [detector_node]: YOLO_DETECTOR detection elapsed time: 0.0230 seconds
[local_fusion-3] [INFO] [1781640139.841056267] [local_fusion_node]: Local Fusion callback triggered.
[detector_node-2] [INFO] [1781640139.940447921] [detector_node]: YOLO_DETECTOR detection elapsed time: 0.0243 seconds
[local_fusion-3] [INFO] [1781640139.940820695] [local_fusion_node]: Local Fusion callback triggered.
[detector_node-2] [INFO] [1781640140.036565864] [detector_node]: YOLO_DETECTOR detection elapsed time: 0.0238 seconds
[local_fusion-3] [INFO] [1781640140.036846289] [local_fusion_node]: Local Fusion callback triggered.
[detector_node-2] [INFO] [1781640140.138754598] [detector_node]: YOLO_DETECTOR detection elapsed time: 0.0232 seconds
[local_fusion-3] [INFO] [1781640140.139038715] [local_fusion_node]: Local Fusion callback triggered.
[detector_node-2] [INFO] [1781640140.239084355] [detector_node]: YOLO_DETECTOR detection elapsed time: 0.0253 seconds
[local_fusion-3] [INFO] [1781640140.239489019] [local_fusion_node]: Local Fusion callback triggered.
[detector_node-2] [INFO] [1781640140.341853565] [detector_node]: YOLO_DETECTOR detection elapsed time: 0.0243 seconds
[local_fusion-3] [INFO] [1781640140.342126299] [local_fusion_node]: Local Fusion callback triggered.
[detector_node-2] [INFO] [1781640140.440711706] [detector_node]: YOLO_DETECTOR detection elapsed time: 0.0225 seconds
[local_fusion-3] [INFO] [1781640140.441104850] [local_fusion_node]: Local Fusion callback triggered.
[detector_node-2] [INFO] [1781640140.546529738] [detector_node]: YOLO_DETECTOR detection elapsed time: 0.0247 seconds
[local_fusion-3] [INFO] [1781640140.546768163] [local_fusion_node]: Local Fusion callback triggered.
[detector_node-2] [INFO] [1781640140.647769391] [detector_node]: YOLO_DETECTOR detection elapsed time: 0.0274 seconds
[local_fusion-3] [INFO] [1781640140.648179472] [local_fusion_node]: Local Fusion callback triggered.
[detector_node-2] [INFO] [1781640140.739894436] [detector_node]: YOLO_DETECTOR detection elapsed time: 0.0251 seconds
[local_fusion-3] [INFO] [1781640140.740329124] [local_fusion_node]: Local Fusion callback triggered.
[detector_node-2] [INFO] [1781640140.840279028] [detector_node]: YOLO_DETECTOR detection elapsed time: 0.0250 seconds
[local_fusion-3] [INFO] [1781640140.840666873] [local_fusion_node]: Local Fusion callback triggered.
[detector_node-2] [INFO] [1781640140.939247610] [detector_node]: YOLO_DETECTOR detection elapsed time: 0.0252 seconds
[local_fusion-3] [INFO] [1781640140.939572485] [local_fusion_node]: Local Fusion callback triggered.
[detector_node-2] [INFO] [1781640141.038712736] [detector_node]: YOLO_DETECTOR detection elapsed time: 0.0249 seconds
[local_fusion-3] [INFO] [1781640141.039028387] [local_fusion_node]: Local Fusion callback triggered.
[detector_node-2] [INFO] [1781640141.137188914] [detector_node]: YOLO_DETECTOR detection elapsed time: 0.0228 seconds
[local_fusion-3] [INFO] [1781640141.137555778] [local_fusion_node]: Local Fusion callback triggered.
[detector_node-2] [INFO] [1781640141.236318037] [detector_node]: YOLO_DETECTOR detection elapsed time: 0.0249 seconds
[local_fusion-3] [INFO] [1781640141.236714412] [local_fusion_node]: Local Fusion callback triggered.
[detector_node-2] [INFO] [1781640141.338099171] [detector_node]: YOLO_DETECTOR detection elapsed time: 0.0251 seconds
[local_fusion-3] [INFO] [1781640141.338356927] [local_fusion_node]: Local Fusion callback triggered.
