[INFO] [launch]: All log files can be found below /root/.ros/log/2026-06-16-20-43-56-170227-ubuntu-sword-17803
[INFO] [launch]: Default logging verbosity is set to INFO
[INFO] [converter_livox-1]: process started with pid [17837]
[INFO] [detector_node-2]: process started with pid [17839]
[INFO] [local_fusion-3]: process started with pid [17841]
[INFO] [global_fusion-4]: process started with pid [17843]
[local_fusion-3] /usr/lib/python3/dist-packages/scipy/__init__.py:146: UserWarning: A NumPy version >=1.17.3 and <1.25.0 is required for this version of SciPy (detected version 1.26.4
[local_fusion-3]   warnings.warn(f"A NumPy version >={np_minversion} and <{np_maxversion}"
[global_fusion-4] /usr/lib/python3/dist-packages/scipy/__init__.py:146: UserWarning: A NumPy version >=1.17.3 and <1.25.0 is required for this version of SciPy (detected version 1.26.4
[global_fusion-4]   warnings.warn(f"A NumPy version >={np_minversion} and <{np_maxversion}"
[converter_livox-1] [INFO] [1781642636.458693469] [converter]: Livox Raw CustomMsg Converter initialized.
[converter_livox-1] [INFO] [1781642636.458768838] [converter]: Accumulating 10 packets per frame.
[global_fusion-4] [INFO] [1781642636.492545836] [global_fusion_node]: Loading Parameters...
[global_fusion-4] [INFO] [1781642636.495029440] [global_fusion_node]: GLOBAL FUSION CONFIGURATION:
[global_fusion-4] 	match_dist_thresh: 80.0
[global_fusion-4] 	match_angle_thresh_deg: 15.0
[global_fusion-4] 	overlap_thresh: 50.0
[global_fusion-4] 	gate_threshold: 0.8
[global_fusion-4] 	max_misses_thresh: 5
[global_fusion-4] 	sensor_range: 500.0
[global_fusion-4] 	dist_weight: 0.0003333333333333333
[global_fusion-4] 	angle_weight: 0.15915494309189535
[global_fusion-4] 	publish_img_flag: True
[global_fusion-4] 	processed_img_size: 640
[global_fusion-4] 	base_img_size: 3072
[global_fusion-4] 	sensor_posx: 800
[global_fusion-4] 	sensor_posy: 800
[global_fusion-4] 	movement_flag: True
[global_fusion-4] 	map_frame: drone0/map
[global_fusion-4] 	lidar_frame: drone0/base_link
[global_fusion-4] 	manhattan_opt_flag: True
[global_fusion-4] 	corner_max_gap: 80.0
[global_fusion-4] 	svd_lambda_reg: 0.5
[global_fusion-4] 	stable_hits_threshold: 2
[global_fusion-4] 
[global_fusion-4] [INFO] [1781642636.504405160] [global_fusion_node]: Global Fusion Node initialized.
[local_fusion-3] [INFO] [1781642636.656497399] [local_fusion_node]: Loading Parameters...
[local_fusion-3] [INFO] [1781642636.657893091] [local_fusion_node]: LOCAL FUSION CONFIGURATION:
[local_fusion-3] 	dist_threshold: 10.0
[local_fusion-3] 	angle_threshold_deg: 20.0
[local_fusion-3] 	overlap_thresh: 30.0
[local_fusion-3] 	eps: 0.1
[local_fusion-3] 	min_samples: 1
[local_fusion-3] 	wall_connection_threshold: 15.0
[local_fusion-3] 	wall_length_threshold: 50.0
[local_fusion-3] 	publish_img_flag: False
[local_fusion-3] 	processed_img_size: 640
[local_fusion-3] 	base_img_size: 2048
[local_fusion-3] 	sensor_posx: 1024
[local_fusion-3] 	sensor_posy: 1024
[local_fusion-3] 
[detector_node-2] [INFO] [1781642638.089319438] [detector_node]: Using YOLO as Detector Node.
[detector_node-2] [INFO] [1781642638.089498782] [detector_node]: DETECTOR CONFIGURATION:
[detector_node-2] 	capture_inference_image: False
[detector_node-2] 	result_img_size: 1024
[detector_node-2] 	struct_radius: 1
[detector_node-2] 	base_img_size: 2048
[detector_node-2] 	processed_img_size: 1024
[detector_node-2] 	sensor_posx: 1024
[detector_node-2] 	sensor_posy: 1024
[detector_node-2] 	kernel_size: 3
[detector_node-2] 	iterations: 1
[detector_node-2] 	smoothing: none
[detector_node-2] 	sigma: 1.0
[detector_node-2] 	ksize_smoothing: 1
[detector_node-2] 	last_dilation: none
[detector_node-2] 	truncate: False
[detector_node-2] 	thresh: 210
[detector_node-2] 	yolo_model_path: 
[detector_node-2] 	yolo_model_name: yolon1024HD-clean-AdamW_openvino_model
[detector_node-2] 	label: False
[detector_node-2] 
[detector_node-2] [INFO] [1781642638.386626994] [detector_node]: YOLO_DETECTOR detection elapsed time: 0.2964 seconds
[local_fusion-3] [INFO] [1781642638.386949945] [local_fusion_node]: Local Fusion callback triggered.
[detector_node-2] [INFO] [1781642638.410576913] [detector_node]: YOLO_DETECTOR detection elapsed time: 0.0232 seconds
[local_fusion-3] [INFO] [1781642638.410816744] [local_fusion_node]: Local Fusion callback triggered.
[detector_node-2] [INFO] [1781642638.433299688] [detector_node]: YOLO_DETECTOR detection elapsed time: 0.0220 seconds
[local_fusion-3] [INFO] [1781642638.433662138] [local_fusion_node]: Local Fusion callback triggered.
[detector_node-2] [INFO] [1781642638.463300139] [detector_node]: YOLO_DETECTOR detection elapsed time: 0.0292 seconds
[local_fusion-3] [INFO] [1781642638.463685815] [local_fusion_node]: Local Fusion callback triggered.
[detector_node-2] [INFO] [1781642638.491627491] [detector_node]: YOLO_DETECTOR detection elapsed time: 0.0275 seconds
[local_fusion-3] [INFO] [1781642638.492021401] [local_fusion_node]: Local Fusion callback triggered.
[detector_node-2] [INFO] [1781642638.518400670] [detector_node]: YOLO_DETECTOR detection elapsed time: 0.0258 seconds
[local_fusion-3] [INFO] [1781642638.518735603] [local_fusion_node]: Local Fusion callback triggered.
[detector_node-2] [INFO] [1781642638.545553712] [detector_node]: YOLO_DETECTOR detection elapsed time: 0.0263 seconds
[local_fusion-3] [INFO] [1781642638.545940051] [local_fusion_node]: Local Fusion callback triggered.
[detector_node-2] [INFO] [1781642638.573459945] [detector_node]: YOLO_DETECTOR detection elapsed time: 0.0270 seconds
[local_fusion-3] [INFO] [1781642638.573830254] [local_fusion_node]: Local Fusion callback triggered.
[detector_node-2] [INFO] [1781642638.604641077] [detector_node]: YOLO_DETECTOR detection elapsed time: 0.0303 seconds
[local_fusion-3] [INFO] [1781642638.605069029] [local_fusion_node]: Local Fusion callback triggered.
[detector_node-2] [INFO] [1781642638.633691719] [detector_node]: YOLO_DETECTOR detection elapsed time: 0.0282 seconds
[local_fusion-3] [INFO] [1781642638.634139499] [local_fusion_node]: Local Fusion callback triggered.
[detector_node-2] [INFO] [1781642638.665622308] [detector_node]: YOLO_DETECTOR detection elapsed time: 0.0311 seconds
[local_fusion-3] [INFO] [1781642638.665898862] [local_fusion_node]: Local Fusion callback triggered.
[detector_node-2] [INFO] [1781642638.696149043] [detector_node]: YOLO_DETECTOR detection elapsed time: 0.0295 seconds
[local_fusion-3] [INFO] [1781642638.696375707] [local_fusion_node]: Local Fusion callback triggered.
[detector_node-2] [INFO] [1781642638.725025701] [detector_node]: YOLO_DETECTOR detection elapsed time: 0.0280 seconds
[local_fusion-3] [INFO] [1781642638.725381641] [local_fusion_node]: Local Fusion callback triggered.
[detector_node-2] [INFO] [1781642638.751332642] [detector_node]: YOLO_DETECTOR detection elapsed time: 0.0254 seconds
[local_fusion-3] [INFO] [1781642638.751684976] [local_fusion_node]: Local Fusion callback triggered.
[detector_node-2] [INFO] [1781642638.793300516] [detector_node]: YOLO_DETECTOR detection elapsed time: 0.0234 seconds
[local_fusion-3] [INFO] [1781642638.793672139] [local_fusion_node]: Local Fusion callback triggered.
[detector_node-2] [INFO] [1781642638.883725260] [detector_node]: YOLO_DETECTOR detection elapsed time: 0.0230 seconds
[local_fusion-3] [INFO] [1781642638.884090738] [local_fusion_node]: Local Fusion callback triggered.
[detector_node-2] [INFO] [1781642638.980373932] [detector_node]: YOLO_DETECTOR detection elapsed time: 0.0235 seconds
[local_fusion-3] [INFO] [1781642638.980744008] [local_fusion_node]: Local Fusion callback triggered.
[detector_node-2] [INFO] [1781642639.081772357] [detector_node]: YOLO_DETECTOR detection elapsed time: 0.0240 seconds
[local_fusion-3] [INFO] [1781642639.082119429] [local_fusion_node]: Local Fusion callback triggered.
[detector_node-2] [INFO] [1781642639.184237810] [detector_node]: YOLO_DETECTOR detection elapsed time: 0.0252 seconds
[local_fusion-3] [INFO] [1781642639.184261915] [local_fusion_node]: Local Fusion callback triggered.
[detector_node-2] [INFO] [1781642639.281758298] [detector_node]: YOLO_DETECTOR detection elapsed time: 0.0245 seconds
[local_fusion-3] [INFO] [1781642639.282161187] [local_fusion_node]: Local Fusion callback triggered.
[global_fusion-4] [INFO] [1781642639.304922556] [global_fusion_node]: Removing wall ID 4.
[detector_node-2] [INFO] [1781642639.381941998] [detector_node]: YOLO_DETECTOR detection elapsed time: 0.0241 seconds
[local_fusion-3] [INFO] [1781642639.382383582] [local_fusion_node]: Local Fusion callback triggered.
[detector_node-2] [INFO] [1781642639.480884074] [detector_node]: YOLO_DETECTOR detection elapsed time: 0.0235 seconds
[local_fusion-3] [INFO] [1781642639.481313878] [local_fusion_node]: Local Fusion callback triggered.
[detector_node-2] [INFO] [1781642639.583659159] [detector_node]: YOLO_DETECTOR detection elapsed time: 0.0242 seconds
[local_fusion-3] [INFO] [1781642639.583997311] [local_fusion_node]: Local Fusion callback triggered.
[detector_node-2] [INFO] [1781642639.681662593] [detector_node]: YOLO_DETECTOR detection elapsed time: 0.0234 seconds
[local_fusion-3] [INFO] [1781642639.681999032] [local_fusion_node]: Local Fusion callback triggered.
[global_fusion-4] [INFO] [1781642639.701256718] [global_fusion_node]: Removing wall ID 5.
[detector_node-2] [INFO] [1781642639.780043375] [detector_node]: YOLO_DETECTOR detection elapsed time: 0.0220 seconds
[local_fusion-3] [INFO] [1781642639.780430303] [local_fusion_node]: Local Fusion callback triggered.
[detector_node-2] [INFO] [1781642639.880566496] [detector_node]: YOLO_DETECTOR detection elapsed time: 0.0233 seconds
[local_fusion-3] [INFO] [1781642639.881043851] [local_fusion_node]: Local Fusion callback triggered.
[detector_node-2] [INFO] [1781642639.981851757] [detector_node]: YOLO_DETECTOR detection elapsed time: 0.0235 seconds
[local_fusion-3] [INFO] [1781642639.982308241] [local_fusion_node]: Local Fusion callback triggered.
[detector_node-2] [INFO] [1781642640.084258462] [detector_node]: YOLO_DETECTOR detection elapsed time: 0.0238 seconds
[local_fusion-3] [INFO] [1781642640.084638824] [local_fusion_node]: Local Fusion callback triggered.
[global_fusion-4] [INFO] [1781642640.109708749] [global_fusion_node]: Removing wall ID 6.
[detector_node-2] [INFO] [1781642640.182361295] [detector_node]: YOLO_DETECTOR detection elapsed time: 0.0228 seconds
[local_fusion-3] [INFO] [1781642640.182789211] [local_fusion_node]: Local Fusion callback triggered.
[detector_node-2] [INFO] [1781642640.282116500] [detector_node]: YOLO_DETECTOR detection elapsed time: 0.0243 seconds
[local_fusion-3] [INFO] [1781642640.282628830] [local_fusion_node]: Local Fusion callback triggered.
[detector_node-2] [INFO] [1781642640.383720333] [detector_node]: YOLO_DETECTOR detection elapsed time: 0.0247 seconds
[local_fusion-3] [INFO] [1781642640.384215676] [local_fusion_node]: Local Fusion callback triggered.
[detector_node-2] [INFO] [1781642640.481596865] [detector_node]: YOLO_DETECTOR detection elapsed time: 0.0227 seconds
[local_fusion-3] [INFO] [1781642640.481966032] [local_fusion_node]: Local Fusion callback triggered.
[detector_node-2] [INFO] [1781642640.583219659] [detector_node]: YOLO_DETECTOR detection elapsed time: 0.0246 seconds
[local_fusion-3] [INFO] [1781642640.583360747] [local_fusion_node]: Local Fusion callback triggered.
[global_fusion-4] [INFO] [1781642640.614056007] [global_fusion_node]: Removing wall ID 10.
[detector_node-2] [INFO] [1781642640.682095446] [detector_node]: YOLO_DETECTOR detection elapsed time: 0.0252 seconds
[local_fusion-3] [INFO] [1781642640.682575832] [local_fusion_node]: Local Fusion callback triggered.
[detector_node-2] [INFO] [1781642640.782300137] [detector_node]: YOLO_DETECTOR detection elapsed time: 0.0239 seconds
[local_fusion-3] [INFO] [1781642640.782793468] [local_fusion_node]: Local Fusion callback triggered.
[global_fusion-4] [INFO] [1781642640.854581183] [global_fusion_node]: Removing wall ID 11.
[detector_node-2] [INFO] [1781642640.886033776] [detector_node]: YOLO_DETECTOR detection elapsed time: 0.0236 seconds
[local_fusion-3] [INFO] [1781642640.886495893] [local_fusion_node]: Local Fusion callback triggered.
[detector_node-2] [INFO] [1781642640.988539137] [detector_node]: YOLO_DETECTOR detection elapsed time: 0.0244 seconds
[local_fusion-3] [INFO] [1781642640.988932714] [local_fusion_node]: Local Fusion callback triggered.
[detector_node-2] [INFO] [1781642641.085494140] [detector_node]: YOLO_DETECTOR detection elapsed time: 0.0243 seconds
[local_fusion-3] [INFO] [1781642641.085879831] [local_fusion_node]: Local Fusion callback triggered.
[global_fusion-4] [WARN] [1781642641.178405682] [global_fusion_node]: TF transform failed: Lookup would require extrapolation into the future.  Requested time 454.669885 but the latest data is at time 454.657849, when looking up transform from frame [drone0/base_link] to frame [drone0/map]
[detector_node-2] [INFO] [1781642641.183927364] [detector_node]: YOLO_DETECTOR detection elapsed time: 0.0242 seconds
[local_fusion-3] [INFO] [1781642641.184334258] [local_fusion_node]: Local Fusion callback triggered.
[global_fusion-4] [WARN] [1781642641.251339700] [global_fusion_node]: TF transform failed: Lookup would require extrapolation into the future.  Requested time 454.769987 but the latest data is at time 454.733354, when looking up transform from frame [drone0/base_link] to frame [drone0/map]
[detector_node-2] [INFO] [1781642641.281137379] [detector_node]: YOLO_DETECTOR detection elapsed time: 0.0217 seconds
[local_fusion-3] [INFO] [1781642641.281584661] [local_fusion_node]: Local Fusion callback triggered.
[global_fusion-4] [WARN] [1781642641.322930673] [global_fusion_node]: TF transform failed: Lookup would require extrapolation into the future.  Requested time 454.869909 but the latest data is at time 454.803536, when looking up transform from frame [drone0/base_link] to frame [drone0/map]
[detector_node-2] [INFO] [1781642641.379992515] [detector_node]: YOLO_DETECTOR detection elapsed time: 0.0220 seconds
[local_fusion-3] [INFO] [1781642641.380341166] [local_fusion_node]: Local Fusion callback triggered.
[global_fusion-4] [WARN] [1781642641.424080838] [global_fusion_node]: TF transform failed: Lookup would require extrapolation into the future.  Requested time 454.970028 but the latest data is at time 454.897753, when looking up transform from frame [drone0/base_link] to frame [drone0/map]
[detector_node-2] [INFO] [1781642641.483129957] [detector_node]: YOLO_DETECTOR detection elapsed time: 0.0255 seconds
[local_fusion-3] [INFO] [1781642641.483454096] [local_fusion_node]: Local Fusion callback triggered.
[global_fusion-4] [WARN] [1781642641.517840102] [global_fusion_node]: TF transform failed: Lookup would require extrapolation into the future.  Requested time 455.070321 but the latest data is at time 454.983783, when looking up transform from frame [drone0/base_link] to frame [drone0/map]
[detector_node-2] [INFO] [1781642641.583159394] [detector_node]: YOLO_DETECTOR detection elapsed time: 0.0254 seconds
[local_fusion-3] [INFO] [1781642641.583449679] [local_fusion_node]: Local Fusion callback triggered.
[global_fusion-4] [WARN] [1781642641.607254544] [global_fusion_node]: TF transform failed: Lookup would require extrapolation into the future.  Requested time 455.170697 but the latest data is at time 455.073380, when looking up transform from frame [drone0/base_link] to frame [drone0/map]
[detector_node-2] [INFO] [1781642641.682757312] [detector_node]: YOLO_DETECTOR detection elapsed time: 0.0244 seconds
[local_fusion-3] [INFO] [1781642641.683190872] [local_fusion_node]: Local Fusion callback triggered.
[global_fusion-4] [WARN] [1781642641.687612536] [global_fusion_node]: TF transform failed: Lookup would require extrapolation into the future.  Requested time 455.269368 but the latest data is at time 455.157995, when looking up transform from frame [drone0/base_link] to frame [drone0/map]
[global_fusion-4] [WARN] [1781642641.758569386] [global_fusion_node]: TF transform failed: Lookup would require extrapolation into the future.  Requested time 455.370001 but the latest data is at time 455.243682, when looking up transform from frame [drone0/base_link] to frame [drone0/map]
[detector_node-2] [INFO] [1781642641.790099210] [detector_node]: YOLO_DETECTOR detection elapsed time: 0.0244 seconds
[local_fusion-3] [INFO] [1781642641.790497425] [local_fusion_node]: Local Fusion callback triggered.
[global_fusion-4] [WARN] [1781642641.842043911] [global_fusion_node]: TF transform failed: Lookup would require extrapolation into the future.  Requested time 455.470897 but the latest data is at time 455.313515, when looking up transform from frame [drone0/base_link] to frame [drone0/map]
[detector_node-2] [INFO] [1781642641.887219769] [detector_node]: YOLO_DETECTOR detection elapsed time: 0.0242 seconds
[local_fusion-3] [INFO] [1781642641.887540280] [local_fusion_node]: Local Fusion callback triggered.
[global_fusion-4] [WARN] [1781642641.928364367] [global_fusion_node]: TF transform failed: Lookup would require extrapolation into the future.  Requested time 455.570763 but the latest data is at time 455.393310, when looking up transform from frame [drone0/base_link] to frame [drone0/map]
[detector_node-2] [INFO] [1781642641.985699714] [detector_node]: YOLO_DETECTOR detection elapsed time: 0.0223 seconds
[local_fusion-3] [INFO] [1781642641.986150755] [local_fusion_node]: Local Fusion callback triggered.
[global_fusion-4] [WARN] [1781642642.011220504] [global_fusion_node]: TF transform failed: Lookup would require extrapolation into the future.  Requested time 455.669918 but the latest data is at time 455.483513, when looking up transform from frame [drone0/base_link] to frame [drone0/map]
[detector_node-2] [INFO] [1781642642.081767622] [detector_node]: YOLO_DETECTOR detection elapsed time: 0.0232 seconds
[local_fusion-3] [INFO] [1781642642.082234256] [local_fusion_node]: Local Fusion callback triggered.
[global_fusion-4] [WARN] [1781642642.100021409] [global_fusion_node]: TF transform failed: Lookup would require extrapolation into the future.  Requested time 455.769991 but the latest data is at time 455.563539, when looking up transform from frame [drone0/base_link] to frame [drone0/map]
[global_fusion-4] [WARN] [1781642642.177064087] [global_fusion_node]: TF transform failed: Lookup would require extrapolation into the future.  Requested time 455.870711 but the latest data is at time 455.653709, when looking up transform from frame [drone0/base_link] to frame [drone0/map]
[detector_node-2] [INFO] [1781642642.183173059] [detector_node]: YOLO_DETECTOR detection elapsed time: 0.0240 seconds
[local_fusion-3] [INFO] [1781642642.183617601] [local_fusion_node]: Local Fusion callback triggered.
[global_fusion-4] [WARN] [1781642642.256955183] [global_fusion_node]: TF transform failed: Lookup would require extrapolation into the future.  Requested time 455.963595 but the latest data is at time 455.733395, when looking up transform from frame [drone0/base_link] to frame [drone0/map]
[detector_node-2] [INFO] [1781642642.284494308] [detector_node]: YOLO_DETECTOR detection elapsed time: 0.0237 seconds
[local_fusion-3] [INFO] [1781642642.284943390] [local_fusion_node]: Local Fusion callback triggered.
[global_fusion-4] [WARN] [1781642642.344072117] [global_fusion_node]: TF transform failed: Lookup would require extrapolation into the future.  Requested time 456.070869 but the latest data is at time 455.807745, when looking up transform from frame [drone0/base_link] to frame [drone0/map]
[detector_node-2] [INFO] [1781642642.384949024] [detector_node]: YOLO_DETECTOR detection elapsed time: 0.0245 seconds
[local_fusion-3] [INFO] [1781642642.385383929] [local_fusion_node]: Local Fusion callback triggered.
[global_fusion-4] [WARN] [1781642642.429112391] [global_fusion_node]: TF transform failed: Lookup would require extrapolation into the future.  Requested time 456.171080 but the latest data is at time 455.897948, when looking up transform from frame [drone0/base_link] to frame [drone0/map]
[detector_node-2] [INFO] [1781642642.481880073] [detector_node]: YOLO_DETECTOR detection elapsed time: 0.0230 seconds
[local_fusion-3] [INFO] [1781642642.482217384] [local_fusion_node]: Local Fusion callback triggered.
[global_fusion-4] [WARN] [1781642642.512889633] [global_fusion_node]: TF transform failed: Lookup would require extrapolation into the future.  Requested time 456.269958 but the latest data is at time 455.983508, when looking up transform from frame [drone0/base_link] to frame [drone0/map]
[detector_node-2] [INFO] [1781642642.582135635] [detector_node]: YOLO_DETECTOR detection elapsed time: 0.0225 seconds
[local_fusion-3] [INFO] [1781642642.582440304] [local_fusion_node]: Local Fusion callback triggered.
[global_fusion-4] [WARN] [1781642642.595925870] [global_fusion_node]: TF transform failed: Lookup would require extrapolation into the future.  Requested time 456.370707 but the latest data is at time 456.063660, when looking up transform from frame [drone0/base_link] to frame [drone0/map]
[global_fusion-4] [WARN] [1781642642.668390086] [global_fusion_node]: TF transform failed: Lookup would require extrapolation into the future.  Requested time 456.470036 but the latest data is at time 456.147916, when looking up transform from frame [drone0/base_link] to frame [drone0/map]
[detector_node-2] [INFO] [1781642642.684315750] [detector_node]: YOLO_DETECTOR detection elapsed time: 0.0225 seconds
[local_fusion-3] [INFO] [1781642642.684570829] [local_fusion_node]: Local Fusion callback triggered.
[global_fusion-4] [WARN] [1781642642.754832923] [global_fusion_node]: TF transform failed: Lookup would require extrapolation into the future.  Requested time 456.569606 but the latest data is at time 456.227596, when looking up transform from frame [drone0/base_link] to frame [drone0/map]
[detector_node-2] [INFO] [1781642642.783230575] [detector_node]: YOLO_DETECTOR detection elapsed time: 0.0234 seconds
[local_fusion-3] [INFO] [1781642642.783546178] [local_fusion_node]: Local Fusion callback triggered.
[global_fusion-4] [WARN] [1781642642.846267488] [global_fusion_node]: TF transform failed: Lookup would require extrapolation into the future.  Requested time 456.670840 but the latest data is at time 456.307726, when looking up transform from frame [drone0/base_link] to frame [drone0/map]
[detector_node-2] [INFO] [1781642642.882895025] [detector_node]: YOLO_DETECTOR detection elapsed time: 0.0235 seconds
[local_fusion-3] [INFO] [1781642642.883286463] [local_fusion_node]: Local Fusion callback triggered.
[global_fusion-4] [WARN] [1781642642.949650475] [global_fusion_node]: TF transform failed: Lookup would require extrapolation into the future.  Requested time 456.769973 but the latest data is at time 456.403277, when looking up transform from frame [drone0/base_link] to frame [drone0/map]
[detector_node-2] [INFO] [1781642642.981127258] [detector_node]: YOLO_DETECTOR detection elapsed time: 0.0207 seconds
[local_fusion-3] [INFO] [1781642642.981433705] [local_fusion_node]: Local Fusion callback triggered.
[global_fusion-4] [WARN] [1781642643.037752522] [global_fusion_node]: TF transform failed: Lookup would require extrapolation into the future.  Requested time 456.870237 but the latest data is at time 456.503378, when looking up transform from frame [drone0/base_link] to frame [drone0/map]
[detector_node-2] [INFO] [1781642643.083033418] [detector_node]: YOLO_DETECTOR detection elapsed time: 0.0248 seconds
[local_fusion-3] [INFO] [1781642643.083499635] [local_fusion_node]: Local Fusion callback triggered.
[global_fusion-4] [WARN] [1781642643.133268366] [global_fusion_node]: TF transform failed: Lookup would require extrapolation into the future.  Requested time 456.970640 but the latest data is at time 456.597752, when looking up transform from frame [drone0/base_link] to frame [drone0/map]
[detector_node-2] [INFO] [1781642643.182877065] [detector_node]: YOLO_DETECTOR detection elapsed time: 0.0235 seconds
[local_fusion-3] [INFO] [1781642643.183166652] [local_fusion_node]: Local Fusion callback triggered.
[global_fusion-4] [WARN] [1781642643.205022638] [global_fusion_node]: TF transform failed: Lookup would require extrapolation into the future.  Requested time 457.069924 but the latest data is at time 456.683444, when looking up transform from frame [drone0/base_link] to frame [drone0/map]
[detector_node-2] [INFO] [1781642643.283092789] [detector_node]: YOLO_DETECTOR detection elapsed time: 0.0227 seconds
[local_fusion-3] [INFO] [1781642643.283512967] [local_fusion_node]: Local Fusion callback triggered.
[global_fusion-4] [WARN] [1781642643.301653555] [global_fusion_node]: TF transform failed: Lookup would require extrapolation into the future.  Requested time 457.170768 but the latest data is at time 456.773271, when looking up transform from frame [drone0/base_link] to frame [drone0/map]
[detector_node-2] [INFO] [1781642643.383263669] [detector_node]: YOLO_DETECTOR detection elapsed time: 0.0238 seconds
[local_fusion-3] [INFO] [1781642643.383475918] [local_fusion_node]: Local Fusion callback triggered.
[global_fusion-4] [WARN] [1781642643.389827421] [global_fusion_node]: TF transform failed: Lookup would require extrapolation into the future.  Requested time 457.270773 but the latest data is at time 456.855679, when looking up transform from frame [drone0/base_link] to frame [drone0/map]
[global_fusion-4] [WARN] [1781642643.461879359] [global_fusion_node]: TF transform failed: Lookup would require extrapolation into the future.  Requested time 457.369932 but the latest data is at time 456.943692, when looking up transform from frame [drone0/base_link] to frame [drone0/map]
[detector_node-2] [INFO] [1781642643.483503028] [detector_node]: YOLO_DETECTOR detection elapsed time: 0.0240 seconds
[local_fusion-3] [INFO] [1781642643.483738084] [local_fusion_node]: Local Fusion callback triggered.
[global_fusion-4] [WARN] [1781642643.551210629] [global_fusion_node]: TF transform failed: Lookup would require extrapolation into the future.  Requested time 457.470811 but the latest data is at time 457.257804, when looking up transform from frame [drone0/base_link] to frame [drone0/map]
[detector_node-2] [INFO] [1781642643.584440668] [detector_node]: YOLO_DETECTOR detection elapsed time: 0.0244 seconds
[local_fusion-3] [INFO] [1781642643.584837573] [local_fusion_node]: Local Fusion callback triggered.
[global_fusion-4] [WARN] [1781642643.646562674] [global_fusion_node]: TF transform failed: Lookup would require extrapolation into the future.  Requested time 457.567074 but the latest data is at time 457.523401, when looking up transform from frame [drone0/base_link] to frame [drone0/map]
[detector_node-2] [INFO] [1781642643.679459211] [detector_node]: YOLO_DETECTOR detection elapsed time: 0.0212 seconds
[local_fusion-3] [INFO] [1781642643.679805818] [local_fusion_node]: Local Fusion callback triggered.
[detector_node-2] [INFO] [1781642643.782223010] [detector_node]: YOLO_DETECTOR detection elapsed time: 0.0238 seconds
[local_fusion-3] [INFO] [1781642643.782669148] [local_fusion_node]: Local Fusion callback triggered.
[detector_node-2] [INFO] [1781642643.887692078] [detector_node]: YOLO_DETECTOR detection elapsed time: 0.0232 seconds
[local_fusion-3] [INFO] [1781642643.888100926] [local_fusion_node]: Local Fusion callback triggered.
[detector_node-2] [INFO] [1781642643.985541362] [detector_node]: YOLO_DETECTOR detection elapsed time: 0.0234 seconds
[local_fusion-3] [INFO] [1781642643.985949665] [local_fusion_node]: Local Fusion callback triggered.
[detector_node-2] [INFO] [1781642644.088612756] [detector_node]: YOLO_DETECTOR detection elapsed time: 0.0230 seconds
[local_fusion-3] [INFO] [1781642644.088996746] [local_fusion_node]: Local Fusion callback triggered.
[detector_node-2] [INFO] [1781642644.183439628] [detector_node]: YOLO_DETECTOR detection elapsed time: 0.0246 seconds
[local_fusion-3] [INFO] [1781642644.183758088] [local_fusion_node]: Local Fusion callback triggered.
[detector_node-2] [INFO] [1781642644.284574434] [detector_node]: YOLO_DETECTOR detection elapsed time: 0.0243 seconds
[local_fusion-3] [INFO] [1781642644.284874454] [local_fusion_node]: Local Fusion callback triggered.
[detector_node-2] [INFO] [1781642644.381510609] [detector_node]: YOLO_DETECTOR detection elapsed time: 0.0229 seconds
[local_fusion-3] [INFO] [1781642644.381891392] [local_fusion_node]: Local Fusion callback triggered.
[detector_node-2] [INFO] [1781642644.482512780] [detector_node]: YOLO_DETECTOR detection elapsed time: 0.0222 seconds
[local_fusion-3] [INFO] [1781642644.482954406] [local_fusion_node]: Local Fusion callback triggered.
[detector_node-2] [INFO] [1781642644.580845712] [detector_node]: YOLO_DETECTOR detection elapsed time: 0.0214 seconds
[local_fusion-3] [INFO] [1781642644.581277974] [local_fusion_node]: Local Fusion callback triggered.
[detector_node-2] [INFO] [1781642644.688570413] [detector_node]: YOLO_DETECTOR detection elapsed time: 0.0218 seconds
[local_fusion-3] [INFO] [1781642644.688942760] [local_fusion_node]: Local Fusion callback triggered.
[detector_node-2] [INFO] [1781642644.784589130] [detector_node]: YOLO_DETECTOR detection elapsed time: 0.0242 seconds
[local_fusion-3] [INFO] [1781642644.784981933] [local_fusion_node]: Local Fusion callback triggered.
[detector_node-2] [INFO] [1781642644.884524411] [detector_node]: YOLO_DETECTOR detection elapsed time: 0.0251 seconds
[local_fusion-3] [INFO] [1781642644.884923708] [local_fusion_node]: Local Fusion callback triggered.
[detector_node-2] [INFO] [1781642644.983999294] [detector_node]: YOLO_DETECTOR detection elapsed time: 0.0223 seconds
[local_fusion-3] [INFO] [1781642644.984322563] [local_fusion_node]: Local Fusion callback triggered.
[detector_node-2] [INFO] [1781642645.084847726] [detector_node]: YOLO_DETECTOR detection elapsed time: 0.0221 seconds
[local_fusion-3] [INFO] [1781642645.085267874] [local_fusion_node]: Local Fusion callback triggered.
[detector_node-2] [INFO] [1781642645.186317242] [detector_node]: YOLO_DETECTOR detection elapsed time: 0.0221 seconds
[local_fusion-3] [INFO] [1781642645.186766654] [local_fusion_node]: Local Fusion callback triggered.
[detector_node-2] [INFO] [1781642645.283582893] [detector_node]: YOLO_DETECTOR detection elapsed time: 0.0244 seconds
[local_fusion-3] [INFO] [1781642645.283874240] [local_fusion_node]: Local Fusion callback triggered.
[detector_node-2] [INFO] [1781642645.385737002] [detector_node]: YOLO_DETECTOR detection elapsed time: 0.0257 seconds
[local_fusion-3] [INFO] [1781642645.386136139] [local_fusion_node]: Local Fusion callback triggered.
[detector_node-2] [INFO] [1781642645.488421614] [detector_node]: YOLO_DETECTOR detection elapsed time: 0.0255 seconds
[local_fusion-3] [INFO] [1781642645.488768758] [local_fusion_node]: Local Fusion callback triggered.
[detector_node-2] [INFO] [1781642645.586822156] [detector_node]: YOLO_DETECTOR detection elapsed time: 0.0241 seconds
[local_fusion-3] [INFO] [1781642645.587200919] [local_fusion_node]: Local Fusion callback triggered.
[detector_node-2] [INFO] [1781642645.682388223] [detector_node]: YOLO_DETECTOR detection elapsed time: 0.0218 seconds
[local_fusion-3] [INFO] [1781642645.682640205] [local_fusion_node]: Local Fusion callback triggered.
[detector_node-2] [INFO] [1781642645.786037321] [detector_node]: YOLO_DETECTOR detection elapsed time: 0.0237 seconds
[local_fusion-3] [INFO] [1781642645.786460824] [local_fusion_node]: Local Fusion callback triggered.
[detector_node-2] [INFO] [1781642645.885171423] [detector_node]: YOLO_DETECTOR detection elapsed time: 0.0230 seconds
[local_fusion-3] [INFO] [1781642645.885367359] [local_fusion_node]: Local Fusion callback triggered.
[detector_node-2] [INFO] [1781642645.988661806] [detector_node]: YOLO_DETECTOR detection elapsed time: 0.0228 seconds
[local_fusion-3] [INFO] [1781642645.989094550] [local_fusion_node]: Local Fusion callback triggered.
[detector_node-2] [INFO] [1781642646.085257516] [detector_node]: YOLO_DETECTOR detection elapsed time: 0.0233 seconds
[local_fusion-3] [INFO] [1781642646.085668010] [local_fusion_node]: Local Fusion callback triggered.
[detector_node-2] [INFO] [1781642646.183620089] [detector_node]: YOLO_DETECTOR detection elapsed time: 0.0217 seconds
[local_fusion-3] [INFO] [1781642646.184028827] [local_fusion_node]: Local Fusion callback triggered.
[detector_node-2] [INFO] [1781642646.283354980] [detector_node]: YOLO_DETECTOR detection elapsed time: 0.0210 seconds
[local_fusion-3] [INFO] [1781642646.283569516] [local_fusion_node]: Local Fusion callback triggered.
[detector_node-2] [INFO] [1781642646.384727140] [detector_node]: YOLO_DETECTOR detection elapsed time: 0.0239 seconds
[local_fusion-3] [INFO] [1781642646.385124838] [local_fusion_node]: Local Fusion callback triggered.
[detector_node-2] [INFO] [1781642646.482213502] [detector_node]: YOLO_DETECTOR detection elapsed time: 0.0225 seconds
[local_fusion-3] [INFO] [1781642646.482602385] [local_fusion_node]: Local Fusion callback triggered.
[detector_node-2] [INFO] [1781642646.584430592] [detector_node]: YOLO_DETECTOR detection elapsed time: 0.0233 seconds
[local_fusion-3] [INFO] [1781642646.584871926] [local_fusion_node]: Local Fusion callback triggered.
[detector_node-2] [INFO] [1781642646.687129894] [detector_node]: YOLO_DETECTOR detection elapsed time: 0.0219 seconds
[local_fusion-3] [INFO] [1781642646.687532479] [local_fusion_node]: Local Fusion callback triggered.
[detector_node-2] [INFO] [1781642646.785497136] [detector_node]: YOLO_DETECTOR detection elapsed time: 0.0271 seconds
[local_fusion-3] [INFO] [1781642646.785815944] [local_fusion_node]: Local Fusion callback triggered.
[detector_node-2] [INFO] [1781642646.884681291] [detector_node]: YOLO_DETECTOR detection elapsed time: 0.0248 seconds
[local_fusion-3] [INFO] [1781642646.885092223] [local_fusion_node]: Local Fusion callback triggered.
[detector_node-2] [INFO] [1781642646.985414459] [detector_node]: YOLO_DETECTOR detection elapsed time: 0.0237 seconds
[local_fusion-3] [INFO] [1781642646.985658220] [local_fusion_node]: Local Fusion callback triggered.
[detector_node-2] [INFO] [1781642647.085309426] [detector_node]: YOLO_DETECTOR detection elapsed time: 0.0243 seconds
[local_fusion-3] [INFO] [1781642647.085931351] [local_fusion_node]: Local Fusion callback triggered.
[detector_node-2] [INFO] [1781642647.186820707] [detector_node]: YOLO_DETECTOR detection elapsed time: 0.0233 seconds
[local_fusion-3] [INFO] [1781642647.187498222] [local_fusion_node]: Local Fusion callback triggered.
[detector_node-2] [INFO] [1781642647.288984088] [detector_node]: YOLO_DETECTOR detection elapsed time: 0.0240 seconds
[local_fusion-3] [INFO] [1781642647.289688197] [local_fusion_node]: Local Fusion callback triggered.
[detector_node-2] [INFO] [1781642647.383940864] [detector_node]: YOLO_DETECTOR detection elapsed time: 0.0237 seconds
[local_fusion-3] [INFO] [1781642647.384391823] [local_fusion_node]: Local Fusion callback triggered.
[detector_node-2] [INFO] [1781642647.481444567] [detector_node]: YOLO_DETECTOR detection elapsed time: 0.0222 seconds
[local_fusion-3] [INFO] [1781642647.481778759] [local_fusion_node]: Local Fusion callback triggered.
[detector_node-2] [INFO] [1781642647.579562775] [detector_node]: YOLO_DETECTOR detection elapsed time: 0.0217 seconds
[local_fusion-3] [INFO] [1781642647.579939893] [local_fusion_node]: Local Fusion callback triggered.
[detector_node-2] [INFO] [1781642647.685252047] [detector_node]: YOLO_DETECTOR detection elapsed time: 0.0247 seconds
[local_fusion-3] [INFO] [1781642647.685560786] [local_fusion_node]: Local Fusion callback triggered.
[detector_node-2] [INFO] [1781642647.781092349] [detector_node]: YOLO_DETECTOR detection elapsed time: 0.0224 seconds
[local_fusion-3] [INFO] [1781642647.781474856] [local_fusion_node]: Local Fusion callback triggered.
[detector_node-2] [INFO] [1781642647.881724459] [detector_node]: YOLO_DETECTOR detection elapsed time: 0.0211 seconds
[local_fusion-3] [INFO] [1781642647.882173639] [local_fusion_node]: Local Fusion callback triggered.
[detector_node-2] [INFO] [1781642647.985273154] [detector_node]: YOLO_DETECTOR detection elapsed time: 0.0248 seconds
[local_fusion-3] [INFO] [1781642647.985744522] [local_fusion_node]: Local Fusion callback triggered.
[detector_node-2] [INFO] [1781642648.080945354] [detector_node]: YOLO_DETECTOR detection elapsed time: 0.0228 seconds
[local_fusion-3] [INFO] [1781642648.081371601] [local_fusion_node]: Local Fusion callback triggered.
[detector_node-2] [INFO] [1781642648.181675121] [detector_node]: YOLO_DETECTOR detection elapsed time: 0.0225 seconds
[local_fusion-3] [INFO] [1781642648.182113702] [local_fusion_node]: Local Fusion callback triggered.
[detector_node-2] [INFO] [1781642648.280136457] [detector_node]: YOLO_DETECTOR detection elapsed time: 0.0223 seconds
[local_fusion-3] [INFO] [1781642648.280568003] [local_fusion_node]: Local Fusion callback triggered.
[detector_node-2] [INFO] [1781642648.381243051] [detector_node]: YOLO_DETECTOR detection elapsed time: 0.0222 seconds
[local_fusion-3] [INFO] [1781642648.381677213] [local_fusion_node]: Local Fusion callback triggered.
[detector_node-2] [INFO] [1781642648.482399247] [detector_node]: YOLO_DETECTOR detection elapsed time: 0.0233 seconds
[local_fusion-3] [INFO] [1781642648.482819403] [local_fusion_node]: Local Fusion callback triggered.
[detector_node-2] [INFO] [1781642648.583752779] [detector_node]: YOLO_DETECTOR detection elapsed time: 0.0218 seconds
[local_fusion-3] [INFO] [1781642648.584184053] [local_fusion_node]: Local Fusion callback triggered.
[detector_node-2] [INFO] [1781642648.681419734] [detector_node]: YOLO_DETECTOR detection elapsed time: 0.0236 seconds
[local_fusion-3] [INFO] [1781642648.682058929] [local_fusion_node]: Local Fusion callback triggered.
[detector_node-2] [INFO] [1781642648.783336087] [detector_node]: YOLO_DETECTOR detection elapsed time: 0.0228 seconds
[local_fusion-3] [INFO] [1781642648.783790777] [local_fusion_node]: Local Fusion callback triggered.
[detector_node-2] [INFO] [1781642648.881506554] [detector_node]: YOLO_DETECTOR detection elapsed time: 0.0238 seconds
[local_fusion-3] [INFO] [1781642648.881765939] [local_fusion_node]: Local Fusion callback triggered.
[detector_node-2] [INFO] [1781642648.978878339] [detector_node]: YOLO_DETECTOR detection elapsed time: 0.0219 seconds
[local_fusion-3] [INFO] [1781642648.979214136] [local_fusion_node]: Local Fusion callback triggered.
[detector_node-2] [INFO] [1781642649.081188563] [detector_node]: YOLO_DETECTOR detection elapsed time: 0.0227 seconds
[local_fusion-3] [INFO] [1781642649.081565307] [local_fusion_node]: Local Fusion callback triggered.
[detector_node-2] [INFO] [1781642649.182227792] [detector_node]: YOLO_DETECTOR detection elapsed time: 0.0250 seconds
[local_fusion-3] [INFO] [1781642649.182615866] [local_fusion_node]: Local Fusion callback triggered.
[detector_node-2] [INFO] [1781642649.279900370] [detector_node]: YOLO_DETECTOR detection elapsed time: 0.0232 seconds
[local_fusion-3] [INFO] [1781642649.280239258] [local_fusion_node]: Local Fusion callback triggered.
[detector_node-2] [INFO] [1781642649.380260411] [detector_node]: YOLO_DETECTOR detection elapsed time: 0.0228 seconds
[local_fusion-3] [INFO] [1781642649.380692532] [local_fusion_node]: Local Fusion callback triggered.
[detector_node-2] [INFO] [1781642649.482532906] [detector_node]: YOLO_DETECTOR detection elapsed time: 0.0230 seconds
[local_fusion-3] [INFO] [1781642649.482858955] [local_fusion_node]: Local Fusion callback triggered.
[detector_node-2] [INFO] [1781642649.581183349] [detector_node]: YOLO_DETECTOR detection elapsed time: 0.0227 seconds
[local_fusion-3] [INFO] [1781642649.581496596] [local_fusion_node]: Local Fusion callback triggered.
[detector_node-2] [INFO] [1781642649.679850807] [detector_node]: YOLO_DETECTOR detection elapsed time: 0.0219 seconds
[local_fusion-3] [INFO] [1781642649.680232257] [local_fusion_node]: Local Fusion callback triggered.
[detector_node-2] [INFO] [1781642649.779089438] [detector_node]: YOLO_DETECTOR detection elapsed time: 0.0216 seconds
[local_fusion-3] [INFO] [1781642649.779415100] [local_fusion_node]: Local Fusion callback triggered.
[detector_node-2] [INFO] [1781642649.882704636] [detector_node]: YOLO_DETECTOR detection elapsed time: 0.0221 seconds
[local_fusion-3] [INFO] [1781642649.883121275] [local_fusion_node]: Local Fusion callback triggered.
[detector_node-2] [INFO] [1781642649.980011948] [detector_node]: YOLO_DETECTOR detection elapsed time: 0.0225 seconds
[local_fusion-3] [INFO] [1781642649.980447463] [local_fusion_node]: Local Fusion callback triggered.
[detector_node-2] [INFO] [1781642650.081452634] [detector_node]: YOLO_DETECTOR detection elapsed time: 0.0234 seconds
[local_fusion-3] [INFO] [1781642650.081906376] [local_fusion_node]: Local Fusion callback triggered.
[detector_node-2] [INFO] [1781642650.181270517] [detector_node]: YOLO_DETECTOR detection elapsed time: 0.0228 seconds
[local_fusion-3] [INFO] [1781642650.181883085] [local_fusion_node]: Local Fusion callback triggered.
[detector_node-2] [INFO] [1781642650.285098041] [detector_node]: YOLO_DETECTOR detection elapsed time: 0.0230 seconds
[local_fusion-3] [INFO] [1781642650.285676934] [local_fusion_node]: Local Fusion callback triggered.
[detector_node-2] [INFO] [1781642650.383384554] [detector_node]: YOLO_DETECTOR detection elapsed time: 0.0227 seconds
[local_fusion-3] [INFO] [1781642650.383800286] [local_fusion_node]: Local Fusion callback triggered.
[detector_node-2] [INFO] [1781642650.482033618] [detector_node]: YOLO_DETECTOR detection elapsed time: 0.0228 seconds
[local_fusion-3] [INFO] [1781642650.482418853] [local_fusion_node]: Local Fusion callback triggered.
[detector_node-2] [INFO] [1781642650.582831974] [detector_node]: YOLO_DETECTOR detection elapsed time: 0.0229 seconds
[local_fusion-3] [INFO] [1781642650.583278828] [local_fusion_node]: Local Fusion callback triggered.
[detector_node-2] [INFO] [1781642650.681191885] [detector_node]: YOLO_DETECTOR detection elapsed time: 0.0226 seconds
[local_fusion-3] [INFO] [1781642650.681545573] [local_fusion_node]: Local Fusion callback triggered.
[detector_node-2] [INFO] [1781642650.781579376] [detector_node]: YOLO_DETECTOR detection elapsed time: 0.0223 seconds
[local_fusion-3] [INFO] [1781642650.781981068] [local_fusion_node]: Local Fusion callback triggered.
[detector_node-2] [INFO] [1781642650.880787952] [detector_node]: YOLO_DETECTOR detection elapsed time: 0.0227 seconds
[local_fusion-3] [INFO] [1781642650.881124496] [local_fusion_node]: Local Fusion callback triggered.
[detector_node-2] [INFO] [1781642650.984326337] [detector_node]: YOLO_DETECTOR detection elapsed time: 0.0217 seconds
[local_fusion-3] [INFO] [1781642650.984599737] [local_fusion_node]: Local Fusion callback triggered.
[detector_node-2] [INFO] [1781642651.084785770] [detector_node]: YOLO_DETECTOR detection elapsed time: 0.0230 seconds
[local_fusion-3] [INFO] [1781642651.085189581] [local_fusion_node]: Local Fusion callback triggered.
[detector_node-2] [INFO] [1781642651.180595460] [detector_node]: YOLO_DETECTOR detection elapsed time: 0.0221 seconds
[local_fusion-3] [INFO] [1781642651.181035892] [local_fusion_node]: Local Fusion callback triggered.
[detector_node-2] [INFO] [1781642651.284549907] [detector_node]: YOLO_DETECTOR detection elapsed time: 0.0235 seconds
[local_fusion-3] [INFO] [1781642651.284802243] [local_fusion_node]: Local Fusion callback triggered.
[detector_node-2] [INFO] [1781642651.383310209] [detector_node]: YOLO_DETECTOR detection elapsed time: 0.0220 seconds
[local_fusion-3] [INFO] [1781642651.383762962] [local_fusion_node]: Local Fusion callback triggered.
[detector_node-2] [INFO] [1781642651.481344697] [detector_node]: YOLO_DETECTOR detection elapsed time: 0.0226 seconds
[local_fusion-3] [INFO] [1781642651.481779994] [local_fusion_node]: Local Fusion callback triggered.
[detector_node-2] [INFO] [1781642651.580912843] [detector_node]: YOLO_DETECTOR detection elapsed time: 0.0223 seconds
[local_fusion-3] [INFO] [1781642651.581365545] [local_fusion_node]: Local Fusion callback triggered.
[detector_node-2] [INFO] [1781642651.681119253] [detector_node]: YOLO_DETECTOR detection elapsed time: 0.0216 seconds
[local_fusion-3] [INFO] [1781642651.681542266] [local_fusion_node]: Local Fusion callback triggered.
[detector_node-2] [INFO] [1781642651.782506731] [detector_node]: YOLO_DETECTOR detection elapsed time: 0.0211 seconds
[local_fusion-3] [INFO] [1781642651.782798706] [local_fusion_node]: Local Fusion callback triggered.
[detector_node-2] [INFO] [1781642651.883505997] [detector_node]: YOLO_DETECTOR detection elapsed time: 0.0235 seconds
[local_fusion-3] [INFO] [1781642651.883903395] [local_fusion_node]: Local Fusion callback triggered.
[detector_node-2] [INFO] [1781642651.982578907] [detector_node]: YOLO_DETECTOR detection elapsed time: 0.0233 seconds
[local_fusion-3] [INFO] [1781642651.983018540] [local_fusion_node]: Local Fusion callback triggered.
[detector_node-2] [INFO] [1781642652.082538370] [detector_node]: YOLO_DETECTOR detection elapsed time: 0.0231 seconds
[local_fusion-3] [INFO] [1781642652.082880337] [local_fusion_node]: Local Fusion callback triggered.
[detector_node-2] [INFO] [1781642652.185456647] [detector_node]: YOLO_DETECTOR detection elapsed time: 0.0227 seconds
[local_fusion-3] [INFO] [1781642652.185861656] [local_fusion_node]: Local Fusion callback triggered.
[detector_node-2] [INFO] [1781642652.284863175] [detector_node]: YOLO_DETECTOR detection elapsed time: 0.0250 seconds
[local_fusion-3] [INFO] [1781642652.285307971] [local_fusion_node]: Local Fusion callback triggered.
[detector_node-2] [INFO] [1781642652.382590023] [detector_node]: YOLO_DETECTOR detection elapsed time: 0.0226 seconds
[local_fusion-3] [INFO] [1781642652.382916633] [local_fusion_node]: Local Fusion callback triggered.
[detector_node-2] [INFO] [1781642652.485759087] [detector_node]: YOLO_DETECTOR detection elapsed time: 0.0236 seconds
[local_fusion-3] [INFO] [1781642652.486226276] [local_fusion_node]: Local Fusion callback triggered.
[detector_node-2] [INFO] [1781642652.586445674] [detector_node]: YOLO_DETECTOR detection elapsed time: 0.0238 seconds
[local_fusion-3] [INFO] [1781642652.586745082] [local_fusion_node]: Local Fusion callback triggered.
[detector_node-2] [INFO] [1781642652.684375507] [detector_node]: YOLO_DETECTOR detection elapsed time: 0.0241 seconds
[local_fusion-3] [INFO] [1781642652.684804923] [local_fusion_node]: Local Fusion callback triggered.
[detector_node-2] [INFO] [1781642652.783717464] [detector_node]: YOLO_DETECTOR detection elapsed time: 0.0229 seconds
[local_fusion-3] [INFO] [1781642652.783970538] [local_fusion_node]: Local Fusion callback triggered.
[detector_node-2] [INFO] [1781642652.887036725] [detector_node]: YOLO_DETECTOR detection elapsed time: 0.0223 seconds
[local_fusion-3] [INFO] [1781642652.887361297] [local_fusion_node]: Local Fusion callback triggered.
[detector_node-2] [INFO] [1781642652.983562582] [detector_node]: YOLO_DETECTOR detection elapsed time: 0.0240 seconds
[local_fusion-3] [INFO] [1781642652.983968399] [local_fusion_node]: Local Fusion callback triggered.
[detector_node-2] [INFO] [1781642653.086552639] [detector_node]: YOLO_DETECTOR detection elapsed time: 0.0240 seconds
[local_fusion-3] [INFO] [1781642653.086727179] [local_fusion_node]: Local Fusion callback triggered.
[detector_node-2] [INFO] [1781642653.182738399] [detector_node]: YOLO_DETECTOR detection elapsed time: 0.0231 seconds
[local_fusion-3] [INFO] [1781642653.183149859] [local_fusion_node]: Local Fusion callback triggered.
[detector_node-2] [INFO] [1781642653.284112322] [detector_node]: YOLO_DETECTOR detection elapsed time: 0.0219 seconds
[local_fusion-3] [INFO] [1781642653.284559064] [local_fusion_node]: Local Fusion callback triggered.
[detector_node-2] [INFO] [1781642653.383993960] [detector_node]: YOLO_DETECTOR detection elapsed time: 0.0243 seconds
[local_fusion-3] [INFO] [1781642653.384331287] [local_fusion_node]: Local Fusion callback triggered.
[detector_node-2] [INFO] [1781642653.482894281] [detector_node]: YOLO_DETECTOR detection elapsed time: 0.0217 seconds
[local_fusion-3] [INFO] [1781642653.483208842] [local_fusion_node]: Local Fusion callback triggered.
[detector_node-2] [INFO] [1781642653.582752121] [detector_node]: YOLO_DETECTOR detection elapsed time: 0.0234 seconds
[local_fusion-3] [INFO] [1781642653.583113047] [local_fusion_node]: Local Fusion callback triggered.
[detector_node-2] [INFO] [1781642653.684842080] [detector_node]: YOLO_DETECTOR detection elapsed time: 0.0226 seconds
[local_fusion-3] [INFO] [1781642653.685266197] [local_fusion_node]: Local Fusion callback triggered.
[detector_node-2] [INFO] [1781642653.783834663] [detector_node]: YOLO_DETECTOR detection elapsed time: 0.0248 seconds
[local_fusion-3] [INFO] [1781642653.784170542] [local_fusion_node]: Local Fusion callback triggered.
[detector_node-2] [INFO] [1781642653.885282872] [detector_node]: YOLO_DETECTOR detection elapsed time: 0.0230 seconds
[local_fusion-3] [INFO] [1781642653.885638016] [local_fusion_node]: Local Fusion callback triggered.
[detector_node-2] [INFO] [1781642653.981325587] [detector_node]: YOLO_DETECTOR detection elapsed time: 0.0245 seconds
[local_fusion-3] [INFO] [1781642653.981631308] [local_fusion_node]: Local Fusion callback triggered.
[detector_node-2] [INFO] [1781642654.085311831] [detector_node]: YOLO_DETECTOR detection elapsed time: 0.0230 seconds
[local_fusion-3] [INFO] [1781642654.085660937] [local_fusion_node]: Local Fusion callback triggered.
[detector_node-2] [INFO] [1781642654.182337780] [detector_node]: YOLO_DETECTOR detection elapsed time: 0.0227 seconds
[local_fusion-3] [INFO] [1781642654.182754837] [local_fusion_node]: Local Fusion callback triggered.
[detector_node-2] [INFO] [1781642654.282963533] [detector_node]: YOLO_DETECTOR detection elapsed time: 0.0223 seconds
[local_fusion-3] [INFO] [1781642654.283299490] [local_fusion_node]: Local Fusion callback triggered.
[detector_node-2] [INFO] [1781642654.385559098] [detector_node]: YOLO_DETECTOR detection elapsed time: 0.0219 seconds
[local_fusion-3] [INFO] [1781642654.385961299] [local_fusion_node]: Local Fusion callback triggered.
[detector_node-2] [INFO] [1781642654.485113186] [detector_node]: YOLO_DETECTOR detection elapsed time: 0.0229 seconds
[local_fusion-3] [INFO] [1781642654.485449234] [local_fusion_node]: Local Fusion callback triggered.
[detector_node-2] [INFO] [1781642654.586484336] [detector_node]: YOLO_DETECTOR detection elapsed time: 0.0235 seconds
[local_fusion-3] [INFO] [1781642654.586933992] [local_fusion_node]: Local Fusion callback triggered.
[detector_node-2] [INFO] [1781642654.684425112] [detector_node]: YOLO_DETECTOR detection elapsed time: 0.0229 seconds
[local_fusion-3] [INFO] [1781642654.684767278] [local_fusion_node]: Local Fusion callback triggered.
[detector_node-2] [INFO] [1781642654.786108114] [detector_node]: YOLO_DETECTOR detection elapsed time: 0.0228 seconds
[local_fusion-3] [INFO] [1781642654.786352999] [local_fusion_node]: Local Fusion callback triggered.
[detector_node-2] [INFO] [1781642654.884995808] [detector_node]: YOLO_DETECTOR detection elapsed time: 0.0238 seconds
[local_fusion-3] [INFO] [1781642654.885224038] [local_fusion_node]: Local Fusion callback triggered.
[detector_node-2] [INFO] [1781642654.983202123] [detector_node]: YOLO_DETECTOR detection elapsed time: 0.0225 seconds
[local_fusion-3] [INFO] [1781642654.983531148] [local_fusion_node]: Local Fusion callback triggered.
[detector_node-2] [INFO] [1781642655.084911110] [detector_node]: YOLO_DETECTOR detection elapsed time: 0.0234 seconds
[local_fusion-3] [INFO] [1781642655.085325865] [local_fusion_node]: Local Fusion callback triggered.
[detector_node-2] [INFO] [1781642655.192480310] [detector_node]: YOLO_DETECTOR detection elapsed time: 0.0307 seconds
[local_fusion-3] [INFO] [1781642655.192838543] [local_fusion_node]: Local Fusion callback triggered.
[detector_node-2] [INFO] [1781642655.300710026] [detector_node]: YOLO_DETECTOR detection elapsed time: 0.0294 seconds
[local_fusion-3] [INFO] [1781642655.301181665] [local_fusion_node]: Local Fusion callback triggered.
[detector_node-2] [INFO] [1781642655.385734484] [detector_node]: YOLO_DETECTOR detection elapsed time: 0.0246 seconds
[local_fusion-3] [INFO] [1781642655.386174773] [local_fusion_node]: Local Fusion callback triggered.
[detector_node-2] [INFO] [1781642655.488134352] [detector_node]: YOLO_DETECTOR detection elapsed time: 0.0242 seconds
[local_fusion-3] [INFO] [1781642655.488541394] [local_fusion_node]: Local Fusion callback triggered.
[detector_node-2] [INFO] [1781642655.586781744] [detector_node]: YOLO_DETECTOR detection elapsed time: 0.0251 seconds
[local_fusion-3] [INFO] [1781642655.587193266] [local_fusion_node]: Local Fusion callback triggered.
[detector_node-2] [INFO] [1781642655.683963866] [detector_node]: YOLO_DETECTOR detection elapsed time: 0.0230 seconds
[local_fusion-3] [INFO] [1781642655.684423215] [local_fusion_node]: Local Fusion callback triggered.
[detector_node-2] [INFO] [1781642655.787978274] [detector_node]: YOLO_DETECTOR detection elapsed time: 0.0252 seconds
[local_fusion-3] [INFO] [1781642655.788435199] [local_fusion_node]: Local Fusion callback triggered.
[detector_node-2] [INFO] [1781642655.895264587] [detector_node]: YOLO_DETECTOR detection elapsed time: 0.0340 seconds
[local_fusion-3] [INFO] [1781642655.895587373] [local_fusion_node]: Local Fusion callback triggered.
[detector_node-2] [INFO] [1781642655.985721158] [detector_node]: YOLO_DETECTOR detection elapsed time: 0.0229 seconds
[local_fusion-3] [INFO] [1781642655.986359530] [local_fusion_node]: Local Fusion callback triggered.
[detector_node-2] [INFO] [1781642656.090690290] [detector_node]: YOLO_DETECTOR detection elapsed time: 0.0236 seconds
[local_fusion-3] [INFO] [1781642656.091328208] [local_fusion_node]: Local Fusion callback triggered.
[detector_node-2] [INFO] [1781642656.190587216] [detector_node]: YOLO_DETECTOR detection elapsed time: 0.0237 seconds
[local_fusion-3] [INFO] [1781642656.190850879] [local_fusion_node]: Local Fusion callback triggered.
[detector_node-2] [INFO] [1781642656.285552900] [detector_node]: YOLO_DETECTOR detection elapsed time: 0.0240 seconds
[local_fusion-3] [INFO] [1781642656.285858804] [local_fusion_node]: Local Fusion callback triggered.
[detector_node-2] [INFO] [1781642656.386392689] [detector_node]: YOLO_DETECTOR detection elapsed time: 0.0224 seconds
[local_fusion-3] [INFO] [1781642656.386801469] [local_fusion_node]: Local Fusion callback triggered.
[detector_node-2] [INFO] [1781642656.485146687] [detector_node]: YOLO_DETECTOR detection elapsed time: 0.0242 seconds
[local_fusion-3] [INFO] [1781642656.485429539] [local_fusion_node]: Local Fusion callback triggered.
[detector_node-2] [INFO] [1781642656.585023763] [detector_node]: YOLO_DETECTOR detection elapsed time: 0.0230 seconds
[local_fusion-3] [INFO] [1781642656.585454041] [local_fusion_node]: Local Fusion callback triggered.
[detector_node-2] [INFO] [1781642656.686685870] [detector_node]: YOLO_DETECTOR detection elapsed time: 0.0219 seconds
[local_fusion-3] [INFO] [1781642656.687305772] [local_fusion_node]: Local Fusion callback triggered.
[detector_node-2] [INFO] [1781642656.787305687] [detector_node]: YOLO_DETECTOR detection elapsed time: 0.0249 seconds
[local_fusion-3] [INFO] [1781642656.787699480] [local_fusion_node]: Local Fusion callback triggered.
[detector_node-2] [INFO] [1781642656.887293739] [detector_node]: YOLO_DETECTOR detection elapsed time: 0.0242 seconds
[local_fusion-3] [INFO] [1781642656.887602577] [local_fusion_node]: Local Fusion callback triggered.
[detector_node-2] [INFO] [1781642656.986382178] [detector_node]: YOLO_DETECTOR detection elapsed time: 0.0225 seconds
[local_fusion-3] [INFO] [1781642656.986794944] [local_fusion_node]: Local Fusion callback triggered.
[detector_node-2] [INFO] [1781642657.085618630] [detector_node]: YOLO_DETECTOR detection elapsed time: 0.0248 seconds
[local_fusion-3] [INFO] [1781642657.085923278] [local_fusion_node]: Local Fusion callback triggered.
[detector_node-2] [INFO] [1781642657.185212882] [detector_node]: YOLO_DETECTOR detection elapsed time: 0.0244 seconds
[local_fusion-3] [INFO] [1781642657.185602191] [local_fusion_node]: Local Fusion callback triggered.
[detector_node-2] [INFO] [1781642657.282262056] [detector_node]: YOLO_DETECTOR detection elapsed time: 0.0228 seconds
[local_fusion-3] [INFO] [1781642657.282588506] [local_fusion_node]: Local Fusion callback triggered.
[detector_node-2] [INFO] [1781642657.382953579] [detector_node]: YOLO_DETECTOR detection elapsed time: 0.0232 seconds
[local_fusion-3] [INFO] [1781642657.383382353] [local_fusion_node]: Local Fusion callback triggered.
[detector_node-2] [INFO] [1781642657.485510177] [detector_node]: YOLO_DETECTOR detection elapsed time: 0.0252 seconds
[local_fusion-3] [INFO] [1781642657.485862344] [local_fusion_node]: Local Fusion callback triggered.
[detector_node-2] [INFO] [1781642657.586123873] [detector_node]: YOLO_DETECTOR detection elapsed time: 0.0229 seconds
[local_fusion-3] [INFO] [1781642657.586568979] [local_fusion_node]: Local Fusion callback triggered.
[detector_node-2] [INFO] [1781642657.686822270] [detector_node]: YOLO_DETECTOR detection elapsed time: 0.0240 seconds
[local_fusion-3] [INFO] [1781642657.687197906] [local_fusion_node]: Local Fusion callback triggered.
[detector_node-2] [INFO] [1781642657.780851011] [detector_node]: YOLO_DETECTOR detection elapsed time: 0.0226 seconds
[local_fusion-3] [INFO] [1781642657.781199269] [local_fusion_node]: Local Fusion callback triggered.
[detector_node-2] [INFO] [1781642657.888026669] [detector_node]: YOLO_DETECTOR detection elapsed time: 0.0247 seconds
[local_fusion-3] [INFO] [1781642657.888374858] [local_fusion_node]: Local Fusion callback triggered.
[detector_node-2] [INFO] [1781642657.982321957] [detector_node]: YOLO_DETECTOR detection elapsed time: 0.0245 seconds
[local_fusion-3] [INFO] [1781642657.982703119] [local_fusion_node]: Local Fusion callback triggered.
[detector_node-2] [INFO] [1781642658.085172027] [detector_node]: YOLO_DETECTOR detection elapsed time: 0.0256 seconds
[local_fusion-3] [INFO] [1781642658.085576981] [local_fusion_node]: Local Fusion callback triggered.
[detector_node-2] [INFO] [1781642658.181436067] [detector_node]: YOLO_DETECTOR detection elapsed time: 0.0218 seconds
[local_fusion-3] [INFO] [1781642658.181768923] [local_fusion_node]: Local Fusion callback triggered.
[detector_node-2] [INFO] [1781642658.280196862] [detector_node]: YOLO_DETECTOR detection elapsed time: 0.0215 seconds
[local_fusion-3] [INFO] [1781642658.280486719] [local_fusion_node]: Local Fusion callback triggered.
[detector_node-2] [INFO] [1781642658.381908000] [detector_node]: YOLO_DETECTOR detection elapsed time: 0.0221 seconds
[local_fusion-3] [INFO] [1781642658.382298090] [local_fusion_node]: Local Fusion callback triggered.
[detector_node-2] [INFO] [1781642658.482418604] [detector_node]: YOLO_DETECTOR detection elapsed time: 0.0243 seconds
[local_fusion-3] [INFO] [1781642658.482699194] [local_fusion_node]: Local Fusion callback triggered.
[detector_node-2] [INFO] [1781642658.581683429] [detector_node]: YOLO_DETECTOR detection elapsed time: 0.0219 seconds
[local_fusion-3] [INFO] [1781642658.582038783] [local_fusion_node]: Local Fusion callback triggered.
[detector_node-2] [INFO] [1781642658.680430432] [detector_node]: YOLO_DETECTOR detection elapsed time: 0.0214 seconds
[local_fusion-3] [INFO] [1781642658.680772832] [local_fusion_node]: Local Fusion callback triggered.
[detector_node-2] [INFO] [1781642658.782976671] [detector_node]: YOLO_DETECTOR detection elapsed time: 0.0224 seconds
[local_fusion-3] [INFO] [1781642658.783609240] [local_fusion_node]: Local Fusion callback triggered.
[detector_node-2] [INFO] [1781642658.881312277] [detector_node]: YOLO_DETECTOR detection elapsed time: 0.0229 seconds
[local_fusion-3] [INFO] [1781642658.881855963] [local_fusion_node]: Local Fusion callback triggered.
[detector_node-2] [INFO] [1781642658.981837464] [detector_node]: YOLO_DETECTOR detection elapsed time: 0.0234 seconds
[local_fusion-3] [INFO] [1781642658.982227109] [local_fusion_node]: Local Fusion callback triggered.
[detector_node-2] [INFO] [1781642659.081777816] [detector_node]: YOLO_DETECTOR detection elapsed time: 0.0240 seconds
[local_fusion-3] [INFO] [1781642659.082099416] [local_fusion_node]: Local Fusion callback triggered.
[detector_node-2] [INFO] [1781642659.183857316] [detector_node]: YOLO_DETECTOR detection elapsed time: 0.0258 seconds
[local_fusion-3] [INFO] [1781642659.184176441] [local_fusion_node]: Local Fusion callback triggered.
[detector_node-2] [INFO] [1781642659.283550482] [detector_node]: YOLO_DETECTOR detection elapsed time: 0.0255 seconds
[local_fusion-3] [INFO] [1781642659.283845489] [local_fusion_node]: Local Fusion callback triggered.
[detector_node-2] [INFO] [1781642659.384658527] [detector_node]: YOLO_DETECTOR detection elapsed time: 0.0230 seconds
[local_fusion-3] [INFO] [1781642659.385031465] [local_fusion_node]: Local Fusion callback triggered.
[detector_node-2] [INFO] [1781642659.482197033] [detector_node]: YOLO_DETECTOR detection elapsed time: 0.0235 seconds
[local_fusion-3] [INFO] [1781642659.482608150] [local_fusion_node]: Local Fusion callback triggered.
[detector_node-2] [INFO] [1781642659.584357293] [detector_node]: YOLO_DETECTOR detection elapsed time: 0.0244 seconds
[local_fusion-3] [INFO] [1781642659.585068932] [local_fusion_node]: Local Fusion callback triggered.
[detector_node-2] [INFO] [1781642659.681904650] [detector_node]: YOLO_DETECTOR detection elapsed time: 0.0240 seconds
[local_fusion-3] [INFO] [1781642659.682307448] [local_fusion_node]: Local Fusion callback triggered.
[detector_node-2] [INFO] [1781642659.784796931] [detector_node]: YOLO_DETECTOR detection elapsed time: 0.0248 seconds
[local_fusion-3] [INFO] [1781642659.785191835] [local_fusion_node]: Local Fusion callback triggered.
[detector_node-2] [INFO] [1781642659.881810792] [detector_node]: YOLO_DETECTOR detection elapsed time: 0.0228 seconds
[local_fusion-3] [INFO] [1781642659.882231822] [local_fusion_node]: Local Fusion callback triggered.
[detector_node-2] [INFO] [1781642659.981677668] [detector_node]: YOLO_DETECTOR detection elapsed time: 0.0230 seconds
[local_fusion-3] [INFO] [1781642659.982062572] [local_fusion_node]: Local Fusion callback triggered.
[detector_node-2] [INFO] [1781642660.086346569] [detector_node]: YOLO_DETECTOR detection elapsed time: 0.0221 seconds
[local_fusion-3] [INFO] [1781642660.086779167] [local_fusion_node]: Local Fusion callback triggered.
[detector_node-2] [INFO] [1781642660.181699309] [detector_node]: YOLO_DETECTOR detection elapsed time: 0.0220 seconds
[local_fusion-3] [INFO] [1781642660.182087659] [local_fusion_node]: Local Fusion callback triggered.
[detector_node-2] [INFO] [1781642660.281644326] [detector_node]: YOLO_DETECTOR detection elapsed time: 0.0223 seconds
[local_fusion-3] [INFO] [1781642660.282020840] [local_fusion_node]: Local Fusion callback triggered.
[detector_node-2] [INFO] [1781642660.384520329] [detector_node]: YOLO_DETECTOR detection elapsed time: 0.0233 seconds
[local_fusion-3] [INFO] [1781642660.384799423] [local_fusion_node]: Local Fusion callback triggered.
[detector_node-2] [INFO] [1781642660.484313443] [detector_node]: YOLO_DETECTOR detection elapsed time: 0.0213 seconds
[local_fusion-3] [INFO] [1781642660.484641279] [local_fusion_node]: Local Fusion callback triggered.
[detector_node-2] [INFO] [1781642660.582342855] [detector_node]: YOLO_DETECTOR detection elapsed time: 0.0229 seconds
[local_fusion-3] [INFO] [1781642660.582774049] [local_fusion_node]: Local Fusion callback triggered.
[detector_node-2] [INFO] [1781642660.681599421] [detector_node]: YOLO_DETECTOR detection elapsed time: 0.0228 seconds
[local_fusion-3] [INFO] [1781642660.682009674] [local_fusion_node]: Local Fusion callback triggered.
[detector_node-2] [INFO] [1781642660.786085660] [detector_node]: YOLO_DETECTOR detection elapsed time: 0.0247 seconds
[local_fusion-3] [INFO] [1781642660.786481991] [local_fusion_node]: Local Fusion callback triggered.
[detector_node-2] [INFO] [1781642660.880730354] [detector_node]: YOLO_DETECTOR detection elapsed time: 0.0221 seconds
[local_fusion-3] [INFO] [1781642660.881157822] [local_fusion_node]: Local Fusion callback triggered.
[detector_node-2] [INFO] [1781642660.980409058] [detector_node]: YOLO_DETECTOR detection elapsed time: 0.0227 seconds
[local_fusion-3] [INFO] [1781642660.980782330] [local_fusion_node]: Local Fusion callback triggered.
[global_fusion-4] [INFO] [1781642661.004332116] [global_fusion_node]: Removing wall ID 17.
[detector_node-2] [INFO] [1781642661.084053350] [detector_node]: YOLO_DETECTOR detection elapsed time: 0.0243 seconds
[local_fusion-3] [INFO] [1781642661.084407483] [local_fusion_node]: Local Fusion callback triggered.
[detector_node-2] [INFO] [1781642661.182198773] [detector_node]: YOLO_DETECTOR detection elapsed time: 0.0223 seconds
[local_fusion-3] [INFO] [1781642661.182479412] [local_fusion_node]: Local Fusion callback triggered.
[detector_node-2] [INFO] [1781642661.280288708] [detector_node]: YOLO_DETECTOR detection elapsed time: 0.0229 seconds
[local_fusion-3] [INFO] [1781642661.280691234] [local_fusion_node]: Local Fusion callback triggered.
[detector_node-2] [INFO] [1781642661.386259145] [detector_node]: YOLO_DETECTOR detection elapsed time: 0.0238 seconds
[local_fusion-3] [INFO] [1781642661.386599313] [local_fusion_node]: Local Fusion callback triggered.
[detector_node-2] [INFO] [1781642661.484459585] [detector_node]: YOLO_DETECTOR detection elapsed time: 0.0208 seconds
[local_fusion-3] [INFO] [1781642661.484793547] [local_fusion_node]: Local Fusion callback triggered.
[detector_node-2] [INFO] [1781642661.590221883] [detector_node]: YOLO_DETECTOR detection elapsed time: 0.0286 seconds
[local_fusion-3] [INFO] [1781642661.590661842] [local_fusion_node]: Local Fusion callback triggered.
[detector_node-2] [INFO] [1781642661.687618481] [detector_node]: YOLO_DETECTOR detection elapsed time: 0.0247 seconds
[local_fusion-3] [INFO] [1781642661.688064266] [local_fusion_node]: Local Fusion callback triggered.
[detector_node-2] [INFO] [1781642661.783905550] [detector_node]: YOLO_DETECTOR detection elapsed time: 0.0222 seconds
[local_fusion-3] [INFO] [1781642661.784381817] [local_fusion_node]: Local Fusion callback triggered.
[detector_node-2] [INFO] [1781642661.880963236] [detector_node]: YOLO_DETECTOR detection elapsed time: 0.0212 seconds
[local_fusion-3] [INFO] [1781642661.881306979] [local_fusion_node]: Local Fusion callback triggered.
[detector_node-2] [INFO] [1781642661.985419708] [detector_node]: YOLO_DETECTOR detection elapsed time: 0.0222 seconds
[local_fusion-3] [INFO] [1781642661.985723963] [local_fusion_node]: Local Fusion callback triggered.
[detector_node-2] [INFO] [1781642662.087694718] [detector_node]: YOLO_DETECTOR detection elapsed time: 0.0224 seconds
[local_fusion-3] [INFO] [1781642662.088132290] [local_fusion_node]: Local Fusion callback triggered.
[detector_node-2] [INFO] [1781642662.194175769] [detector_node]: YOLO_DETECTOR detection elapsed time: 0.0243 seconds
[local_fusion-3] [INFO] [1781642662.194568060] [local_fusion_node]: Local Fusion callback triggered.
[detector_node-2] [INFO] [1781642662.312978007] [detector_node]: YOLO_DETECTOR detection elapsed time: 0.0457 seconds
[local_fusion-3] [INFO] [1781642662.313457042] [local_fusion_node]: Local Fusion callback triggered.
[detector_node-2] [INFO] [1781642662.401352742] [detector_node]: YOLO_DETECTOR detection elapsed time: 0.0286 seconds
[local_fusion-3] [INFO] [1781642662.401750026] [local_fusion_node]: Local Fusion callback triggered.
[detector_node-2] [INFO] [1781642662.493211682] [detector_node]: YOLO_DETECTOR detection elapsed time: 0.0264 seconds
[local_fusion-3] [INFO] [1781642662.493584549] [local_fusion_node]: Local Fusion callback triggered.
[detector_node-2] [INFO] [1781642662.594310520] [detector_node]: YOLO_DETECTOR detection elapsed time: 0.0252 seconds
[local_fusion-3] [INFO] [1781642662.594674615] [local_fusion_node]: Local Fusion callback triggered.
[detector_node-2] [INFO] [1781642662.693688946] [detector_node]: YOLO_DETECTOR detection elapsed time: 0.0219 seconds
[local_fusion-3] [INFO] [1781642662.694099009] [local_fusion_node]: Local Fusion callback triggered.
[detector_node-2] [INFO] [1781642662.791539764] [detector_node]: YOLO_DETECTOR detection elapsed time: 0.0228 seconds
[local_fusion-3] [INFO] [1781642662.791983932] [local_fusion_node]: Local Fusion callback triggered.
[detector_node-2] [INFO] [1781642662.904270048] [detector_node]: YOLO_DETECTOR detection elapsed time: 0.0288 seconds
[local_fusion-3] [INFO] [1781642662.904649942] [local_fusion_node]: Local Fusion callback triggered.
[detector_node-2] [INFO] [1781642662.998495630] [detector_node]: YOLO_DETECTOR detection elapsed time: 0.0243 seconds
[local_fusion-3] [INFO] [1781642662.998913527] [local_fusion_node]: Local Fusion callback triggered.
[detector_node-2] [INFO] [1781642663.104046854] [detector_node]: YOLO_DETECTOR detection elapsed time: 0.0272 seconds
[local_fusion-3] [INFO] [1781642663.104522353] [local_fusion_node]: Local Fusion callback triggered.
[detector_node-2] [INFO] [1781642663.194773007] [detector_node]: YOLO_DETECTOR detection elapsed time: 0.0241 seconds
[local_fusion-3] [INFO] [1781642663.195231992] [local_fusion_node]: Local Fusion callback triggered.
[detector_node-2] [INFO] [1781642663.297222981] [detector_node]: YOLO_DETECTOR detection elapsed time: 0.0236 seconds
[local_fusion-3] [INFO] [1781642663.297481599] [local_fusion_node]: Local Fusion callback triggered.
[detector_node-2] [INFO] [1781642663.398861315] [detector_node]: YOLO_DETECTOR detection elapsed time: 0.0259 seconds
[local_fusion-3] [INFO] [1781642663.399469147] [local_fusion_node]: Local Fusion callback triggered.
[detector_node-2] [INFO] [1781642663.500687756] [detector_node]: YOLO_DETECTOR detection elapsed time: 0.0246 seconds
[local_fusion-3] [INFO] [1781642663.501126812] [local_fusion_node]: Local Fusion callback triggered.
[detector_node-2] [INFO] [1781642663.605027253] [detector_node]: YOLO_DETECTOR detection elapsed time: 0.0269 seconds
[local_fusion-3] [INFO] [1781642663.605366925] [local_fusion_node]: Local Fusion callback triggered.
[detector_node-2] [INFO] [1781642663.702872198] [detector_node]: YOLO_DETECTOR detection elapsed time: 0.0314 seconds
[local_fusion-3] [INFO] [1781642663.703206815] [local_fusion_node]: Local Fusion callback triggered.
[detector_node-2] [INFO] [1781642663.802640396] [detector_node]: YOLO_DETECTOR detection elapsed time: 0.0271 seconds
[local_fusion-3] [INFO] [1781642663.802937724] [local_fusion_node]: Local Fusion callback triggered.
[detector_node-2] [INFO] [1781642663.898872990] [detector_node]: YOLO_DETECTOR detection elapsed time: 0.0267 seconds
[local_fusion-3] [INFO] [1781642663.899132795] [local_fusion_node]: Local Fusion callback triggered.
[detector_node-2] [INFO] [1781642663.999384421] [detector_node]: YOLO_DETECTOR detection elapsed time: 0.0279 seconds
[local_fusion-3] [INFO] [1781642663.999710846] [local_fusion_node]: Local Fusion callback triggered.
[detector_node-2] [INFO] [1781642664.104879525] [detector_node]: YOLO_DETECTOR detection elapsed time: 0.0319 seconds
[local_fusion-3] [INFO] [1781642664.105218154] [local_fusion_node]: Local Fusion callback triggered.
[detector_node-2] [INFO] [1781642664.195144721] [detector_node]: YOLO_DETECTOR detection elapsed time: 0.0227 seconds
[local_fusion-3] [INFO] [1781642664.195562942] [local_fusion_node]: Local Fusion callback triggered.
[detector_node-2] [INFO] [1781642664.299322332] [detector_node]: YOLO_DETECTOR detection elapsed time: 0.0274 seconds
[local_fusion-3] [INFO] [1781642664.299576863] [local_fusion_node]: Local Fusion callback triggered.
[detector_node-2] [INFO] [1781642664.398891699] [detector_node]: YOLO_DETECTOR detection elapsed time: 0.0259 seconds
[local_fusion-3] [INFO] [1781642664.399331608] [local_fusion_node]: Local Fusion callback triggered.
[detector_node-2] [INFO] [1781642664.492880425] [detector_node]: YOLO_DETECTOR detection elapsed time: 0.0219 seconds
[local_fusion-3] [INFO] [1781642664.493138647] [local_fusion_node]: Local Fusion callback triggered.
[detector_node-2] [INFO] [1781642664.594379302] [detector_node]: YOLO_DETECTOR detection elapsed time: 0.0248 seconds
[local_fusion-3] [INFO] [1781642664.594721046] [local_fusion_node]: Local Fusion callback triggered.
[detector_node-2] [INFO] [1781642664.697998111] [detector_node]: YOLO_DETECTOR detection elapsed time: 0.0239 seconds
[local_fusion-3] [INFO] [1781642664.698322139] [local_fusion_node]: Local Fusion callback triggered.
[detector_node-2] [INFO] [1781642664.792183080] [detector_node]: YOLO_DETECTOR detection elapsed time: 0.0234 seconds
[local_fusion-3] [INFO] [1781642664.792523280] [local_fusion_node]: Local Fusion callback triggered.
[detector_node-2] [INFO] [1781642664.892299729] [detector_node]: YOLO_DETECTOR detection elapsed time: 0.0236 seconds
[local_fusion-3] [INFO] [1781642664.892712047] [local_fusion_node]: Local Fusion callback triggered.
[detector_node-2] [INFO] [1781642664.992643458] [detector_node]: YOLO_DETECTOR detection elapsed time: 0.0230 seconds
[local_fusion-3] [INFO] [1781642664.992955894] [local_fusion_node]: Local Fusion callback triggered.
[detector_node-2] [INFO] [1781642665.093102455] [detector_node]: YOLO_DETECTOR detection elapsed time: 0.0240 seconds
[local_fusion-3] [INFO] [1781642665.093451107] [local_fusion_node]: Local Fusion callback triggered.
[detector_node-2] [INFO] [1781642665.191938563] [detector_node]: YOLO_DETECTOR detection elapsed time: 0.0232 seconds
[local_fusion-3] [INFO] [1781642665.192385528] [local_fusion_node]: Local Fusion callback triggered.
[detector_node-2] [INFO] [1781642665.295729645] [detector_node]: YOLO_DETECTOR detection elapsed time: 0.0253 seconds
[local_fusion-3] [INFO] [1781642665.296175929] [local_fusion_node]: Local Fusion callback triggered.
[detector_node-2] [INFO] [1781642665.394810440] [detector_node]: YOLO_DETECTOR detection elapsed time: 0.0264 seconds
[local_fusion-3] [INFO] [1781642665.395245522] [local_fusion_node]: Local Fusion callback triggered.
[detector_node-2] [INFO] [1781642665.501459465] [detector_node]: YOLO_DETECTOR detection elapsed time: 0.0248 seconds
[local_fusion-3] [INFO] [1781642665.501789355] [local_fusion_node]: Local Fusion callback triggered.
[detector_node-2] [INFO] [1781642665.598323473] [detector_node]: YOLO_DETECTOR detection elapsed time: 0.0270 seconds
[local_fusion-3] [INFO] [1781642665.598589576] [local_fusion_node]: Local Fusion callback triggered.
[detector_node-2] [INFO] [1781642665.696269270] [detector_node]: YOLO_DETECTOR detection elapsed time: 0.0267 seconds
[local_fusion-3] [INFO] [1781642665.696612802] [local_fusion_node]: Local Fusion callback triggered.
[detector_node-2] [INFO] [1781642665.799752848] [detector_node]: YOLO_DETECTOR detection elapsed time: 0.0259 seconds
[local_fusion-3] [INFO] [1781642665.800034412] [local_fusion_node]: Local Fusion callback triggered.
[detector_node-2] [INFO] [1781642665.892104155] [detector_node]: YOLO_DETECTOR detection elapsed time: 0.0248 seconds
[local_fusion-3] [INFO] [1781642665.892529623] [local_fusion_node]: Local Fusion callback triggered.
[detector_node-2] [INFO] [1781642665.989361181] [detector_node]: YOLO_DETECTOR detection elapsed time: 0.0233 seconds
[local_fusion-3] [INFO] [1781642665.989810458] [local_fusion_node]: Local Fusion callback triggered.
[detector_node-2] [INFO] [1781642666.089280954] [detector_node]: YOLO_DETECTOR detection elapsed time: 0.0239 seconds
[local_fusion-3] [INFO] [1781642666.089691581] [local_fusion_node]: Local Fusion callback triggered.
[detector_node-2] [INFO] [1781642666.188374531] [detector_node]: YOLO_DETECTOR detection elapsed time: 0.0230 seconds
[local_fusion-3] [INFO] [1781642666.188716056] [local_fusion_node]: Local Fusion callback triggered.
[detector_node-2] [INFO] [1781642666.283620461] [detector_node]: YOLO_DETECTOR detection elapsed time: 0.0218 seconds
[local_fusion-3] [INFO] [1781642666.284020003] [local_fusion_node]: Local Fusion callback triggered.
[detector_node-2] [INFO] [1781642666.387004805] [detector_node]: YOLO_DETECTOR detection elapsed time: 0.0202 seconds
[local_fusion-3] [INFO] [1781642666.387355159] [local_fusion_node]: Local Fusion callback triggered.
[detector_node-2] [INFO] [1781642666.490328117] [detector_node]: YOLO_DETECTOR detection elapsed time: 0.0213 seconds
[local_fusion-3] [INFO] [1781642666.490658873] [local_fusion_node]: Local Fusion callback triggered.
[detector_node-2] [INFO] [1781642666.591650120] [detector_node]: YOLO_DETECTOR detection elapsed time: 0.0232 seconds
[local_fusion-3] [INFO] [1781642666.592061714] [local_fusion_node]: Local Fusion callback triggered.
[detector_node-2] [INFO] [1781642666.686830091] [detector_node]: YOLO_DETECTOR detection elapsed time: 0.0222 seconds
[local_fusion-3] [INFO] [1781642666.687205165] [local_fusion_node]: Local Fusion callback triggered.
[detector_node-2] [INFO] [1781642666.789065487] [detector_node]: YOLO_DETECTOR detection elapsed time: 0.0213 seconds
[local_fusion-3] [INFO] [1781642666.789471051] [local_fusion_node]: Local Fusion callback triggered.
[detector_node-2] [INFO] [1781642666.890175284] [detector_node]: YOLO_DETECTOR detection elapsed time: 0.0215 seconds
[local_fusion-3] [INFO] [1781642666.890473206] [local_fusion_node]: Local Fusion callback triggered.
[detector_node-2] [INFO] [1781642666.989852805] [detector_node]: YOLO_DETECTOR detection elapsed time: 0.0226 seconds
[local_fusion-3] [INFO] [1781642666.990193024] [local_fusion_node]: Local Fusion callback triggered.
[detector_node-2] [INFO] [1781642667.089643304] [detector_node]: YOLO_DETECTOR detection elapsed time: 0.0222 seconds
[local_fusion-3] [INFO] [1781642667.089863238] [local_fusion_node]: Local Fusion callback triggered.
[detector_node-2] [INFO] [1781642667.185076082] [detector_node]: YOLO_DETECTOR detection elapsed time: 0.0207 seconds
[local_fusion-3] [INFO] [1781642667.185405773] [local_fusion_node]: Local Fusion callback triggered.
[detector_node-2] [INFO] [1781642667.285795139] [detector_node]: YOLO_DETECTOR detection elapsed time: 0.0217 seconds
[local_fusion-3] [INFO] [1781642667.286134077] [local_fusion_node]: Local Fusion callback triggered.
[detector_node-2] [INFO] [1781642667.390426583] [detector_node]: YOLO_DETECTOR detection elapsed time: 0.0219 seconds
[local_fusion-3] [INFO] [1781642667.390731334] [local_fusion_node]: Local Fusion callback triggered.
[detector_node-2] [INFO] [1781642667.488765714] [detector_node]: YOLO_DETECTOR detection elapsed time: 0.0225 seconds
[local_fusion-3] [INFO] [1781642667.489119505] [local_fusion_node]: Local Fusion callback triggered.
[detector_node-2] [INFO] [1781642667.600149625] [detector_node]: YOLO_DETECTOR detection elapsed time: 0.0328 seconds
[local_fusion-3] [INFO] [1781642667.600644069] [local_fusion_node]: Local Fusion callback triggered.
[detector_node-2] [INFO] [1781642667.693371932] [detector_node]: YOLO_DETECTOR detection elapsed time: 0.0231 seconds
[local_fusion-3] [INFO] [1781642667.693603996] [local_fusion_node]: Local Fusion callback triggered.
[detector_node-2] [INFO] [1781642667.790798943] [detector_node]: YOLO_DETECTOR detection elapsed time: 0.0239 seconds
[local_fusion-3] [INFO] [1781642667.791151231] [local_fusion_node]: Local Fusion callback triggered.
[detector_node-2] [INFO] [1781642667.892126634] [detector_node]: YOLO_DETECTOR detection elapsed time: 0.0227 seconds
[local_fusion-3] [INFO] [1781642667.892450332] [local_fusion_node]: Local Fusion callback triggered.
[detector_node-2] [INFO] [1781642667.992907100] [detector_node]: YOLO_DETECTOR detection elapsed time: 0.0213 seconds
[local_fusion-3] [INFO] [1781642667.993352802] [local_fusion_node]: Local Fusion callback triggered.
[detector_node-2] [INFO] [1781642668.091790184] [detector_node]: YOLO_DETECTOR detection elapsed time: 0.0230 seconds
[local_fusion-3] [INFO] [1781642668.092261460] [local_fusion_node]: Local Fusion callback triggered.
[detector_node-2] [INFO] [1781642668.189235707] [detector_node]: YOLO_DETECTOR detection elapsed time: 0.0214 seconds
[local_fusion-3] [INFO] [1781642668.189777838] [local_fusion_node]: Local Fusion callback triggered.
[detector_node-2] [INFO] [1781642668.288302896] [detector_node]: YOLO_DETECTOR detection elapsed time: 0.0205 seconds
[local_fusion-3] [INFO] [1781642668.288735294] [local_fusion_node]: Local Fusion callback triggered.
[detector_node-2] [INFO] [1781642668.387287778] [detector_node]: YOLO_DETECTOR detection elapsed time: 0.0228 seconds
[local_fusion-3] [INFO] [1781642668.387724942] [local_fusion_node]: Local Fusion callback triggered.
[detector_node-2] [INFO] [1781642668.489104781] [detector_node]: YOLO_DETECTOR detection elapsed time: 0.0215 seconds
[local_fusion-3] [INFO] [1781642668.489557736] [local_fusion_node]: Local Fusion callback triggered.
[detector_node-2] [INFO] [1781642668.591518017] [detector_node]: YOLO_DETECTOR detection elapsed time: 0.0227 seconds
[local_fusion-3] [INFO] [1781642668.591836835] [local_fusion_node]: Local Fusion callback triggered.
[detector_node-2] [INFO] [1781642668.691352473] [detector_node]: YOLO_DETECTOR detection elapsed time: 0.0233 seconds
[local_fusion-3] [INFO] [1781642668.691686792] [local_fusion_node]: Local Fusion callback triggered.
[detector_node-2] [INFO] [1781642668.790186674] [detector_node]: YOLO_DETECTOR detection elapsed time: 0.0246 seconds
[local_fusion-3] [INFO] [1781642668.790384561] [local_fusion_node]: Local Fusion callback triggered.
[detector_node-2] [INFO] [1781642668.890644573] [detector_node]: YOLO_DETECTOR detection elapsed time: 0.0224 seconds
[local_fusion-3] [INFO] [1781642668.890959959] [local_fusion_node]: Local Fusion callback triggered.
[detector_node-2] [INFO] [1781642668.987695386] [detector_node]: YOLO_DETECTOR detection elapsed time: 0.0214 seconds
[local_fusion-3] [INFO] [1781642668.987990906] [local_fusion_node]: Local Fusion callback triggered.
[detector_node-2] [INFO] [1781642669.086118747] [detector_node]: YOLO_DETECTOR detection elapsed time: 0.0224 seconds
[local_fusion-3] [INFO] [1781642669.086380228] [local_fusion_node]: Local Fusion callback triggered.
[detector_node-2] [INFO] [1781642669.188293199] [detector_node]: YOLO_DETECTOR detection elapsed time: 0.0221 seconds
[local_fusion-3] [INFO] [1781642669.188589731] [local_fusion_node]: Local Fusion callback triggered.
[detector_node-2] [INFO] [1781642669.286260022] [detector_node]: YOLO_DETECTOR detection elapsed time: 0.0214 seconds
[local_fusion-3] [INFO] [1781642669.286577546] [local_fusion_node]: Local Fusion callback triggered.
[detector_node-2] [INFO] [1781642669.386590265] [detector_node]: YOLO_DETECTOR detection elapsed time: 0.0224 seconds
[local_fusion-3] [INFO] [1781642669.386945995] [local_fusion_node]: Local Fusion callback triggered.
[detector_node-2] [INFO] [1781642669.488004454] [detector_node]: YOLO_DETECTOR detection elapsed time: 0.0221 seconds
[local_fusion-3] [INFO] [1781642669.488348868] [local_fusion_node]: Local Fusion callback triggered.
[detector_node-2] [INFO] [1781642669.587008660] [detector_node]: YOLO_DETECTOR detection elapsed time: 0.0234 seconds
[local_fusion-3] [INFO] [1781642669.587350860] [local_fusion_node]: Local Fusion callback triggered.
[detector_node-2] [INFO] [1781642669.685635133] [detector_node]: YOLO_DETECTOR detection elapsed time: 0.0224 seconds
[local_fusion-3] [INFO] [1781642669.685853754] [local_fusion_node]: Local Fusion callback triggered.
[detector_node-2] [INFO] [1781642669.788267780] [detector_node]: YOLO_DETECTOR detection elapsed time: 0.0213 seconds
[local_fusion-3] [INFO] [1781642669.788511460] [local_fusion_node]: Local Fusion callback triggered.
[detector_node-2] [INFO] [1781642669.885431145] [detector_node]: YOLO_DETECTOR detection elapsed time: 0.0220 seconds
[local_fusion-3] [INFO] [1781642669.885658541] [local_fusion_node]: Local Fusion callback triggered.
[detector_node-2] [INFO] [1781642669.990809297] [detector_node]: YOLO_DETECTOR detection elapsed time: 0.0228 seconds
[local_fusion-3] [INFO] [1781642669.991148067] [local_fusion_node]: Local Fusion callback triggered.
[detector_node-2] [INFO] [1781642670.086017709] [detector_node]: YOLO_DETECTOR detection elapsed time: 0.0217 seconds
[local_fusion-3] [INFO] [1781642670.086350382] [local_fusion_node]: Local Fusion callback triggered.
[detector_node-2] [INFO] [1781642670.189898118] [detector_node]: YOLO_DETECTOR detection elapsed time: 0.0232 seconds
[local_fusion-3] [INFO] [1781642670.190134398] [local_fusion_node]: Local Fusion callback triggered.
[detector_node-2] [INFO] [1781642670.290660932] [detector_node]: YOLO_DETECTOR detection elapsed time: 0.0245 seconds
[local_fusion-3] [INFO] [1781642670.290874168] [local_fusion_node]: Local Fusion callback triggered.
[detector_node-2] [INFO] [1781642670.387278667] [detector_node]: YOLO_DETECTOR detection elapsed time: 0.0223 seconds
[local_fusion-3] [INFO] [1781642670.387571648] [local_fusion_node]: Local Fusion callback triggered.
[detector_node-2] [INFO] [1781642670.487389838] [detector_node]: YOLO_DETECTOR detection elapsed time: 0.0215 seconds
[local_fusion-3] [INFO] [1781642670.487699084] [local_fusion_node]: Local Fusion callback triggered.
[detector_node-2] [INFO] [1781642670.586645404] [detector_node]: YOLO_DETECTOR detection elapsed time: 0.0206 seconds
[local_fusion-3] [INFO] [1781642670.586975642] [local_fusion_node]: Local Fusion callback triggered.
[detector_node-2] [INFO] [1781642670.689413469] [detector_node]: YOLO_DETECTOR detection elapsed time: 0.0232 seconds
[local_fusion-3] [INFO] [1781642670.689672882] [local_fusion_node]: Local Fusion callback triggered.
[detector_node-2] [INFO] [1781642670.788620738] [detector_node]: YOLO_DETECTOR detection elapsed time: 0.0207 seconds
[local_fusion-3] [INFO] [1781642670.789062584] [local_fusion_node]: Local Fusion callback triggered.
[detector_node-2] [INFO] [1781642670.887544579] [detector_node]: YOLO_DETECTOR detection elapsed time: 0.0227 seconds
[local_fusion-3] [INFO] [1781642670.887929151] [local_fusion_node]: Local Fusion callback triggered.
[detector_node-2] [INFO] [1781642670.987963514] [detector_node]: YOLO_DETECTOR detection elapsed time: 0.0227 seconds
[local_fusion-3] [INFO] [1781642670.988355455] [local_fusion_node]: Local Fusion callback triggered.
[detector_node-2] [INFO] [1781642671.091866620] [detector_node]: YOLO_DETECTOR detection elapsed time: 0.0250 seconds
[local_fusion-3] [INFO] [1781642671.092218954] [local_fusion_node]: Local Fusion callback triggered.
[detector_node-2] [INFO] [1781642671.190042910] [detector_node]: YOLO_DETECTOR detection elapsed time: 0.0235 seconds
[local_fusion-3] [INFO] [1781642671.190380927] [local_fusion_node]: Local Fusion callback triggered.
[detector_node-2] [INFO] [1781642671.290020350] [detector_node]: YOLO_DETECTOR detection elapsed time: 0.0238 seconds
[local_fusion-3] [INFO] [1781642671.290216809] [local_fusion_node]: Local Fusion callback triggered.
[detector_node-2] [INFO] [1781642671.393554902] [detector_node]: YOLO_DETECTOR detection elapsed time: 0.0255 seconds
[local_fusion-3] [INFO] [1781642671.393838445] [local_fusion_node]: Local Fusion callback triggered.
[detector_node-2] [INFO] [1781642671.483126356] [detector_node]: YOLO_DETECTOR detection elapsed time: 0.0238 seconds
[local_fusion-3] [INFO] [1781642671.483428391] [local_fusion_node]: Local Fusion callback triggered.
[detector_node-2] [INFO] [1781642671.582371879] [detector_node]: YOLO_DETECTOR detection elapsed time: 0.0219 seconds
[local_fusion-3] [INFO] [1781642671.582719440] [local_fusion_node]: Local Fusion callback triggered.
[detector_node-2] [INFO] [1781642671.685096541] [detector_node]: YOLO_DETECTOR detection elapsed time: 0.0237 seconds
[local_fusion-3] [INFO] [1781642671.685413322] [local_fusion_node]: Local Fusion callback triggered.
[detector_node-2] [INFO] [1781642671.786786141] [detector_node]: YOLO_DETECTOR detection elapsed time: 0.0252 seconds
[local_fusion-3] [INFO] [1781642671.787194675] [local_fusion_node]: Local Fusion callback triggered.
[detector_node-2] [INFO] [1781642671.883465823] [detector_node]: YOLO_DETECTOR detection elapsed time: 0.0247 seconds
[local_fusion-3] [INFO] [1781642671.883887204] [local_fusion_node]: Local Fusion callback triggered.
[detector_node-2] [INFO] [1781642671.983310960] [detector_node]: YOLO_DETECTOR detection elapsed time: 0.0253 seconds
[local_fusion-3] [INFO] [1781642671.983811281] [local_fusion_node]: Local Fusion callback triggered.
[detector_node-2] [INFO] [1781642672.086572098] [detector_node]: YOLO_DETECTOR detection elapsed time: 0.0245 seconds
[local_fusion-3] [INFO] [1781642672.086817332] [local_fusion_node]: Local Fusion callback triggered.
[detector_node-2] [INFO] [1781642672.186117537] [detector_node]: YOLO_DETECTOR detection elapsed time: 0.0225 seconds
[local_fusion-3] [INFO] [1781642672.186405818] [local_fusion_node]: Local Fusion callback triggered.
[detector_node-2] [INFO] [1781642672.286895172] [detector_node]: YOLO_DETECTOR detection elapsed time: 0.0253 seconds
[local_fusion-3] [INFO] [1781642672.287349509] [local_fusion_node]: Local Fusion callback triggered.
[detector_node-2] [INFO] [1781642672.386625296] [detector_node]: YOLO_DETECTOR detection elapsed time: 0.0243 seconds
[local_fusion-3] [INFO] [1781642672.386884557] [local_fusion_node]: Local Fusion callback triggered.
[detector_node-2] [INFO] [1781642672.485234809] [detector_node]: YOLO_DETECTOR detection elapsed time: 0.0250 seconds
[local_fusion-3] [INFO] [1781642672.485478410] [local_fusion_node]: Local Fusion callback triggered.
[detector_node-2] [INFO] [1781642672.586018405] [detector_node]: YOLO_DETECTOR detection elapsed time: 0.0248 seconds
[local_fusion-3] [INFO] [1781642672.586293204] [local_fusion_node]: Local Fusion callback triggered.
[detector_node-2] [INFO] [1781642672.689690704] [detector_node]: YOLO_DETECTOR detection elapsed time: 0.0241 seconds
[local_fusion-3] [INFO] [1781642672.690126263] [local_fusion_node]: Local Fusion callback triggered.
[detector_node-2] [INFO] [1781642672.785414126] [detector_node]: YOLO_DETECTOR detection elapsed time: 0.0232 seconds
[local_fusion-3] [INFO] [1781642672.785767701] [local_fusion_node]: Local Fusion callback triggered.
[detector_node-2] [INFO] [1781642672.886727526] [detector_node]: YOLO_DETECTOR detection elapsed time: 0.0248 seconds
[local_fusion-3] [INFO] [1781642672.887142887] [local_fusion_node]: Local Fusion callback triggered.
[detector_node-2] [INFO] [1781642672.982736600] [detector_node]: YOLO_DETECTOR detection elapsed time: 0.0228 seconds
[local_fusion-3] [INFO] [1781642672.983222051] [local_fusion_node]: Local Fusion callback triggered.
[detector_node-2] [INFO] [1781642673.087664192] [detector_node]: YOLO_DETECTOR detection elapsed time: 0.0235 seconds
[local_fusion-3] [INFO] [1781642673.087915993] [local_fusion_node]: Local Fusion callback triggered.
[detector_node-2] [INFO] [1781642673.188171984] [detector_node]: YOLO_DETECTOR detection elapsed time: 0.0240 seconds
[local_fusion-3] [INFO] [1781642673.188411320] [local_fusion_node]: Local Fusion callback triggered.
[detector_node-2] [INFO] [1781642673.285559530] [detector_node]: YOLO_DETECTOR detection elapsed time: 0.0241 seconds
[local_fusion-3] [INFO] [1781642673.285889765] [local_fusion_node]: Local Fusion callback triggered.
[detector_node-2] [INFO] [1781642673.389664039] [detector_node]: YOLO_DETECTOR detection elapsed time: 0.0237 seconds
[local_fusion-3] [INFO] [1781642673.390141232] [local_fusion_node]: Local Fusion callback triggered.
[detector_node-2] [INFO] [1781642673.492128599] [detector_node]: YOLO_DETECTOR detection elapsed time: 0.0244 seconds
[local_fusion-3] [INFO] [1781642673.492548200] [local_fusion_node]: Local Fusion callback triggered.
[global_fusion-4] [INFO] [1781642673.536306500] [global_fusion_node]: Removing wall ID 26.
[detector_node-2] [INFO] [1781642673.590096467] [detector_node]: YOLO_DETECTOR detection elapsed time: 0.0235 seconds
[local_fusion-3] [INFO] [1781642673.590577871] [local_fusion_node]: Local Fusion callback triggered.
[detector_node-2] [INFO] [1781642673.690324725] [detector_node]: YOLO_DETECTOR detection elapsed time: 0.0247 seconds
[local_fusion-3] [INFO] [1781642673.690854055] [local_fusion_node]: Local Fusion callback triggered.
[detector_node-2] [INFO] [1781642673.793745051] [detector_node]: YOLO_DETECTOR detection elapsed time: 0.0249 seconds
[local_fusion-3] [INFO] [1781642673.794008658] [local_fusion_node]: Local Fusion callback triggered.
[detector_node-2] [INFO] [1781642673.896623195] [detector_node]: YOLO_DETECTOR detection elapsed time: 0.0241 seconds
[local_fusion-3] [INFO] [1781642673.897021573] [local_fusion_node]: Local Fusion callback triggered.
[detector_node-2] [INFO] [1781642673.997842177] [detector_node]: YOLO_DETECTOR detection elapsed time: 0.0233 seconds
[local_fusion-3] [INFO] [1781642673.998338616] [local_fusion_node]: Local Fusion callback triggered.
[detector_node-2] [INFO] [1781642674.094476772] [detector_node]: YOLO_DETECTOR detection elapsed time: 0.0245 seconds
[local_fusion-3] [INFO] [1781642674.094861410] [local_fusion_node]: Local Fusion callback triggered.
[detector_node-2] [INFO] [1781642674.196443331] [detector_node]: YOLO_DETECTOR detection elapsed time: 0.0241 seconds
[local_fusion-3] [INFO] [1781642674.196818074] [local_fusion_node]: Local Fusion callback triggered.
[detector_node-2] [INFO] [1781642674.294254964] [detector_node]: YOLO_DETECTOR detection elapsed time: 0.0231 seconds
[local_fusion-3] [INFO] [1781642674.294495595] [local_fusion_node]: Local Fusion callback triggered.
[detector_node-2] [INFO] [1781642674.395958180] [detector_node]: YOLO_DETECTOR detection elapsed time: 0.0234 seconds
[local_fusion-3] [INFO] [1781642674.396064738] [local_fusion_node]: Local Fusion callback triggered.
[detector_node-2] [INFO] [1781642674.493487043] [detector_node]: YOLO_DETECTOR detection elapsed time: 0.0240 seconds
[local_fusion-3] [INFO] [1781642674.493810565] [local_fusion_node]: Local Fusion callback triggered.
[detector_node-2] [INFO] [1781642674.598718072] [detector_node]: YOLO_DETECTOR detection elapsed time: 0.0229 seconds
[local_fusion-3] [INFO] [1781642674.599022879] [local_fusion_node]: Local Fusion callback triggered.
[detector_node-2] [INFO] [1781642674.698975578] [detector_node]: YOLO_DETECTOR detection elapsed time: 0.0249 seconds
[local_fusion-3] [INFO] [1781642674.699309400] [local_fusion_node]: Local Fusion callback triggered.
[detector_node-2] [INFO] [1781642674.797516378] [detector_node]: YOLO_DETECTOR detection elapsed time: 0.0237 seconds
[local_fusion-3] [INFO] [1781642674.797859122] [local_fusion_node]: Local Fusion callback triggered.
[detector_node-2] [INFO] [1781642674.898239878] [detector_node]: YOLO_DETECTOR detection elapsed time: 0.0248 seconds
[local_fusion-3] [INFO] [1781642674.898571627] [local_fusion_node]: Local Fusion callback triggered.
[detector_node-2] [INFO] [1781642674.992368855] [detector_node]: YOLO_DETECTOR detection elapsed time: 0.0216 seconds
[local_fusion-3] [INFO] [1781642674.992899931] [local_fusion_node]: Local Fusion callback triggered.
[detector_node-2] [INFO] [1781642675.097220902] [detector_node]: YOLO_DETECTOR detection elapsed time: 0.0251 seconds
[local_fusion-3] [INFO] [1781642675.097713527] [local_fusion_node]: Local Fusion callback triggered.
[detector_node-2] [INFO] [1781642675.197668006] [detector_node]: YOLO_DETECTOR detection elapsed time: 0.0253 seconds
[local_fusion-3] [INFO] [1781642675.198239684] [local_fusion_node]: Local Fusion callback triggered.
[detector_node-2] [INFO] [1781642675.293250362] [detector_node]: YOLO_DETECTOR detection elapsed time: 0.0228 seconds
[local_fusion-3] [INFO] [1781642675.293755021] [local_fusion_node]: Local Fusion callback triggered.
[detector_node-2] [INFO] [1781642675.391355406] [detector_node]: YOLO_DETECTOR detection elapsed time: 0.0246 seconds
[local_fusion-3] [INFO] [1781642675.391650293] [local_fusion_node]: Local Fusion callback triggered.
[detector_node-2] [INFO] [1781642675.492167525] [detector_node]: YOLO_DETECTOR detection elapsed time: 0.0231 seconds
[local_fusion-3] [INFO] [1781642675.492516959] [local_fusion_node]: Local Fusion callback triggered.
[detector_node-2] [INFO] [1781642675.590744695] [detector_node]: YOLO_DETECTOR detection elapsed time: 0.0243 seconds
[local_fusion-3] [INFO] [1781642675.591257172] [local_fusion_node]: Local Fusion callback triggered.
[detector_node-2] [INFO] [1781642675.686755294] [detector_node]: YOLO_DETECTOR detection elapsed time: 0.0239 seconds
[local_fusion-3] [INFO] [1781642675.687222184] [local_fusion_node]: Local Fusion callback triggered.
[detector_node-2] [INFO] [1781642675.786635564] [detector_node]: YOLO_DETECTOR detection elapsed time: 0.0223 seconds
[local_fusion-3] [INFO] [1781642675.786981428] [local_fusion_node]: Local Fusion callback triggered.
[detector_node-2] [INFO] [1781642675.890705935] [detector_node]: YOLO_DETECTOR detection elapsed time: 0.0217 seconds
[local_fusion-3] [INFO] [1781642675.890909645] [local_fusion_node]: Local Fusion callback triggered.
[detector_node-2] [INFO] [1781642675.990556249] [detector_node]: YOLO_DETECTOR detection elapsed time: 0.0231 seconds
[local_fusion-3] [INFO] [1781642675.990946042] [local_fusion_node]: Local Fusion callback triggered.
[detector_node-2] [INFO] [1781642676.091470769] [detector_node]: YOLO_DETECTOR detection elapsed time: 0.0232 seconds
[local_fusion-3] [INFO] [1781642676.091801342] [local_fusion_node]: Local Fusion callback triggered.
[detector_node-2] [INFO] [1781642676.190582300] [detector_node]: YOLO_DETECTOR detection elapsed time: 0.0232 seconds
[local_fusion-3] [INFO] [1781642676.190941183] [local_fusion_node]: Local Fusion callback triggered.
[detector_node-2] [INFO] [1781642676.289195035] [detector_node]: YOLO_DETECTOR detection elapsed time: 0.0245 seconds
[local_fusion-3] [INFO] [1781642676.289514401] [local_fusion_node]: Local Fusion callback triggered.
[detector_node-2] [INFO] [1781642676.388619921] [detector_node]: YOLO_DETECTOR detection elapsed time: 0.0239 seconds
[local_fusion-3] [INFO] [1781642676.388978273] [local_fusion_node]: Local Fusion callback triggered.
[detector_node-2] [INFO] [1781642676.486032250] [detector_node]: YOLO_DETECTOR detection elapsed time: 0.0235 seconds
[local_fusion-3] [INFO] [1781642676.486360485] [local_fusion_node]: Local Fusion callback triggered.
[detector_node-2] [INFO] [1781642676.585200320] [detector_node]: YOLO_DETECTOR detection elapsed time: 0.0214 seconds
[local_fusion-3] [INFO] [1781642676.585610685] [local_fusion_node]: Local Fusion callback triggered.
[detector_node-2] [INFO] [1781642676.693333448] [detector_node]: YOLO_DETECTOR detection elapsed time: 0.0238 seconds
[local_fusion-3] [INFO] [1781642676.693673492] [local_fusion_node]: Local Fusion callback triggered.
[detector_node-2] [INFO] [1781642676.792529592] [detector_node]: YOLO_DETECTOR detection elapsed time: 0.0262 seconds
[local_fusion-3] [INFO] [1781642676.793043914] [local_fusion_node]: Local Fusion callback triggered.
[detector_node-2] [INFO] [1781642676.891248319] [detector_node]: YOLO_DETECTOR detection elapsed time: 0.0244 seconds
[local_fusion-3] [INFO] [1781642676.891654953] [local_fusion_node]: Local Fusion callback triggered.
[detector_node-2] [INFO] [1781642676.987835020] [detector_node]: YOLO_DETECTOR detection elapsed time: 0.0247 seconds
[local_fusion-3] [INFO] [1781642676.988280551] [local_fusion_node]: Local Fusion callback triggered.
[detector_node-2] [INFO] [1781642677.090898585] [detector_node]: YOLO_DETECTOR detection elapsed time: 0.0255 seconds
[local_fusion-3] [INFO] [1781642677.091342659] [local_fusion_node]: Local Fusion callback triggered.
[detector_node-2] [INFO] [1781642677.189231771] [detector_node]: YOLO_DETECTOR detection elapsed time: 0.0219 seconds
[local_fusion-3] [INFO] [1781642677.189635761] [local_fusion_node]: Local Fusion callback triggered.
[detector_node-2] [INFO] [1781642677.285913071] [detector_node]: YOLO_DETECTOR detection elapsed time: 0.0225 seconds
[local_fusion-3] [INFO] [1781642677.286258956] [local_fusion_node]: Local Fusion callback triggered.
[detector_node-2] [INFO] [1781642677.392863589] [detector_node]: YOLO_DETECTOR detection elapsed time: 0.0240 seconds
[local_fusion-3] [INFO] [1781642677.393230188] [local_fusion_node]: Local Fusion callback triggered.
[detector_node-2] [INFO] [1781642677.490905331] [detector_node]: YOLO_DETECTOR detection elapsed time: 0.0223 seconds
[local_fusion-3] [INFO] [1781642677.491235061] [local_fusion_node]: Local Fusion callback triggered.
[detector_node-2] [INFO] [1781642677.591634053] [detector_node]: YOLO_DETECTOR detection elapsed time: 0.0240 seconds
[local_fusion-3] [INFO] [1781642677.591955717] [local_fusion_node]: Local Fusion callback triggered.
[detector_node-2] [INFO] [1781642677.688381992] [detector_node]: YOLO_DETECTOR detection elapsed time: 0.0224 seconds
[local_fusion-3] [INFO] [1781642677.688715374] [local_fusion_node]: Local Fusion callback triggered.
[detector_node-2] [INFO] [1781642677.792883610] [detector_node]: YOLO_DETECTOR detection elapsed time: 0.0242 seconds
[local_fusion-3] [INFO] [1781642677.793292606] [local_fusion_node]: Local Fusion callback triggered.
[detector_node-2] [INFO] [1781642677.895877636] [detector_node]: YOLO_DETECTOR detection elapsed time: 0.0259 seconds
[local_fusion-3] [INFO] [1781642677.896211442] [local_fusion_node]: Local Fusion callback triggered.
[detector_node-2] [INFO] [1781642677.998031673] [detector_node]: YOLO_DETECTOR detection elapsed time: 0.0257 seconds
[local_fusion-3] [INFO] [1781642677.998374136] [local_fusion_node]: Local Fusion callback triggered.
[detector_node-2] [INFO] [1781642678.094437723] [detector_node]: YOLO_DETECTOR detection elapsed time: 0.0257 seconds
[local_fusion-3] [INFO] [1781642678.094840209] [local_fusion_node]: Local Fusion callback triggered.
[detector_node-2] [INFO] [1781642678.192453991] [detector_node]: YOLO_DETECTOR detection elapsed time: 0.0249 seconds
[local_fusion-3] [INFO] [1781642678.192866994] [local_fusion_node]: Local Fusion callback triggered.
[detector_node-2] [INFO] [1781642678.292810040] [detector_node]: YOLO_DETECTOR detection elapsed time: 0.0225 seconds
[local_fusion-3] [INFO] [1781642678.293177499] [local_fusion_node]: Local Fusion callback triggered.
[detector_node-2] [INFO] [1781642678.392987696] [detector_node]: YOLO_DETECTOR detection elapsed time: 0.0231 seconds
[local_fusion-3] [INFO] [1781642678.393331706] [local_fusion_node]: Local Fusion callback triggered.
[detector_node-2] [INFO] [1781642678.499310594] [detector_node]: YOLO_DETECTOR detection elapsed time: 0.0291 seconds
[local_fusion-3] [INFO] [1781642678.499570134] [local_fusion_node]: Local Fusion callback triggered.
[detector_node-2] [INFO] [1781642678.597129238] [detector_node]: YOLO_DETECTOR detection elapsed time: 0.0265 seconds
[local_fusion-3] [INFO] [1781642678.597278442] [local_fusion_node]: Local Fusion callback triggered.
[detector_node-2] [INFO] [1781642678.692056543] [detector_node]: YOLO_DETECTOR detection elapsed time: 0.0247 seconds
[local_fusion-3] [INFO] [1781642678.692356647] [local_fusion_node]: Local Fusion callback triggered.
[detector_node-2] [INFO] [1781642678.796711843] [detector_node]: YOLO_DETECTOR detection elapsed time: 0.0218 seconds
[local_fusion-3] [INFO] [1781642678.796998561] [local_fusion_node]: Local Fusion callback triggered.
[detector_node-2] [INFO] [1781642678.888793833] [detector_node]: YOLO_DETECTOR detection elapsed time: 0.0235 seconds
[local_fusion-3] [INFO] [1781642678.889261211] [local_fusion_node]: Local Fusion callback triggered.
[detector_node-2] [INFO] [1781642678.988102472] [detector_node]: YOLO_DETECTOR detection elapsed time: 0.0235 seconds
[local_fusion-3] [INFO] [1781642678.988433311] [local_fusion_node]: Local Fusion callback triggered.
[detector_node-2] [INFO] [1781642679.090452409] [detector_node]: YOLO_DETECTOR detection elapsed time: 0.0235 seconds
[local_fusion-3] [INFO] [1781642679.090774378] [local_fusion_node]: Local Fusion callback triggered.
[detector_node-2] [INFO] [1781642679.192742226] [detector_node]: YOLO_DETECTOR detection elapsed time: 0.0246 seconds
[local_fusion-3] [INFO] [1781642679.193104284] [local_fusion_node]: Local Fusion callback triggered.
[detector_node-2] [INFO] [1781642679.290407243] [detector_node]: YOLO_DETECTOR detection elapsed time: 0.0234 seconds
[local_fusion-3] [INFO] [1781642679.290790835] [local_fusion_node]: Local Fusion callback triggered.
[detector_node-2] [INFO] [1781642679.391141800] [detector_node]: YOLO_DETECTOR detection elapsed time: 0.0255 seconds
[local_fusion-3] [INFO] [1781642679.391351329] [local_fusion_node]: Local Fusion callback triggered.
[detector_node-2] [INFO] [1781642679.492343802] [detector_node]: YOLO_DETECTOR detection elapsed time: 0.0258 seconds
[local_fusion-3] [INFO] [1781642679.492656256] [local_fusion_node]: Local Fusion callback triggered.
[detector_node-2] [INFO] [1781642679.591909422] [detector_node]: YOLO_DETECTOR detection elapsed time: 0.0237 seconds
[local_fusion-3] [INFO] [1781642679.592286317] [local_fusion_node]: Local Fusion callback triggered.
[detector_node-2] [INFO] [1781642679.688823147] [detector_node]: YOLO_DETECTOR detection elapsed time: 0.0243 seconds
[local_fusion-3] [INFO] [1781642679.689226372] [local_fusion_node]: Local Fusion callback triggered.
[detector_node-2] [INFO] [1781642679.791478256] [detector_node]: YOLO_DETECTOR detection elapsed time: 0.0265 seconds
[local_fusion-3] [INFO] [1781642679.791970177] [local_fusion_node]: Local Fusion callback triggered.
[detector_node-2] [INFO] [1781642679.892044948] [detector_node]: YOLO_DETECTOR detection elapsed time: 0.0249 seconds
[local_fusion-3] [INFO] [1781642679.892430761] [local_fusion_node]: Local Fusion callback triggered.
[detector_node-2] [INFO] [1781642679.992156799] [detector_node]: YOLO_DETECTOR detection elapsed time: 0.0247 seconds
[local_fusion-3] [INFO] [1781642679.992700335] [local_fusion_node]: Local Fusion callback triggered.
[detector_node-2] [INFO] [1781642680.089169433] [detector_node]: YOLO_DETECTOR detection elapsed time: 0.0220 seconds
[local_fusion-3] [INFO] [1781642680.089549779] [local_fusion_node]: Local Fusion callback triggered.
[detector_node-2] [INFO] [1781642680.191021194] [detector_node]: YOLO_DETECTOR detection elapsed time: 0.0257 seconds
[local_fusion-3] [INFO] [1781642680.191433257] [local_fusion_node]: Local Fusion callback triggered.
[detector_node-2] [INFO] [1781642680.294075851] [detector_node]: YOLO_DETECTOR detection elapsed time: 0.0253 seconds
[local_fusion-3] [INFO] [1781642680.294551546] [local_fusion_node]: Local Fusion callback triggered.
[detector_node-2] [INFO] [1781642680.388862457] [detector_node]: YOLO_DETECTOR detection elapsed time: 0.0243 seconds
[local_fusion-3] [INFO] [1781642680.389241990] [local_fusion_node]: Local Fusion callback triggered.
[detector_node-2] [INFO] [1781642680.490458758] [detector_node]: YOLO_DETECTOR detection elapsed time: 0.0251 seconds
[local_fusion-3] [INFO] [1781642680.490860701] [local_fusion_node]: Local Fusion callback triggered.
[detector_node-2] [INFO] [1781642680.589800049] [detector_node]: YOLO_DETECTOR detection elapsed time: 0.0260 seconds
[local_fusion-3] [INFO] [1781642680.590208988] [local_fusion_node]: Local Fusion callback triggered.
[detector_node-2] [INFO] [1781642680.689257780] [detector_node]: YOLO_DETECTOR detection elapsed time: 0.0235 seconds
[local_fusion-3] [INFO] [1781642680.689707195] [local_fusion_node]: Local Fusion callback triggered.
[detector_node-2] [INFO] [1781642680.800518558] [detector_node]: YOLO_DETECTOR detection elapsed time: 0.0301 seconds
[local_fusion-3] [INFO] [1781642680.800834572] [local_fusion_node]: Local Fusion callback triggered.
[detector_node-2] [INFO] [1781642680.892285921] [detector_node]: YOLO_DETECTOR detection elapsed time: 0.0249 seconds
[local_fusion-3] [INFO] [1781642680.892580393] [local_fusion_node]: Local Fusion callback triggered.
[detector_node-2] [INFO] [1781642680.988775561] [detector_node]: YOLO_DETECTOR detection elapsed time: 0.0257 seconds
[local_fusion-3] [INFO] [1781642680.989194333] [local_fusion_node]: Local Fusion callback triggered.
[detector_node-2] [INFO] [1781642681.084076254] [detector_node]: YOLO_DETECTOR detection elapsed time: 0.0238 seconds
[local_fusion-3] [INFO] [1781642681.084485423] [local_fusion_node]: Local Fusion callback triggered.
[detector_node-2] [INFO] [1781642681.186702347] [detector_node]: YOLO_DETECTOR detection elapsed time: 0.0255 seconds
[local_fusion-3] [INFO] [1781642681.187116012] [local_fusion_node]: Local Fusion callback triggered.
[detector_node-2] [INFO] [1781642681.283662313] [detector_node]: YOLO_DETECTOR detection elapsed time: 0.0228 seconds
[local_fusion-3] [INFO] [1781642681.284092423] [local_fusion_node]: Local Fusion callback triggered.
[detector_node-2] [INFO] [1781642681.387516440] [detector_node]: YOLO_DETECTOR detection elapsed time: 0.0244 seconds
[local_fusion-3] [INFO] [1781642681.387969535] [local_fusion_node]: Local Fusion callback triggered.
[detector_node-2] [INFO] [1781642681.491112428] [detector_node]: YOLO_DETECTOR detection elapsed time: 0.0256 seconds
[local_fusion-3] [INFO] [1781642681.491507209] [local_fusion_node]: Local Fusion callback triggered.
[detector_node-2] [INFO] [1781642681.587618669] [detector_node]: YOLO_DETECTOR detection elapsed time: 0.0249 seconds
[local_fusion-3] [INFO] [1781642681.588063822] [local_fusion_node]: Local Fusion callback triggered.
[detector_node-2] [INFO] [1781642681.688993611] [detector_node]: YOLO_DETECTOR detection elapsed time: 0.0244 seconds
[local_fusion-3] [INFO] [1781642681.689408843] [local_fusion_node]: Local Fusion callback triggered.
[detector_node-2] [INFO] [1781642681.786256238] [detector_node]: YOLO_DETECTOR detection elapsed time: 0.0244 seconds
[local_fusion-3] [INFO] [1781642681.786649427] [local_fusion_node]: Local Fusion callback triggered.
[detector_node-2] [INFO] [1781642681.888642011] [detector_node]: YOLO_DETECTOR detection elapsed time: 0.0242 seconds
[local_fusion-3] [INFO] [1781642681.888933051] [local_fusion_node]: Local Fusion callback triggered.
[detector_node-2] [INFO] [1781642681.985969509] [detector_node]: YOLO_DETECTOR detection elapsed time: 0.0261 seconds
[local_fusion-3] [INFO] [1781642681.986395383] [local_fusion_node]: Local Fusion callback triggered.
[detector_node-2] [INFO] [1781642682.089489288] [detector_node]: YOLO_DETECTOR detection elapsed time: 0.0246 seconds
[local_fusion-3] [INFO] [1781642682.090567268] [local_fusion_node]: Local Fusion callback triggered.
[detector_node-2] [INFO] [1781642682.186220428] [detector_node]: YOLO_DETECTOR detection elapsed time: 0.0247 seconds
[local_fusion-3] [INFO] [1781642682.186569522] [local_fusion_node]: Local Fusion callback triggered.
[detector_node-2] [INFO] [1781642682.292662960] [detector_node]: YOLO_DETECTOR detection elapsed time: 0.0253 seconds
[local_fusion-3] [INFO] [1781642682.293038004] [local_fusion_node]: Local Fusion callback triggered.
[detector_node-2] [INFO] [1781642682.390680214] [detector_node]: YOLO_DETECTOR detection elapsed time: 0.0235 seconds
[local_fusion-3] [INFO] [1781642682.391148157] [local_fusion_node]: Local Fusion callback triggered.
[detector_node-2] [INFO] [1781642682.490414226] [detector_node]: YOLO_DETECTOR detection elapsed time: 0.0248 seconds
[local_fusion-3] [INFO] [1781642682.490759068] [local_fusion_node]: Local Fusion callback triggered.
[detector_node-2] [INFO] [1781642682.588970029] [detector_node]: YOLO_DETECTOR detection elapsed time: 0.0253 seconds
[local_fusion-3] [INFO] [1781642682.589442642] [local_fusion_node]: Local Fusion callback triggered.
[detector_node-2] [INFO] [1781642682.691610664] [detector_node]: YOLO_DETECTOR detection elapsed time: 0.0252 seconds
[local_fusion-3] [INFO] [1781642682.692020584] [local_fusion_node]: Local Fusion callback triggered.
[detector_node-2] [INFO] [1781642682.789109106] [detector_node]: YOLO_DETECTOR detection elapsed time: 0.0253 seconds
[local_fusion-3] [INFO] [1781642682.789707307] [local_fusion_node]: Local Fusion callback triggered.
[detector_node-2] [INFO] [1781642682.891834961] [detector_node]: YOLO_DETECTOR detection elapsed time: 0.0245 seconds
[local_fusion-3] [INFO] [1781642682.892250919] [local_fusion_node]: Local Fusion callback triggered.
[detector_node-2] [INFO] [1781642682.994323486] [detector_node]: YOLO_DETECTOR detection elapsed time: 0.0259 seconds
[local_fusion-3] [INFO] [1781642682.994772886] [local_fusion_node]: Local Fusion callback triggered.
[detector_node-2] [INFO] [1781642683.096465462] [detector_node]: YOLO_DETECTOR detection elapsed time: 0.0236 seconds
[local_fusion-3] [INFO] [1781642683.096824634] [local_fusion_node]: Local Fusion callback triggered.
[detector_node-2] [INFO] [1781642683.194575784] [detector_node]: YOLO_DETECTOR detection elapsed time: 0.0240 seconds
[local_fusion-3] [INFO] [1781642683.194883564] [local_fusion_node]: Local Fusion callback triggered.
[detector_node-2] [INFO] [1781642683.288914598] [detector_node]: YOLO_DETECTOR detection elapsed time: 0.0254 seconds
[local_fusion-3] [INFO] [1781642683.289288439] [local_fusion_node]: Local Fusion callback triggered.
[detector_node-2] [INFO] [1781642683.389551565] [detector_node]: YOLO_DETECTOR detection elapsed time: 0.0254 seconds
[local_fusion-3] [INFO] [1781642683.389889236] [local_fusion_node]: Local Fusion callback triggered.
[detector_node-2] [INFO] [1781642683.488177071] [detector_node]: YOLO_DETECTOR detection elapsed time: 0.0246 seconds
[local_fusion-3] [INFO] [1781642683.488539169] [local_fusion_node]: Local Fusion callback triggered.
[detector_node-2] [INFO] [1781642683.588803091] [detector_node]: YOLO_DETECTOR detection elapsed time: 0.0246 seconds
[local_fusion-3] [INFO] [1781642683.589208646] [local_fusion_node]: Local Fusion callback triggered.
[detector_node-2] [INFO] [1781642683.687817170] [detector_node]: YOLO_DETECTOR detection elapsed time: 0.0244 seconds
[local_fusion-3] [INFO] [1781642683.688284780] [local_fusion_node]: Local Fusion callback triggered.
[detector_node-2] [INFO] [1781642683.787250624] [detector_node]: YOLO_DETECTOR detection elapsed time: 0.0257 seconds
[local_fusion-3] [INFO] [1781642683.787478059] [local_fusion_node]: Local Fusion callback triggered.
[detector_node-2] [INFO] [1781642683.887144681] [detector_node]: YOLO_DETECTOR detection elapsed time: 0.0248 seconds
[local_fusion-3] [INFO] [1781642683.887551613] [local_fusion_node]: Local Fusion callback triggered.
[detector_node-2] [INFO] [1781642683.987315128] [detector_node]: YOLO_DETECTOR detection elapsed time: 0.0223 seconds
[local_fusion-3] [INFO] [1781642683.987788996] [local_fusion_node]: Local Fusion callback triggered.
[detector_node-2] [INFO] [1781642684.087333501] [detector_node]: YOLO_DETECTOR detection elapsed time: 0.0215 seconds
[local_fusion-3] [INFO] [1781642684.087764068] [local_fusion_node]: Local Fusion callback triggered.
[detector_node-2] [INFO] [1781642684.184452678] [detector_node]: YOLO_DETECTOR detection elapsed time: 0.0231 seconds
[local_fusion-3] [INFO] [1781642684.184836568] [local_fusion_node]: Local Fusion callback triggered.
[detector_node-2] [INFO] [1781642684.286180741] [detector_node]: YOLO_DETECTOR detection elapsed time: 0.0218 seconds
[local_fusion-3] [INFO] [1781642684.286534937] [local_fusion_node]: Local Fusion callback triggered.
[detector_node-2] [INFO] [1781642684.383649689] [detector_node]: YOLO_DETECTOR detection elapsed time: 0.0226 seconds
[local_fusion-3] [INFO] [1781642684.383906141] [local_fusion_node]: Local Fusion callback triggered.
[detector_node-2] [INFO] [1781642684.487561764] [detector_node]: YOLO_DETECTOR detection elapsed time: 0.0227 seconds
[local_fusion-3] [INFO] [1781642684.488158304] [local_fusion_node]: Local Fusion callback triggered.
[detector_node-2] [INFO] [1781642684.588076167] [detector_node]: YOLO_DETECTOR detection elapsed time: 0.0254 seconds
[local_fusion-3] [INFO] [1781642684.588400008] [local_fusion_node]: Local Fusion callback triggered.
[detector_node-2] [INFO] [1781642684.686007893] [detector_node]: YOLO_DETECTOR detection elapsed time: 0.0246 seconds
[local_fusion-3] [INFO] [1781642684.686354773] [local_fusion_node]: Local Fusion callback triggered.
[detector_node-2] [INFO] [1781642684.787363380] [detector_node]: YOLO_DETECTOR detection elapsed time: 0.0245 seconds
[local_fusion-3] [INFO] [1781642684.787746879] [local_fusion_node]: Local Fusion callback triggered.
[detector_node-2] [INFO] [1781642684.894679677] [detector_node]: YOLO_DETECTOR detection elapsed time: 0.0231 seconds
[local_fusion-3] [INFO] [1781642684.895012181] [local_fusion_node]: Local Fusion callback triggered.
[detector_node-2] [INFO] [1781642684.989429058] [detector_node]: YOLO_DETECTOR detection elapsed time: 0.0247 seconds
[local_fusion-3] [INFO] [1781642684.989814298] [local_fusion_node]: Local Fusion callback triggered.
[detector_node-2] [INFO] [1781642685.091619204] [detector_node]: YOLO_DETECTOR detection elapsed time: 0.0231 seconds
[local_fusion-3] [INFO] [1781642685.092014232] [local_fusion_node]: Local Fusion callback triggered.
[detector_node-2] [INFO] [1781642685.191241935] [detector_node]: YOLO_DETECTOR detection elapsed time: 0.0235 seconds
[local_fusion-3] [INFO] [1781642685.191625221] [local_fusion_node]: Local Fusion callback triggered.
[detector_node-2] [INFO] [1781642685.287162509] [detector_node]: YOLO_DETECTOR detection elapsed time: 0.0248 seconds
[local_fusion-3] [INFO] [1781642685.287379031] [local_fusion_node]: Local Fusion callback triggered.
[detector_node-2] [INFO] [1781642685.384631393] [detector_node]: YOLO_DETECTOR detection elapsed time: 0.0228 seconds
[local_fusion-3] [INFO] [1781642685.385036283] [local_fusion_node]: Local Fusion callback triggered.
[detector_node-2] [INFO] [1781642685.481187239] [detector_node]: YOLO_DETECTOR detection elapsed time: 0.0197 seconds
[local_fusion-3] [INFO] [1781642685.481479589] [local_fusion_node]: Local Fusion callback triggered.
[detector_node-2] [INFO] [1781642685.583568238] [detector_node]: YOLO_DETECTOR detection elapsed time: 0.0216 seconds
[local_fusion-3] [INFO] [1781642685.583853494] [local_fusion_node]: Local Fusion callback triggered.
[detector_node-2] [INFO] [1781642685.685265106] [detector_node]: YOLO_DETECTOR detection elapsed time: 0.0206 seconds
[local_fusion-3] [INFO] [1781642685.685493933] [local_fusion_node]: Local Fusion callback triggered.
[detector_node-2] [INFO] [1781642685.787150971] [detector_node]: YOLO_DETECTOR detection elapsed time: 0.0234 seconds
[local_fusion-3] [INFO] [1781642685.787477505] [local_fusion_node]: Local Fusion callback triggered.
[detector_node-2] [INFO] [1781642685.886312019] [detector_node]: YOLO_DETECTOR detection elapsed time: 0.0222 seconds
[local_fusion-3] [INFO] [1781642685.886702861] [local_fusion_node]: Local Fusion callback triggered.
[detector_node-2] [INFO] [1781642685.988491262] [detector_node]: YOLO_DETECTOR detection elapsed time: 0.0213 seconds
[local_fusion-3] [INFO] [1781642685.988843677] [local_fusion_node]: Local Fusion callback triggered.
[detector_node-2] [INFO] [1781642686.090639411] [detector_node]: YOLO_DETECTOR detection elapsed time: 0.0228 seconds
[local_fusion-3] [INFO] [1781642686.090976229] [local_fusion_node]: Local Fusion callback triggered.
[detector_node-2] [INFO] [1781642686.193125328] [detector_node]: YOLO_DETECTOR detection elapsed time: 0.0220 seconds
[local_fusion-3] [INFO] [1781642686.193371562] [local_fusion_node]: Local Fusion callback triggered.
[detector_node-2] [INFO] [1781642686.287800438] [detector_node]: YOLO_DETECTOR detection elapsed time: 0.0235 seconds
[local_fusion-3] [INFO] [1781642686.288115206] [local_fusion_node]: Local Fusion callback triggered.
[detector_node-2] [INFO] [1781642686.393175606] [detector_node]: YOLO_DETECTOR detection elapsed time: 0.0244 seconds
[local_fusion-3] [INFO] [1781642686.393441482] [local_fusion_node]: Local Fusion callback triggered.
[detector_node-2] [INFO] [1781642686.492730375] [detector_node]: YOLO_DETECTOR detection elapsed time: 0.0247 seconds
[local_fusion-3] [INFO] [1781642686.493142106] [local_fusion_node]: Local Fusion callback triggered.
[detector_node-2] [INFO] [1781642686.590207148] [detector_node]: YOLO_DETECTOR detection elapsed time: 0.0255 seconds
[local_fusion-3] [INFO] [1781642686.590478633] [local_fusion_node]: Local Fusion callback triggered.
[detector_node-2] [INFO] [1781642686.688511675] [detector_node]: YOLO_DETECTOR detection elapsed time: 0.0234 seconds
[local_fusion-3] [INFO] [1781642686.688945498] [local_fusion_node]: Local Fusion callback triggered.
[detector_node-2] [INFO] [1781642686.790457783] [detector_node]: YOLO_DETECTOR detection elapsed time: 0.0234 seconds
[local_fusion-3] [INFO] [1781642686.790766303] [local_fusion_node]: Local Fusion callback triggered.
[detector_node-2] [INFO] [1781642686.891246615] [detector_node]: YOLO_DETECTOR detection elapsed time: 0.0233 seconds
[local_fusion-3] [INFO] [1781642686.891555263] [local_fusion_node]: Local Fusion callback triggered.
[detector_node-2] [INFO] [1781642686.993309877] [detector_node]: YOLO_DETECTOR detection elapsed time: 0.0231 seconds
[local_fusion-3] [INFO] [1781642686.993702656] [local_fusion_node]: Local Fusion callback triggered.
[detector_node-2] [INFO] [1781642687.090851208] [detector_node]: YOLO_DETECTOR detection elapsed time: 0.0250 seconds
[local_fusion-3] [INFO] [1781642687.091178814] [local_fusion_node]: Local Fusion callback triggered.
[detector_node-2] [INFO] [1781642687.209728679] [detector_node]: YOLO_DETECTOR detection elapsed time: 0.0309 seconds
[local_fusion-3] [INFO] [1781642687.210191027] [local_fusion_node]: Local Fusion callback triggered.
