[INFO] [launch]: All log files can be found below /root/.ros/log/2026-06-16-20-20-23-997652-ubuntu-sword-13061
[INFO] [launch]: Default logging verbosity is set to INFO
[INFO] [converter_livox-1]: process started with pid [13090]
[INFO] [detector_node-2]: process started with pid [13092]
[INFO] [local_fusion-3]: process started with pid [13094]
[INFO] [global_fusion-4]: process started with pid [13096]
[local_fusion-3] /usr/lib/python3/dist-packages/scipy/__init__.py:146: UserWarning: A NumPy version >=1.17.3 and <1.25.0 is required for this version of SciPy (detected version 1.26.4
[local_fusion-3]   warnings.warn(f"A NumPy version >={np_minversion} and <{np_maxversion}"
[global_fusion-4] /usr/lib/python3/dist-packages/scipy/__init__.py:146: UserWarning: A NumPy version >=1.17.3 and <1.25.0 is required for this version of SciPy (detected version 1.26.4
[global_fusion-4]   warnings.warn(f"A NumPy version >={np_minversion} and <{np_maxversion}"
[converter_livox-1] [INFO] [1781641224.282681900] [converter]: Livox Raw CustomMsg Converter initialized.
[converter_livox-1] [INFO] [1781641224.282731444] [converter]: Accumulating 10 packets per frame.
[global_fusion-4] [INFO] [1781641224.334822162] [global_fusion_node]: Loading Parameters...
[global_fusion-4] [INFO] [1781641224.338008602] [global_fusion_node]: GLOBAL FUSION CONFIGURATION:
[global_fusion-4] 	match_dist_thresh: 80.0
[global_fusion-4] 	match_angle_thresh_deg: 15.0
[global_fusion-4] 	overlap_thresh: 50.0
[global_fusion-4] 	gate_threshold: 0.8
[global_fusion-4] 	max_misses_thresh: 5
[global_fusion-4] 	sensor_range: 500.0
[global_fusion-4] 	dist_weight: 0.0003333333333333333
[global_fusion-4] 	angle_weight: 0.15915494309189535
[global_fusion-4] 	publish_img_flag: True
[global_fusion-4] 	processed_img_size: 640
[global_fusion-4] 	base_img_size: 3072
[global_fusion-4] 	sensor_posx: 800
[global_fusion-4] 	sensor_posy: 800
[global_fusion-4] 	movement_flag: True
[global_fusion-4] 	map_frame: drone0/map
[global_fusion-4] 	lidar_frame: drone0/base_link
[global_fusion-4] 	manhattan_opt_flag: True
[global_fusion-4] 	corner_max_gap: 80.0
[global_fusion-4] 	svd_lambda_reg: 0.5
[global_fusion-4] 	stable_hits_threshold: 2
[global_fusion-4] 
[global_fusion-4] [INFO] [1781641224.348666569] [global_fusion_node]: Global Fusion Node initialized.
[local_fusion-3] [INFO] [1781641224.511982997] [local_fusion_node]: Loading Parameters...
[local_fusion-3] [INFO] [1781641224.513595015] [local_fusion_node]: LOCAL FUSION CONFIGURATION:
[local_fusion-3] 	dist_threshold: 10.0
[local_fusion-3] 	angle_threshold_deg: 20.0
[local_fusion-3] 	overlap_thresh: 30.0
[local_fusion-3] 	eps: 0.1
[local_fusion-3] 	min_samples: 1
[local_fusion-3] 	wall_connection_threshold: 15.0
[local_fusion-3] 	wall_length_threshold: 50.0
[local_fusion-3] 	publish_img_flag: False
[local_fusion-3] 	processed_img_size: 640
[local_fusion-3] 	base_img_size: 2048
[local_fusion-3] 	sensor_posx: 1024
[local_fusion-3] 	sensor_posy: 1024
[local_fusion-3] 
[detector_node-2] [INFO] [1781641226.003753933] [detector_node]: Using YOLO as Detector Node.
[detector_node-2] [INFO] [1781641226.003927922] [detector_node]: DETECTOR CONFIGURATION:
[detector_node-2] 	capture_inference_image: False
[detector_node-2] 	result_img_size: 1024
[detector_node-2] 	struct_radius: 1
[detector_node-2] 	base_img_size: 2048
[detector_node-2] 	processed_img_size: 1024
[detector_node-2] 	sensor_posx: 1024
[detector_node-2] 	sensor_posy: 1024
[detector_node-2] 	kernel_size: 3
[detector_node-2] 	iterations: 1
[detector_node-2] 	smoothing: none
[detector_node-2] 	sigma: 1.0
[detector_node-2] 	ksize_smoothing: 1
[detector_node-2] 	last_dilation: none
[detector_node-2] 	truncate: False
[detector_node-2] 	thresh: 210
[detector_node-2] 	yolo_model_path: 
[detector_node-2] 	yolo_model_name: yolon1024HD-clean-AdamW_openvino_model
[detector_node-2] 	label: False
[detector_node-2] 
[detector_node-2] [INFO] [1781641226.320571350] [detector_node]: YOLO_DETECTOR detection elapsed time: 0.3157 seconds
[local_fusion-3] [INFO] [1781641226.320916490] [local_fusion_node]: Local Fusion callback triggered.
[detector_node-2] [INFO] [1781641226.350976239] [detector_node]: YOLO_DETECTOR detection elapsed time: 0.0294 seconds
[local_fusion-3] [INFO] [1781641226.351393214] [local_fusion_node]: Local Fusion callback triggered.
[detector_node-2] [INFO] [1781641226.384676015] [detector_node]: YOLO_DETECTOR detection elapsed time: 0.0328 seconds
[local_fusion-3] [INFO] [1781641226.385084733] [local_fusion_node]: Local Fusion callback triggered.
[detector_node-2] [INFO] [1781641226.415535606] [detector_node]: YOLO_DETECTOR detection elapsed time: 0.0300 seconds
[local_fusion-3] [INFO] [1781641226.415951157] [local_fusion_node]: Local Fusion callback triggered.
[detector_node-2] [INFO] [1781641226.450861318] [detector_node]: YOLO_DETECTOR detection elapsed time: 0.0345 seconds
[local_fusion-3] [INFO] [1781641226.451262271] [local_fusion_node]: Local Fusion callback triggered.
[detector_node-2] [INFO] [1781641226.482414541] [detector_node]: YOLO_DETECTOR detection elapsed time: 0.0307 seconds
[local_fusion-3] [INFO] [1781641226.482756633] [local_fusion_node]: Local Fusion callback triggered.
[detector_node-2] [INFO] [1781641226.513949530] [detector_node]: YOLO_DETECTOR detection elapsed time: 0.0307 seconds
[local_fusion-3] [INFO] [1781641226.514358731] [local_fusion_node]: Local Fusion callback triggered.
[detector_node-2] [INFO] [1781641226.546123676] [detector_node]: YOLO_DETECTOR detection elapsed time: 0.0313 seconds
[local_fusion-3] [INFO] [1781641226.546540722] [local_fusion_node]: Local Fusion callback triggered.
[detector_node-2] [INFO] [1781641226.577191792] [detector_node]: YOLO_DETECTOR detection elapsed time: 0.0302 seconds
[local_fusion-3] [INFO] [1781641226.577503106] [local_fusion_node]: Local Fusion callback triggered.
[detector_node-2] [INFO] [1781641226.610068233] [detector_node]: YOLO_DETECTOR detection elapsed time: 0.0320 seconds
[local_fusion-3] [INFO] [1781641226.610468093] [local_fusion_node]: Local Fusion callback triggered.
[detector_node-2] [INFO] [1781641226.648656097] [detector_node]: YOLO_DETECTOR detection elapsed time: 0.0377 seconds
[local_fusion-3] [INFO] [1781641226.648882530] [local_fusion_node]: Local Fusion callback triggered.
[detector_node-2] [INFO] [1781641226.680397727] [detector_node]: YOLO_DETECTOR detection elapsed time: 0.0307 seconds
[local_fusion-3] [INFO] [1781641226.680571489] [local_fusion_node]: Local Fusion callback triggered.
[detector_node-2] [INFO] [1781641226.713280133] [detector_node]: YOLO_DETECTOR detection elapsed time: 0.0319 seconds
[local_fusion-3] [INFO] [1781641226.713640443] [local_fusion_node]: Local Fusion callback triggered.
[detector_node-2] [INFO] [1781641226.745205450] [detector_node]: YOLO_DETECTOR detection elapsed time: 0.0310 seconds
[local_fusion-3] [INFO] [1781641226.745568536] [local_fusion_node]: Local Fusion callback triggered.
[detector_node-2] [INFO] [1781641226.779341005] [detector_node]: YOLO_DETECTOR detection elapsed time: 0.0332 seconds
[local_fusion-3] [INFO] [1781641226.779575043] [local_fusion_node]: Local Fusion callback triggered.
[detector_node-2] [INFO] [1781641226.826526501] [detector_node]: YOLO_DETECTOR detection elapsed time: 0.0299 seconds
[local_fusion-3] [INFO] [1781641226.826821661] [local_fusion_node]: Local Fusion callback triggered.
[detector_node-2] [INFO] [1781641226.912966692] [detector_node]: YOLO_DETECTOR detection elapsed time: 0.0252 seconds
[local_fusion-3] [INFO] [1781641226.913403738] [local_fusion_node]: Local Fusion callback triggered.
[global_fusion-4] [INFO] [1781641226.962845782] [global_fusion_node]: Removing wall ID 4.
[detector_node-2] [INFO] [1781641227.012451920] [detector_node]: YOLO_DETECTOR detection elapsed time: 0.0221 seconds
[local_fusion-3] [INFO] [1781641227.012837502] [local_fusion_node]: Local Fusion callback triggered.
[detector_node-2] [INFO] [1781641227.112811627] [detector_node]: YOLO_DETECTOR detection elapsed time: 0.0268 seconds
[local_fusion-3] [INFO] [1781641227.113286624] [local_fusion_node]: Local Fusion callback triggered.
[detector_node-2] [INFO] [1781641227.212360347] [detector_node]: YOLO_DETECTOR detection elapsed time: 0.0245 seconds
[local_fusion-3] [INFO] [1781641227.212777897] [local_fusion_node]: Local Fusion callback triggered.
[detector_node-2] [INFO] [1781641227.313585342] [detector_node]: YOLO_DETECTOR detection elapsed time: 0.0265 seconds
[local_fusion-3] [INFO] [1781641227.313822065] [local_fusion_node]: Local Fusion callback triggered.
[detector_node-2] [INFO] [1781641227.416725654] [detector_node]: YOLO_DETECTOR detection elapsed time: 0.0293 seconds
[local_fusion-3] [INFO] [1781641227.416993567] [local_fusion_node]: Local Fusion callback triggered.
[detector_node-2] [INFO] [1781641227.515460634] [detector_node]: YOLO_DETECTOR detection elapsed time: 0.0283 seconds
[local_fusion-3] [INFO] [1781641227.515722528] [local_fusion_node]: Local Fusion callback triggered.
[detector_node-2] [INFO] [1781641227.615821367] [detector_node]: YOLO_DETECTOR detection elapsed time: 0.0263 seconds
[local_fusion-3] [INFO] [1781641227.616176201] [local_fusion_node]: Local Fusion callback triggered.
[global_fusion-4] [INFO] [1781641227.699085552] [global_fusion_node]: Removing wall ID 6.
[detector_node-2] [INFO] [1781641227.712543941] [detector_node]: YOLO_DETECTOR detection elapsed time: 0.0254 seconds
[local_fusion-3] [INFO] [1781641227.712770165] [local_fusion_node]: Local Fusion callback triggered.
[detector_node-2] [INFO] [1781641227.814924072] [detector_node]: YOLO_DETECTOR detection elapsed time: 0.0277 seconds
[local_fusion-3] [INFO] [1781641227.815305698] [local_fusion_node]: Local Fusion callback triggered.
[detector_node-2] [INFO] [1781641227.916514678] [detector_node]: YOLO_DETECTOR detection elapsed time: 0.0252 seconds
[local_fusion-3] [INFO] [1781641227.916806257] [local_fusion_node]: Local Fusion callback triggered.
[detector_node-2] [INFO] [1781641228.014332201] [detector_node]: YOLO_DETECTOR detection elapsed time: 0.0268 seconds
[local_fusion-3] [INFO] [1781641228.014681493] [local_fusion_node]: Local Fusion callback triggered.
[detector_node-2] [INFO] [1781641228.118102371] [detector_node]: YOLO_DETECTOR detection elapsed time: 0.0264 seconds
[local_fusion-3] [INFO] [1781641228.118623470] [local_fusion_node]: Local Fusion callback triggered.
[global_fusion-4] [INFO] [1781641228.179036975] [global_fusion_node]: Removing wall ID 5.
[detector_node-2] [INFO] [1781641228.216946752] [detector_node]: YOLO_DETECTOR detection elapsed time: 0.0285 seconds
[local_fusion-3] [INFO] [1781641228.217363426] [local_fusion_node]: Local Fusion callback triggered.
[detector_node-2] [INFO] [1781641228.314602030] [detector_node]: YOLO_DETECTOR detection elapsed time: 0.0258 seconds
[local_fusion-3] [INFO] [1781641228.315030617] [local_fusion_node]: Local Fusion callback triggered.
[detector_node-2] [INFO] [1781641228.419157975] [detector_node]: YOLO_DETECTOR detection elapsed time: 0.0288 seconds
[local_fusion-3] [INFO] [1781641228.419531280] [local_fusion_node]: Local Fusion callback triggered.
[detector_node-2] [INFO] [1781641228.512855474] [detector_node]: YOLO_DETECTOR detection elapsed time: 0.0259 seconds
[local_fusion-3] [INFO] [1781641228.513207453] [local_fusion_node]: Local Fusion callback triggered.
[detector_node-2] [INFO] [1781641228.621318504] [detector_node]: YOLO_DETECTOR detection elapsed time: 0.0330 seconds
[local_fusion-3] [INFO] [1781641228.621683332] [local_fusion_node]: Local Fusion callback triggered.
[detector_node-2] [INFO] [1781641228.716014451] [detector_node]: YOLO_DETECTOR detection elapsed time: 0.0266 seconds
[local_fusion-3] [INFO] [1781641228.716484026] [local_fusion_node]: Local Fusion callback triggered.
[global_fusion-4] [INFO] [1781641228.744921984] [global_fusion_node]: Removing wall ID 10.
[detector_node-2] [INFO] [1781641228.818336829] [detector_node]: YOLO_DETECTOR detection elapsed time: 0.0254 seconds
[local_fusion-3] [INFO] [1781641228.818770357] [local_fusion_node]: Local Fusion callback triggered.
[detector_node-2] [INFO] [1781641228.916984851] [detector_node]: YOLO_DETECTOR detection elapsed time: 0.0265 seconds
[local_fusion-3] [INFO] [1781641228.917370928] [local_fusion_node]: Local Fusion callback triggered.
[detector_node-2] [INFO] [1781641229.015610779] [detector_node]: YOLO_DETECTOR detection elapsed time: 0.0234 seconds
[local_fusion-3] [INFO] [1781641229.016033115] [local_fusion_node]: Local Fusion callback triggered.
[global_fusion-4] [INFO] [1781641229.022069886] [global_fusion_node]: Removing wall ID 11.
[detector_node-2] [INFO] [1781641229.115644249] [detector_node]: YOLO_DETECTOR detection elapsed time: 0.0273 seconds
[local_fusion-3] [INFO] [1781641229.116019667] [local_fusion_node]: Local Fusion callback triggered.
[detector_node-2] [INFO] [1781641229.218152850] [detector_node]: YOLO_DETECTOR detection elapsed time: 0.0266 seconds
[local_fusion-3] [INFO] [1781641229.218578509] [local_fusion_node]: Local Fusion callback triggered.
[detector_node-2] [INFO] [1781641229.315082017] [detector_node]: YOLO_DETECTOR detection elapsed time: 0.0274 seconds
[local_fusion-3] [INFO] [1781641229.315422260] [local_fusion_node]: Local Fusion callback triggered.
[detector_node-2] [INFO] [1781641229.415297970] [detector_node]: YOLO_DETECTOR detection elapsed time: 0.0274 seconds
[local_fusion-3] [INFO] [1781641229.415724291] [local_fusion_node]: Local Fusion callback triggered.
[detector_node-2] [INFO] [1781641229.516089672] [detector_node]: YOLO_DETECTOR detection elapsed time: 0.0272 seconds
[local_fusion-3] [INFO] [1781641229.516456649] [local_fusion_node]: Local Fusion callback triggered.
[detector_node-2] [INFO] [1781641229.617639990] [detector_node]: YOLO_DETECTOR detection elapsed time: 0.0241 seconds
[local_fusion-3] [INFO] [1781641229.618086429] [local_fusion_node]: Local Fusion callback triggered.
[detector_node-2] [INFO] [1781641229.719547055] [detector_node]: YOLO_DETECTOR detection elapsed time: 0.0272 seconds
[local_fusion-3] [INFO] [1781641229.719981142] [local_fusion_node]: Local Fusion callback triggered.
[detector_node-2] [INFO] [1781641229.824649762] [detector_node]: YOLO_DETECTOR detection elapsed time: 0.0323 seconds
[local_fusion-3] [INFO] [1781641229.824932243] [local_fusion_node]: Local Fusion callback triggered.
[detector_node-2] [INFO] [1781641229.918090148] [detector_node]: YOLO_DETECTOR detection elapsed time: 0.0280 seconds
[local_fusion-3] [INFO] [1781641229.918762033] [local_fusion_node]: Local Fusion callback triggered.
[detector_node-2] [INFO] [1781641230.020824168] [detector_node]: YOLO_DETECTOR detection elapsed time: 0.0320 seconds
[local_fusion-3] [INFO] [1781641230.021248690] [local_fusion_node]: Local Fusion callback triggered.
[detector_node-2] [INFO] [1781641230.116191210] [detector_node]: YOLO_DETECTOR detection elapsed time: 0.0258 seconds
[local_fusion-3] [INFO] [1781641230.116608855] [local_fusion_node]: Local Fusion callback triggered.
[detector_node-2] [INFO] [1781641230.221540522] [detector_node]: YOLO_DETECTOR detection elapsed time: 0.0287 seconds
[local_fusion-3] [INFO] [1781641230.221890404] [local_fusion_node]: Local Fusion callback triggered.
[detector_node-2] [INFO] [1781641230.314650639] [detector_node]: YOLO_DETECTOR detection elapsed time: 0.0256 seconds
[local_fusion-3] [INFO] [1781641230.315113318] [local_fusion_node]: Local Fusion callback triggered.
[detector_node-2] [INFO] [1781641230.415275686] [detector_node]: YOLO_DETECTOR detection elapsed time: 0.0266 seconds
[local_fusion-3] [INFO] [1781641230.415685577] [local_fusion_node]: Local Fusion callback triggered.
[detector_node-2] [INFO] [1781641230.518150132] [detector_node]: YOLO_DETECTOR detection elapsed time: 0.0279 seconds
[local_fusion-3] [INFO] [1781641230.518535870] [local_fusion_node]: Local Fusion callback triggered.
[detector_node-2] [INFO] [1781641230.616859980] [detector_node]: YOLO_DETECTOR detection elapsed time: 0.0269 seconds
[local_fusion-3] [INFO] [1781641230.617228146] [local_fusion_node]: Local Fusion callback triggered.
[detector_node-2] [INFO] [1781641230.715021281] [detector_node]: YOLO_DETECTOR detection elapsed time: 0.0264 seconds
[local_fusion-3] [INFO] [1781641230.715381087] [local_fusion_node]: Local Fusion callback triggered.
[detector_node-2] [INFO] [1781641230.817267661] [detector_node]: YOLO_DETECTOR detection elapsed time: 0.0265 seconds
[local_fusion-3] [INFO] [1781641230.817685719] [local_fusion_node]: Local Fusion callback triggered.
[detector_node-2] [INFO] [1781641230.914138681] [detector_node]: YOLO_DETECTOR detection elapsed time: 0.0259 seconds
[local_fusion-3] [INFO] [1781641230.914562624] [local_fusion_node]: Local Fusion callback triggered.
[detector_node-2] [INFO] [1781641231.017022741] [detector_node]: YOLO_DETECTOR detection elapsed time: 0.0280 seconds
[local_fusion-3] [INFO] [1781641231.017474173] [local_fusion_node]: Local Fusion callback triggered.
[detector_node-2] [INFO] [1781641231.121664192] [detector_node]: YOLO_DETECTOR detection elapsed time: 0.0313 seconds
[local_fusion-3] [INFO] [1781641231.122026080] [local_fusion_node]: Local Fusion callback triggered.
[detector_node-2] [INFO] [1781641231.218405072] [detector_node]: YOLO_DETECTOR detection elapsed time: 0.0284 seconds
[local_fusion-3] [INFO] [1781641231.218814956] [local_fusion_node]: Local Fusion callback triggered.
[detector_node-2] [INFO] [1781641231.316384969] [detector_node]: YOLO_DETECTOR detection elapsed time: 0.0265 seconds
[local_fusion-3] [INFO] [1781641231.316807194] [local_fusion_node]: Local Fusion callback triggered.
[detector_node-2] [INFO] [1781641231.418203048] [detector_node]: YOLO_DETECTOR detection elapsed time: 0.0270 seconds
[local_fusion-3] [INFO] [1781641231.418544897] [local_fusion_node]: Local Fusion callback triggered.
[detector_node-2] [INFO] [1781641231.517449330] [detector_node]: YOLO_DETECTOR detection elapsed time: 0.0295 seconds
[local_fusion-3] [INFO] [1781641231.517838529] [local_fusion_node]: Local Fusion callback triggered.
[detector_node-2] [INFO] [1781641231.617391200] [detector_node]: YOLO_DETECTOR detection elapsed time: 0.0268 seconds
[local_fusion-3] [INFO] [1781641231.617732307] [local_fusion_node]: Local Fusion callback triggered.
[detector_node-2] [INFO] [1781641231.715262676] [detector_node]: YOLO_DETECTOR detection elapsed time: 0.0267 seconds
[local_fusion-3] [INFO] [1781641231.715463658] [local_fusion_node]: Local Fusion callback triggered.
[detector_node-2] [INFO] [1781641231.814599551] [detector_node]: YOLO_DETECTOR detection elapsed time: 0.0275 seconds
[local_fusion-3] [INFO] [1781641231.814869092] [local_fusion_node]: Local Fusion callback triggered.
[detector_node-2] [INFO] [1781641231.919425212] [detector_node]: YOLO_DETECTOR detection elapsed time: 0.0246 seconds
[local_fusion-3] [INFO] [1781641231.919754212] [local_fusion_node]: Local Fusion callback triggered.
[detector_node-2] [INFO] [1781641232.017145723] [detector_node]: YOLO_DETECTOR detection elapsed time: 0.0283 seconds
[local_fusion-3] [INFO] [1781641232.017533641] [local_fusion_node]: Local Fusion callback triggered.
[detector_node-2] [INFO] [1781641232.117386208] [detector_node]: YOLO_DETECTOR detection elapsed time: 0.0270 seconds
[local_fusion-3] [INFO] [1781641232.117741426] [local_fusion_node]: Local Fusion callback triggered.
[detector_node-2] [INFO] [1781641232.214948831] [detector_node]: YOLO_DETECTOR detection elapsed time: 0.0268 seconds
[local_fusion-3] [INFO] [1781641232.215403644] [local_fusion_node]: Local Fusion callback triggered.
[detector_node-2] [INFO] [1781641232.318389927] [detector_node]: YOLO_DETECTOR detection elapsed time: 0.0284 seconds
[local_fusion-3] [INFO] [1781641232.318749567] [local_fusion_node]: Local Fusion callback triggered.
[detector_node-2] [INFO] [1781641232.418400940] [detector_node]: YOLO_DETECTOR detection elapsed time: 0.0278 seconds
[local_fusion-3] [INFO] [1781641232.418862012] [local_fusion_node]: Local Fusion callback triggered.
[detector_node-2] [INFO] [1781641232.527948204] [detector_node]: YOLO_DETECTOR detection elapsed time: 0.0336 seconds
[local_fusion-3] [INFO] [1781641232.528328039] [local_fusion_node]: Local Fusion callback triggered.
[detector_node-2] [INFO] [1781641232.618967176] [detector_node]: YOLO_DETECTOR detection elapsed time: 0.0268 seconds
[local_fusion-3] [INFO] [1781641232.619514279] [local_fusion_node]: Local Fusion callback triggered.
[global_fusion-4] [INFO] [1781641232.706705324] [global_fusion_node]: Removing wall ID 14.
[detector_node-2] [INFO] [1781641232.715996643] [detector_node]: YOLO_DETECTOR detection elapsed time: 0.0266 seconds
[local_fusion-3] [INFO] [1781641232.716283565] [local_fusion_node]: Local Fusion callback triggered.
[detector_node-2] [INFO] [1781641232.816501202] [detector_node]: YOLO_DETECTOR detection elapsed time: 0.0256 seconds
[local_fusion-3] [INFO] [1781641232.816887505] [local_fusion_node]: Local Fusion callback triggered.
[detector_node-2] [INFO] [1781641232.919550360] [detector_node]: YOLO_DETECTOR detection elapsed time: 0.0275 seconds
[local_fusion-3] [INFO] [1781641232.919963936] [local_fusion_node]: Local Fusion callback triggered.
[detector_node-2] [INFO] [1781641233.021803560] [detector_node]: YOLO_DETECTOR detection elapsed time: 0.0271 seconds
[local_fusion-3] [INFO] [1781641233.022351461] [local_fusion_node]: Local Fusion callback triggered.
[detector_node-2] [INFO] [1781641233.119511138] [detector_node]: YOLO_DETECTOR detection elapsed time: 0.0290 seconds
[local_fusion-3] [INFO] [1781641233.119868208] [local_fusion_node]: Local Fusion callback triggered.
[detector_node-2] [INFO] [1781641233.224856647] [detector_node]: YOLO_DETECTOR detection elapsed time: 0.0308 seconds
[local_fusion-3] [INFO] [1781641233.225308100] [local_fusion_node]: Local Fusion callback triggered.
[detector_node-2] [INFO] [1781641233.326733402] [detector_node]: YOLO_DETECTOR detection elapsed time: 0.0327 seconds
[local_fusion-3] [INFO] [1781641233.327120025] [local_fusion_node]: Local Fusion callback triggered.
[detector_node-2] [INFO] [1781641233.419639911] [detector_node]: YOLO_DETECTOR detection elapsed time: 0.0268 seconds
[local_fusion-3] [INFO] [1781641233.420078442] [local_fusion_node]: Local Fusion callback triggered.
[detector_node-2] [INFO] [1781641233.518556278] [detector_node]: YOLO_DETECTOR detection elapsed time: 0.0277 seconds
[local_fusion-3] [INFO] [1781641233.518962592] [local_fusion_node]: Local Fusion callback triggered.
[detector_node-2] [INFO] [1781641233.624277203] [detector_node]: YOLO_DETECTOR detection elapsed time: 0.0293 seconds
[local_fusion-3] [INFO] [1781641233.624614503] [local_fusion_node]: Local Fusion callback triggered.
[detector_node-2] [INFO] [1781641233.722605891] [detector_node]: YOLO_DETECTOR detection elapsed time: 0.0303 seconds
[local_fusion-3] [INFO] [1781641233.723095228] [local_fusion_node]: Local Fusion callback triggered.
[detector_node-2] [INFO] [1781641233.824347562] [detector_node]: YOLO_DETECTOR detection elapsed time: 0.0271 seconds
[local_fusion-3] [INFO] [1781641233.824709245] [local_fusion_node]: Local Fusion callback triggered.
[detector_node-2] [INFO] [1781641233.921904138] [detector_node]: YOLO_DETECTOR detection elapsed time: 0.0294 seconds
[local_fusion-3] [INFO] [1781641233.922348353] [local_fusion_node]: Local Fusion callback triggered.
[detector_node-2] [INFO] [1781641234.016786120] [detector_node]: YOLO_DETECTOR detection elapsed time: 0.0279 seconds
[local_fusion-3] [INFO] [1781641234.017079439] [local_fusion_node]: Local Fusion callback triggered.
[detector_node-2] [INFO] [1781641234.115579440] [detector_node]: YOLO_DETECTOR detection elapsed time: 0.0244 seconds
[local_fusion-3] [INFO] [1781641234.115917097] [local_fusion_node]: Local Fusion callback triggered.
[detector_node-2] [INFO] [1781641234.214192855] [detector_node]: YOLO_DETECTOR detection elapsed time: 0.0277 seconds
[local_fusion-3] [INFO] [1781641234.214560991] [local_fusion_node]: Local Fusion callback triggered.
[detector_node-2] [INFO] [1781641234.312262994] [detector_node]: YOLO_DETECTOR detection elapsed time: 0.0253 seconds
[local_fusion-3] [INFO] [1781641234.312652514] [local_fusion_node]: Local Fusion callback triggered.
[detector_node-2] [INFO] [1781641234.411524059] [detector_node]: YOLO_DETECTOR detection elapsed time: 0.0232 seconds
[local_fusion-3] [INFO] [1781641234.411906417] [local_fusion_node]: Local Fusion callback triggered.
[detector_node-2] [INFO] [1781641234.512514384] [detector_node]: YOLO_DETECTOR detection elapsed time: 0.0225 seconds
[local_fusion-3] [INFO] [1781641234.512890884] [local_fusion_node]: Local Fusion callback triggered.
[detector_node-2] [INFO] [1781641234.609336308] [detector_node]: YOLO_DETECTOR detection elapsed time: 0.0216 seconds
[local_fusion-3] [INFO] [1781641234.609708983] [local_fusion_node]: Local Fusion callback triggered.
[detector_node-2] [INFO] [1781641234.711392340] [detector_node]: YOLO_DETECTOR detection elapsed time: 0.0247 seconds
[local_fusion-3] [INFO] [1781641234.711779848] [local_fusion_node]: Local Fusion callback triggered.
[detector_node-2] [INFO] [1781641234.812946651] [detector_node]: YOLO_DETECTOR detection elapsed time: 0.0250 seconds
[local_fusion-3] [INFO] [1781641234.813292446] [local_fusion_node]: Local Fusion callback triggered.
[detector_node-2] [INFO] [1781641234.911058027] [detector_node]: YOLO_DETECTOR detection elapsed time: 0.0249 seconds
[local_fusion-3] [INFO] [1781641234.911529990] [local_fusion_node]: Local Fusion callback triggered.
[detector_node-2] [INFO] [1781641235.013240429] [detector_node]: YOLO_DETECTOR detection elapsed time: 0.0248 seconds
[local_fusion-3] [INFO] [1781641235.013659023] [local_fusion_node]: Local Fusion callback triggered.
[detector_node-2] [INFO] [1781641235.116678999] [detector_node]: YOLO_DETECTOR detection elapsed time: 0.0249 seconds
[local_fusion-3] [INFO] [1781641235.117167858] [local_fusion_node]: Local Fusion callback triggered.
[detector_node-2] [INFO] [1781641235.209437723] [detector_node]: YOLO_DETECTOR detection elapsed time: 0.0216 seconds
[local_fusion-3] [INFO] [1781641235.209954846] [local_fusion_node]: Local Fusion callback triggered.
[detector_node-2] [INFO] [1781641235.309157628] [detector_node]: YOLO_DETECTOR detection elapsed time: 0.0228 seconds
[local_fusion-3] [INFO] [1781641235.309504258] [local_fusion_node]: Local Fusion callback triggered.
[detector_node-2] [INFO] [1781641235.412416353] [detector_node]: YOLO_DETECTOR detection elapsed time: 0.0232 seconds
[local_fusion-3] [INFO] [1781641235.412859916] [local_fusion_node]: Local Fusion callback triggered.
[detector_node-2] [INFO] [1781641235.513678155] [detector_node]: YOLO_DETECTOR detection elapsed time: 0.0263 seconds
[local_fusion-3] [INFO] [1781641235.514069948] [local_fusion_node]: Local Fusion callback triggered.
[detector_node-2] [INFO] [1781641235.609659780] [detector_node]: YOLO_DETECTOR detection elapsed time: 0.0230 seconds
[local_fusion-3] [INFO] [1781641235.609973203] [local_fusion_node]: Local Fusion callback triggered.
[detector_node-2] [INFO] [1781641235.712155612] [detector_node]: YOLO_DETECTOR detection elapsed time: 0.0232 seconds
[local_fusion-3] [INFO] [1781641235.712445836] [local_fusion_node]: Local Fusion callback triggered.
[detector_node-2] [INFO] [1781641235.811291438] [detector_node]: YOLO_DETECTOR detection elapsed time: 0.0234 seconds
[local_fusion-3] [INFO] [1781641235.811573430] [local_fusion_node]: Local Fusion callback triggered.
[detector_node-2] [INFO] [1781641235.909595646] [detector_node]: YOLO_DETECTOR detection elapsed time: 0.0227 seconds
[local_fusion-3] [INFO] [1781641235.909870681] [local_fusion_node]: Local Fusion callback triggered.
[detector_node-2] [INFO] [1781641236.012339644] [detector_node]: YOLO_DETECTOR detection elapsed time: 0.0251 seconds
[local_fusion-3] [INFO] [1781641236.012852047] [local_fusion_node]: Local Fusion callback triggered.
[detector_node-2] [INFO] [1781641236.108622286] [detector_node]: YOLO_DETECTOR detection elapsed time: 0.0222 seconds
[local_fusion-3] [INFO] [1781641236.109019012] [local_fusion_node]: Local Fusion callback triggered.
[detector_node-2] [INFO] [1781641236.215797860] [detector_node]: YOLO_DETECTOR detection elapsed time: 0.0249 seconds
[local_fusion-3] [INFO] [1781641236.216223299] [local_fusion_node]: Local Fusion callback triggered.
[detector_node-2] [INFO] [1781641236.314775692] [detector_node]: YOLO_DETECTOR detection elapsed time: 0.0243 seconds
[local_fusion-3] [INFO] [1781641236.315180618] [local_fusion_node]: Local Fusion callback triggered.
[detector_node-2] [INFO] [1781641236.409869574] [detector_node]: YOLO_DETECTOR detection elapsed time: 0.0245 seconds
[local_fusion-3] [INFO] [1781641236.410320522] [local_fusion_node]: Local Fusion callback triggered.
[global_fusion-4] [WARN] [1781641236.419995118] [global_fusion_node]: TF transform failed: Lookup would require extrapolation into the future.  Requested time 462.070713 but the latest data is at time 462.053381, when looking up transform from frame [drone0/base_link] to frame [drone0/map]
[global_fusion-4] [WARN] [1781641236.494963185] [global_fusion_node]: TF transform failed: Lookup would require extrapolation into the future.  Requested time 462.170041 but the latest data is at time 462.137747, when looking up transform from frame [drone0/base_link] to frame [drone0/map]
[detector_node-2] [INFO] [1781641236.511469885] [detector_node]: YOLO_DETECTOR detection elapsed time: 0.0238 seconds
[local_fusion-3] [INFO] [1781641236.511865631] [local_fusion_node]: Local Fusion callback triggered.
[global_fusion-4] [WARN] [1781641236.580996981] [global_fusion_node]: TF transform failed: Lookup would require extrapolation into the future.  Requested time 462.270889 but the latest data is at time 462.233510, when looking up transform from frame [drone0/base_link] to frame [drone0/map]
[detector_node-2] [INFO] [1781641236.611821187] [detector_node]: YOLO_DETECTOR detection elapsed time: 0.0253 seconds
[local_fusion-3] [INFO] [1781641236.612387566] [local_fusion_node]: Local Fusion callback triggered.
[global_fusion-4] [WARN] [1781641236.668466456] [global_fusion_node]: TF transform failed: Lookup would require extrapolation into the future.  Requested time 462.369518 but the latest data is at time 462.307732, when looking up transform from frame [drone0/base_link] to frame [drone0/map]
[detector_node-2] [INFO] [1781641236.710206675] [detector_node]: YOLO_DETECTOR detection elapsed time: 0.0251 seconds
[local_fusion-3] [INFO] [1781641236.710596619] [local_fusion_node]: Local Fusion callback triggered.
[global_fusion-4] [WARN] [1781641236.756796347] [global_fusion_node]: TF transform failed: Lookup would require extrapolation into the future.  Requested time 462.470666 but the latest data is at time 462.397727, when looking up transform from frame [drone0/base_link] to frame [drone0/map]
[detector_node-2] [INFO] [1781641236.811560772] [detector_node]: YOLO_DETECTOR detection elapsed time: 0.0274 seconds
[local_fusion-3] [INFO] [1781641236.811819018] [local_fusion_node]: Local Fusion callback triggered.
[global_fusion-4] [WARN] [1781641236.847810586] [global_fusion_node]: TF transform failed: Lookup would require extrapolation into the future.  Requested time 462.570026 but the latest data is at time 462.483508, when looking up transform from frame [drone0/base_link] to frame [drone0/map]
[detector_node-2] [INFO] [1781641236.909422086] [detector_node]: YOLO_DETECTOR detection elapsed time: 0.0233 seconds
[local_fusion-3] [INFO] [1781641236.909839209] [local_fusion_node]: Local Fusion callback triggered.
[global_fusion-4] [WARN] [1781641236.940183199] [global_fusion_node]: TF transform failed: Lookup would require extrapolation into the future.  Requested time 462.669915 but the latest data is at time 462.573659, when looking up transform from frame [drone0/base_link] to frame [drone0/map]
[detector_node-2] [INFO] [1781641237.008272049] [detector_node]: YOLO_DETECTOR detection elapsed time: 0.0232 seconds
[local_fusion-3] [INFO] [1781641237.008704989] [local_fusion_node]: Local Fusion callback triggered.
[global_fusion-4] [WARN] [1781641237.027537628] [global_fusion_node]: TF transform failed: Lookup would require extrapolation into the future.  Requested time 462.769918 but the latest data is at time 462.667937, when looking up transform from frame [drone0/base_link] to frame [drone0/map]
[detector_node-2] [INFO] [1781641237.108992459] [detector_node]: YOLO_DETECTOR detection elapsed time: 0.0252 seconds
[local_fusion-3] [INFO] [1781641237.109484304] [local_fusion_node]: Local Fusion callback triggered.
[global_fusion-4] [WARN] [1781641237.113446623] [global_fusion_node]: TF transform failed: Lookup would require extrapolation into the future.  Requested time 462.870892 but the latest data is at time 462.755120, when looking up transform from frame [drone0/base_link] to frame [drone0/map]
[global_fusion-4] [WARN] [1781641237.196118562] [global_fusion_node]: TF transform failed: Lookup would require extrapolation into the future.  Requested time 462.970304 but the latest data is at time 462.843518, when looking up transform from frame [drone0/base_link] to frame [drone0/map]
[detector_node-2] [INFO] [1781641237.209751083] [detector_node]: YOLO_DETECTOR detection elapsed time: 0.0246 seconds
[local_fusion-3] [INFO] [1781641237.210323797] [local_fusion_node]: Local Fusion callback triggered.
[global_fusion-4] [WARN] [1781641237.282769308] [global_fusion_node]: TF transform failed: Lookup would require extrapolation into the future.  Requested time 463.069869 but the latest data is at time 462.933227, when looking up transform from frame [drone0/base_link] to frame [drone0/map]
[detector_node-2] [INFO] [1781641237.309765553] [detector_node]: YOLO_DETECTOR detection elapsed time: 0.0231 seconds
[local_fusion-3] [INFO] [1781641237.310202095] [local_fusion_node]: Local Fusion callback triggered.
[global_fusion-4] [WARN] [1781641237.369322950] [global_fusion_node]: TF transform failed: Lookup would require extrapolation into the future.  Requested time 463.169871 but the latest data is at time 463.007606, when looking up transform from frame [drone0/base_link] to frame [drone0/map]
[detector_node-2] [INFO] [1781641237.410651056] [detector_node]: YOLO_DETECTOR detection elapsed time: 0.0244 seconds
[local_fusion-3] [INFO] [1781641237.411261273] [local_fusion_node]: Local Fusion callback triggered.
[global_fusion-4] [WARN] [1781641237.456576461] [global_fusion_node]: TF transform failed: Lookup would require extrapolation into the future.  Requested time 463.270792 but the latest data is at time 463.093511, when looking up transform from frame [drone0/base_link] to frame [drone0/map]
[detector_node-2] [INFO] [1781641237.512623801] [detector_node]: YOLO_DETECTOR detection elapsed time: 0.0260 seconds
[local_fusion-3] [INFO] [1781641237.512932068] [local_fusion_node]: Local Fusion callback triggered.
[global_fusion-4] [WARN] [1781641237.549043841] [global_fusion_node]: TF transform failed: Lookup would require extrapolation into the future.  Requested time 463.369948 but the latest data is at time 463.183511, when looking up transform from frame [drone0/base_link] to frame [drone0/map]
[detector_node-2] [INFO] [1781641237.609907194] [detector_node]: YOLO_DETECTOR detection elapsed time: 0.0247 seconds
[local_fusion-3] [INFO] [1781641237.610334549] [local_fusion_node]: Local Fusion callback triggered.
[global_fusion-4] [WARN] [1781641237.639260807] [global_fusion_node]: TF transform failed: Lookup would require extrapolation into the future.  Requested time 463.469803 but the latest data is at time 463.277861, when looking up transform from frame [drone0/base_link] to frame [drone0/map]
[detector_node-2] [INFO] [1781641237.712417681] [detector_node]: YOLO_DETECTOR detection elapsed time: 0.0249 seconds
[local_fusion-3] [INFO] [1781641237.712765185] [local_fusion_node]: Local Fusion callback triggered.
[global_fusion-4] [WARN] [1781641237.725817084] [global_fusion_node]: TF transform failed: Lookup would require extrapolation into the future.  Requested time 463.569938 but the latest data is at time 463.363556, when looking up transform from frame [drone0/base_link] to frame [drone0/map]
[detector_node-2] [INFO] [1781641237.811898965] [detector_node]: YOLO_DETECTOR detection elapsed time: 0.0252 seconds
[local_fusion-3] [INFO] [1781641237.812238167] [local_fusion_node]: Local Fusion callback triggered.
[global_fusion-4] [WARN] [1781641237.816943957] [global_fusion_node]: TF transform failed: Lookup would require extrapolation into the future.  Requested time 463.671049 but the latest data is at time 463.453549, when looking up transform from frame [drone0/base_link] to frame [drone0/map]
[global_fusion-4] [WARN] [1781641237.912087874] [global_fusion_node]: TF transform failed: Lookup would require extrapolation into the future.  Requested time 463.769924 but the latest data is at time 463.543928, when looking up transform from frame [drone0/base_link] to frame [drone0/map]
[detector_node-2] [INFO] [1781641237.915616694] [detector_node]: YOLO_DETECTOR detection elapsed time: 0.0272 seconds
[local_fusion-3] [INFO] [1781641237.915900997] [local_fusion_node]: Local Fusion callback triggered.
[global_fusion-4] [WARN] [1781641238.004923177] [global_fusion_node]: TF transform failed: Lookup would require extrapolation into the future.  Requested time 463.869978 but the latest data is at time 463.643380, when looking up transform from frame [drone0/base_link] to frame [drone0/map]
[detector_node-2] [INFO] [1781641238.013646879] [detector_node]: YOLO_DETECTOR detection elapsed time: 0.0266 seconds
[local_fusion-3] [INFO] [1781641238.013995019] [local_fusion_node]: Local Fusion callback triggered.
[global_fusion-4] [WARN] [1781641238.088257739] [global_fusion_node]: TF transform failed: Lookup would require extrapolation into the future.  Requested time 463.969844 but the latest data is at time 463.733527, when looking up transform from frame [drone0/base_link] to frame [drone0/map]
[detector_node-2] [INFO] [1781641238.110616816] [detector_node]: YOLO_DETECTOR detection elapsed time: 0.0220 seconds
[local_fusion-3] [INFO] [1781641238.110946461] [local_fusion_node]: Local Fusion callback triggered.
[global_fusion-4] [WARN] [1781641238.174244396] [global_fusion_node]: TF transform failed: Lookup would require extrapolation into the future.  Requested time 464.069949 but the latest data is at time 463.819505, when looking up transform from frame [drone0/base_link] to frame [drone0/map]
[detector_node-2] [INFO] [1781641238.213256992] [detector_node]: YOLO_DETECTOR detection elapsed time: 0.0258 seconds
[local_fusion-3] [INFO] [1781641238.213577314] [local_fusion_node]: Local Fusion callback triggered.
[global_fusion-4] [WARN] [1781641238.261446860] [global_fusion_node]: TF transform failed: Lookup would require extrapolation into the future.  Requested time 464.170002 but the latest data is at time 463.897777, when looking up transform from frame [drone0/base_link] to frame [drone0/map]
[detector_node-2] [INFO] [1781641238.314782440] [detector_node]: YOLO_DETECTOR detection elapsed time: 0.0270 seconds
[local_fusion-3] [INFO] [1781641238.315154429] [local_fusion_node]: Local Fusion callback triggered.
[global_fusion-4] [WARN] [1781641238.353704277] [global_fusion_node]: TF transform failed: Lookup would require extrapolation into the future.  Requested time 464.268879 but the latest data is at time 463.987781, when looking up transform from frame [drone0/base_link] to frame [drone0/map]
[detector_node-2] [INFO] [1781641238.414068704] [detector_node]: YOLO_DETECTOR detection elapsed time: 0.0270 seconds
[local_fusion-3] [INFO] [1781641238.414507401] [local_fusion_node]: Local Fusion callback triggered.
[global_fusion-4] [WARN] [1781641238.442952369] [global_fusion_node]: TF transform failed: Lookup would require extrapolation into the future.  Requested time 464.369934 but the latest data is at time 464.083287, when looking up transform from frame [drone0/base_link] to frame [drone0/map]
[detector_node-2] [INFO] [1781641238.515282973] [detector_node]: YOLO_DETECTOR detection elapsed time: 0.0259 seconds
[local_fusion-3] [INFO] [1781641238.515764944] [local_fusion_node]: Local Fusion callback triggered.
[global_fusion-4] [WARN] [1781641238.535927761] [global_fusion_node]: TF transform failed: Lookup would require extrapolation into the future.  Requested time 464.470729 but the latest data is at time 464.168016, when looking up transform from frame [drone0/base_link] to frame [drone0/map]
[detector_node-2] [INFO] [1781641238.612260201] [detector_node]: YOLO_DETECTOR detection elapsed time: 0.0255 seconds
[local_fusion-3] [INFO] [1781641238.612676382] [local_fusion_node]: Local Fusion callback triggered.
[global_fusion-4] [WARN] [1781641238.621458174] [global_fusion_node]: TF transform failed: Lookup would require extrapolation into the future.  Requested time 464.569776 but the latest data is at time 464.263553, when looking up transform from frame [drone0/base_link] to frame [drone0/map]
[global_fusion-4] [WARN] [1781641238.703407099] [global_fusion_node]: TF transform failed: Lookup would require extrapolation into the future.  Requested time 464.670697 but the latest data is at time 464.347712, when looking up transform from frame [drone0/base_link] to frame [drone0/map]
[detector_node-2] [INFO] [1781641238.713174376] [detector_node]: YOLO_DETECTOR detection elapsed time: 0.0250 seconds
[local_fusion-3] [INFO] [1781641238.713487156] [local_fusion_node]: Local Fusion callback triggered.
[global_fusion-4] [WARN] [1781641238.785545361] [global_fusion_node]: TF transform failed: Lookup would require extrapolation into the future.  Requested time 464.771207 but the latest data is at time 464.437773, when looking up transform from frame [drone0/base_link] to frame [drone0/map]
[detector_node-2] [INFO] [1781641238.815428142] [detector_node]: YOLO_DETECTOR detection elapsed time: 0.0260 seconds
[local_fusion-3] [INFO] [1781641238.815739778] [local_fusion_node]: Local Fusion callback triggered.
[global_fusion-4] [WARN] [1781641238.874780941] [global_fusion_node]: TF transform failed: Lookup would require extrapolation into the future.  Requested time 464.869920 but the latest data is at time 464.513132, when looking up transform from frame [drone0/base_link] to frame [drone0/map]
[detector_node-2] [INFO] [1781641238.915319562] [detector_node]: YOLO_DETECTOR detection elapsed time: 0.0265 seconds
[local_fusion-3] [INFO] [1781641238.915688026] [local_fusion_node]: Local Fusion callback triggered.
[global_fusion-4] [WARN] [1781641238.966231834] [global_fusion_node]: TF transform failed: Lookup would require extrapolation into the future.  Requested time 464.969936 but the latest data is at time 464.603529, when looking up transform from frame [drone0/base_link] to frame [drone0/map]
[detector_node-2] [INFO] [1781641239.013453944] [detector_node]: YOLO_DETECTOR detection elapsed time: 0.0258 seconds
[local_fusion-3] [INFO] [1781641239.013853381] [local_fusion_node]: Local Fusion callback triggered.
[global_fusion-4] [WARN] [1781641239.054390634] [global_fusion_node]: TF transform failed: Lookup would require extrapolation into the future.  Requested time 465.070837 but the latest data is at time 464.693538, when looking up transform from frame [drone0/base_link] to frame [drone0/map]
[detector_node-2] [INFO] [1781641239.111497097] [detector_node]: YOLO_DETECTOR detection elapsed time: 0.0241 seconds
[local_fusion-3] [INFO] [1781641239.111882636] [local_fusion_node]: Local Fusion callback triggered.
[global_fusion-4] [WARN] [1781641239.142308356] [global_fusion_node]: TF transform failed: Lookup would require extrapolation into the future.  Requested time 465.170835 but the latest data is at time 464.783420, when looking up transform from frame [drone0/base_link] to frame [drone0/map]
[detector_node-2] [INFO] [1781641239.215296472] [detector_node]: YOLO_DETECTOR detection elapsed time: 0.0269 seconds
[local_fusion-3] [INFO] [1781641239.215610613] [local_fusion_node]: Local Fusion callback triggered.
[global_fusion-4] [WARN] [1781641239.227545687] [global_fusion_node]: TF transform failed: Lookup would require extrapolation into the future.  Requested time 465.270068 but the latest data is at time 464.867831, when looking up transform from frame [drone0/base_link] to frame [drone0/map]
[detector_node-2] [INFO] [1781641239.319540229] [detector_node]: YOLO_DETECTOR detection elapsed time: 0.0285 seconds
[local_fusion-3] [INFO] [1781641239.320071737] [local_fusion_node]: Local Fusion callback triggered.
[global_fusion-4] [WARN] [1781641239.326559706] [global_fusion_node]: TF transform failed: Lookup would require extrapolation into the future.  Requested time 465.369975 but the latest data is at time 464.947996, when looking up transform from frame [drone0/base_link] to frame [drone0/map]
[detector_node-2] [INFO] [1781641239.411987038] [detector_node]: YOLO_DETECTOR detection elapsed time: 0.0232 seconds
[local_fusion-3] [INFO] [1781641239.412382796] [local_fusion_node]: Local Fusion callback triggered.
[global_fusion-4] [WARN] [1781641239.418801222] [global_fusion_node]: TF transform failed: Lookup would require extrapolation into the future.  Requested time 465.470707 but the latest data is at time 465.063571, when looking up transform from frame [drone0/base_link] to frame [drone0/map]
[global_fusion-4] [WARN] [1781641239.512123912] [global_fusion_node]: TF transform failed: Lookup would require extrapolation into the future.  Requested time 465.569965 but the latest data is at time 465.153561, when looking up transform from frame [drone0/base_link] to frame [drone0/map]
[detector_node-2] [INFO] [1781641239.516413213] [detector_node]: YOLO_DETECTOR detection elapsed time: 0.0277 seconds
[local_fusion-3] [INFO] [1781641239.516781084] [local_fusion_node]: Local Fusion callback triggered.
[global_fusion-4] [WARN] [1781641239.615756764] [global_fusion_node]: TF transform failed: Lookup would require extrapolation into the future.  Requested time 465.670769 but the latest data is at time 465.253535, when looking up transform from frame [drone0/base_link] to frame [drone0/map]
[detector_node-2] [INFO] [1781641239.616812762] [detector_node]: YOLO_DETECTOR detection elapsed time: 0.0271 seconds
[local_fusion-3] [INFO] [1781641239.617027531] [local_fusion_node]: Local Fusion callback triggered.
[detector_node-2] [INFO] [1781641239.712780573] [detector_node]: YOLO_DETECTOR detection elapsed time: 0.0255 seconds
[local_fusion-3] [INFO] [1781641239.713269463] [local_fusion_node]: Local Fusion callback triggered.
[global_fusion-4] [WARN] [1781641239.719708659] [global_fusion_node]: TF transform failed: Lookup would require extrapolation into the future.  Requested time 465.770417 but the latest data is at time 465.358004, when looking up transform from frame [drone0/base_link] to frame [drone0/map]
[global_fusion-4] [WARN] [1781641239.790860125] [global_fusion_node]: TF transform failed: Lookup would require extrapolation into the future.  Requested time 465.869915 but the latest data is at time 465.453433, when looking up transform from frame [drone0/base_link] to frame [drone0/map]
[detector_node-2] [INFO] [1781641239.812202987] [detector_node]: YOLO_DETECTOR detection elapsed time: 0.0244 seconds
[local_fusion-3] [INFO] [1781641239.812580484] [local_fusion_node]: Local Fusion callback triggered.
[global_fusion-4] [WARN] [1781641239.911797281] [global_fusion_node]: TF transform failed: Lookup would require extrapolation into the future.  Requested time 465.970709 but the latest data is at time 465.543623, when looking up transform from frame [drone0/base_link] to frame [drone0/map]
[detector_node-2] [INFO] [1781641239.914991870] [detector_node]: YOLO_DETECTOR detection elapsed time: 0.0262 seconds
[local_fusion-3] [INFO] [1781641239.915459303] [local_fusion_node]: Local Fusion callback triggered.
[global_fusion-4] [WARN] [1781641240.000743553] [global_fusion_node]: TF transform failed: Lookup would require extrapolation into the future.  Requested time 466.069925 but the latest data is at time 465.647874, when looking up transform from frame [drone0/base_link] to frame [drone0/map]
[detector_node-2] [INFO] [1781641240.013550765] [detector_node]: YOLO_DETECTOR detection elapsed time: 0.0252 seconds
[local_fusion-3] [INFO] [1781641240.013852787] [local_fusion_node]: Local Fusion callback triggered.
[global_fusion-4] [WARN] [1781641240.088182185] [global_fusion_node]: TF transform failed: Lookup would require extrapolation into the future.  Requested time 466.170005 but the latest data is at time 465.843678, when looking up transform from frame [drone0/base_link] to frame [drone0/map]
[detector_node-2] [INFO] [1781641240.113191333] [detector_node]: YOLO_DETECTOR detection elapsed time: 0.0244 seconds
[local_fusion-3] [INFO] [1781641240.113522783] [local_fusion_node]: Local Fusion callback triggered.
[global_fusion-4] [WARN] [1781641240.182631078] [global_fusion_node]: TF transform failed: Lookup would require extrapolation into the future.  Requested time 466.270872 but the latest data is at time 466.063555, when looking up transform from frame [drone0/base_link] to frame [drone0/map]
[detector_node-2] [INFO] [1781641240.213557887] [detector_node]: YOLO_DETECTOR detection elapsed time: 0.0247 seconds
[local_fusion-3] [INFO] [1781641240.213796226] [local_fusion_node]: Local Fusion callback triggered.
[global_fusion-4] [WARN] [1781641240.276756754] [global_fusion_node]: TF transform failed: Lookup would require extrapolation into the future.  Requested time 466.369945 but the latest data is at time 466.233642, when looking up transform from frame [drone0/base_link] to frame [drone0/map]
[detector_node-2] [INFO] [1781641240.315134965] [detector_node]: YOLO_DETECTOR detection elapsed time: 0.0254 seconds
[local_fusion-3] [INFO] [1781641240.315466823] [local_fusion_node]: Local Fusion callback triggered.
[detector_node-2] [INFO] [1781641240.415733025] [detector_node]: YOLO_DETECTOR detection elapsed time: 0.0247 seconds
[local_fusion-3] [INFO] [1781641240.416032567] [local_fusion_node]: Local Fusion callback triggered.
[detector_node-2] [INFO] [1781641240.511606639] [detector_node]: YOLO_DETECTOR detection elapsed time: 0.0240 seconds
[local_fusion-3] [INFO] [1781641240.511922662] [local_fusion_node]: Local Fusion callback triggered.
[detector_node-2] [INFO] [1781641240.617722428] [detector_node]: YOLO_DETECTOR detection elapsed time: 0.0254 seconds
[local_fusion-3] [INFO] [1781641240.618031432] [local_fusion_node]: Local Fusion callback triggered.
[detector_node-2] [INFO] [1781641240.713348296] [detector_node]: YOLO_DETECTOR detection elapsed time: 0.0247 seconds
[local_fusion-3] [INFO] [1781641240.713738081] [local_fusion_node]: Local Fusion callback triggered.
[detector_node-2] [INFO] [1781641240.810879011] [detector_node]: YOLO_DETECTOR detection elapsed time: 0.0242 seconds
[local_fusion-3] [INFO] [1781641240.811328160] [local_fusion_node]: Local Fusion callback triggered.
[detector_node-2] [INFO] [1781641240.916213456] [detector_node]: YOLO_DETECTOR detection elapsed time: 0.0248 seconds
[local_fusion-3] [INFO] [1781641240.916559000] [local_fusion_node]: Local Fusion callback triggered.
[detector_node-2] [INFO] [1781641241.010727323] [detector_node]: YOLO_DETECTOR detection elapsed time: 0.0230 seconds
[local_fusion-3] [INFO] [1781641241.011091972] [local_fusion_node]: Local Fusion callback triggered.
[detector_node-2] [INFO] [1781641241.115683285] [detector_node]: YOLO_DETECTOR detection elapsed time: 0.0253 seconds
[local_fusion-3] [INFO] [1781641241.116155773] [local_fusion_node]: Local Fusion callback triggered.
[detector_node-2] [INFO] [1781641241.212477620] [detector_node]: YOLO_DETECTOR detection elapsed time: 0.0252 seconds
[local_fusion-3] [INFO] [1781641241.212860227] [local_fusion_node]: Local Fusion callback triggered.
[detector_node-2] [INFO] [1781641241.311701757] [detector_node]: YOLO_DETECTOR detection elapsed time: 0.0243 seconds
[local_fusion-3] [INFO] [1781641241.312194921] [local_fusion_node]: Local Fusion callback triggered.
[detector_node-2] [INFO] [1781641241.412979925] [detector_node]: YOLO_DETECTOR detection elapsed time: 0.0251 seconds
[local_fusion-3] [INFO] [1781641241.413390860] [local_fusion_node]: Local Fusion callback triggered.
[detector_node-2] [INFO] [1781641241.513889966] [detector_node]: YOLO_DETECTOR detection elapsed time: 0.0249 seconds
[local_fusion-3] [INFO] [1781641241.514301077] [local_fusion_node]: Local Fusion callback triggered.
[detector_node-2] [INFO] [1781641241.611435882] [detector_node]: YOLO_DETECTOR detection elapsed time: 0.0250 seconds
[local_fusion-3] [INFO] [1781641241.611880640] [local_fusion_node]: Local Fusion callback triggered.
[detector_node-2] [INFO] [1781641241.714055447] [detector_node]: YOLO_DETECTOR detection elapsed time: 0.0242 seconds
[local_fusion-3] [INFO] [1781641241.714423008] [local_fusion_node]: Local Fusion callback triggered.
[detector_node-2] [INFO] [1781641241.806447494] [detector_node]: YOLO_DETECTOR detection elapsed time: 0.0228 seconds
[local_fusion-3] [INFO] [1781641241.806774788] [local_fusion_node]: Local Fusion callback triggered.
[detector_node-2] [INFO] [1781641241.913186118] [detector_node]: YOLO_DETECTOR detection elapsed time: 0.0241 seconds
[local_fusion-3] [INFO] [1781641241.913448990] [local_fusion_node]: Local Fusion callback triggered.
[detector_node-2] [INFO] [1781641242.013217878] [detector_node]: YOLO_DETECTOR detection elapsed time: 0.0246 seconds
[local_fusion-3] [INFO] [1781641242.013666835] [local_fusion_node]: Local Fusion callback triggered.
[detector_node-2] [INFO] [1781641242.114247010] [detector_node]: YOLO_DETECTOR detection elapsed time: 0.0236 seconds
[local_fusion-3] [INFO] [1781641242.114909557] [local_fusion_node]: Local Fusion callback triggered.
[detector_node-2] [INFO] [1781641242.216170774] [detector_node]: YOLO_DETECTOR detection elapsed time: 0.0244 seconds
[local_fusion-3] [INFO] [1781641242.216541028] [local_fusion_node]: Local Fusion callback triggered.
[detector_node-2] [INFO] [1781641242.316653550] [detector_node]: YOLO_DETECTOR detection elapsed time: 0.0259 seconds
[local_fusion-3] [INFO] [1781641242.317044427] [local_fusion_node]: Local Fusion callback triggered.
[detector_node-2] [INFO] [1781641242.414367375] [detector_node]: YOLO_DETECTOR detection elapsed time: 0.0236 seconds
[local_fusion-3] [INFO] [1781641242.414797979] [local_fusion_node]: Local Fusion callback triggered.
[detector_node-2] [INFO] [1781641242.512593643] [detector_node]: YOLO_DETECTOR detection elapsed time: 0.0252 seconds
[local_fusion-3] [INFO] [1781641242.513013131] [local_fusion_node]: Local Fusion callback triggered.
[detector_node-2] [INFO] [1781641242.613622706] [detector_node]: YOLO_DETECTOR detection elapsed time: 0.0251 seconds
[local_fusion-3] [INFO] [1781641242.614010173] [local_fusion_node]: Local Fusion callback triggered.
[detector_node-2] [INFO] [1781641242.714016214] [detector_node]: YOLO_DETECTOR detection elapsed time: 0.0256 seconds
[local_fusion-3] [INFO] [1781641242.714282656] [local_fusion_node]: Local Fusion callback triggered.
[detector_node-2] [INFO] [1781641242.810914005] [detector_node]: YOLO_DETECTOR detection elapsed time: 0.0229 seconds
[local_fusion-3] [INFO] [1781641242.811241548] [local_fusion_node]: Local Fusion callback triggered.
[detector_node-2] [INFO] [1781641242.914655062] [detector_node]: YOLO_DETECTOR detection elapsed time: 0.0261 seconds
[local_fusion-3] [INFO] [1781641242.914876493] [local_fusion_node]: Local Fusion callback triggered.
[detector_node-2] [INFO] [1781641243.015700002] [detector_node]: YOLO_DETECTOR detection elapsed time: 0.0258 seconds
[local_fusion-3] [INFO] [1781641243.016034507] [local_fusion_node]: Local Fusion callback triggered.
[detector_node-2] [INFO] [1781641243.115797431] [detector_node]: YOLO_DETECTOR detection elapsed time: 0.0243 seconds
[local_fusion-3] [INFO] [1781641243.116303684] [local_fusion_node]: Local Fusion callback triggered.
[detector_node-2] [INFO] [1781641243.212906558] [detector_node]: YOLO_DETECTOR detection elapsed time: 0.0241 seconds
[local_fusion-3] [INFO] [1781641243.213339000] [local_fusion_node]: Local Fusion callback triggered.
[detector_node-2] [INFO] [1781641243.315922603] [detector_node]: YOLO_DETECTOR detection elapsed time: 0.0244 seconds
[local_fusion-3] [INFO] [1781641243.316194824] [local_fusion_node]: Local Fusion callback triggered.
[detector_node-2] [INFO] [1781641243.410747553] [detector_node]: YOLO_DETECTOR detection elapsed time: 0.0222 seconds
[local_fusion-3] [INFO] [1781641243.411101774] [local_fusion_node]: Local Fusion callback triggered.
[detector_node-2] [INFO] [1781641243.510640622] [detector_node]: YOLO_DETECTOR detection elapsed time: 0.0226 seconds
[local_fusion-3] [INFO] [1781641243.510945369] [local_fusion_node]: Local Fusion callback triggered.
[detector_node-2] [INFO] [1781641243.613342679] [detector_node]: YOLO_DETECTOR detection elapsed time: 0.0240 seconds
[local_fusion-3] [INFO] [1781641243.613758645] [local_fusion_node]: Local Fusion callback triggered.
[detector_node-2] [INFO] [1781641243.716729737] [detector_node]: YOLO_DETECTOR detection elapsed time: 0.0291 seconds
[local_fusion-3] [INFO] [1781641243.717110790] [local_fusion_node]: Local Fusion callback triggered.
[detector_node-2] [INFO] [1781641243.814514558] [detector_node]: YOLO_DETECTOR detection elapsed time: 0.0270 seconds
[local_fusion-3] [INFO] [1781641243.814849288] [local_fusion_node]: Local Fusion callback triggered.
[detector_node-2] [INFO] [1781641243.914482699] [detector_node]: YOLO_DETECTOR detection elapsed time: 0.0240 seconds
[local_fusion-3] [INFO] [1781641243.914757879] [local_fusion_node]: Local Fusion callback triggered.
[detector_node-2] [INFO] [1781641244.016229223] [detector_node]: YOLO_DETECTOR detection elapsed time: 0.0245 seconds
[local_fusion-3] [INFO] [1781641244.016698931] [local_fusion_node]: Local Fusion callback triggered.
[detector_node-2] [INFO] [1781641244.114225841] [detector_node]: YOLO_DETECTOR detection elapsed time: 0.0241 seconds
[local_fusion-3] [INFO] [1781641244.114689791] [local_fusion_node]: Local Fusion callback triggered.
[detector_node-2] [INFO] [1781641244.210305944] [detector_node]: YOLO_DETECTOR detection elapsed time: 0.0206 seconds
[local_fusion-3] [INFO] [1781641244.210599909] [local_fusion_node]: Local Fusion callback triggered.
[detector_node-2] [INFO] [1781641244.313774246] [detector_node]: YOLO_DETECTOR detection elapsed time: 0.0242 seconds
[local_fusion-3] [INFO] [1781641244.314201571] [local_fusion_node]: Local Fusion callback triggered.
[detector_node-2] [INFO] [1781641244.413923056] [detector_node]: YOLO_DETECTOR detection elapsed time: 0.0223 seconds
[local_fusion-3] [INFO] [1781641244.414361771] [local_fusion_node]: Local Fusion callback triggered.
[detector_node-2] [INFO] [1781641244.514588410] [detector_node]: YOLO_DETECTOR detection elapsed time: 0.0232 seconds
[local_fusion-3] [INFO] [1781641244.514965077] [local_fusion_node]: Local Fusion callback triggered.
[detector_node-2] [INFO] [1781641244.615302220] [detector_node]: YOLO_DETECTOR detection elapsed time: 0.0227 seconds
[local_fusion-3] [INFO] [1781641244.615752108] [local_fusion_node]: Local Fusion callback triggered.
[detector_node-2] [INFO] [1781641244.713089470] [detector_node]: YOLO_DETECTOR detection elapsed time: 0.0252 seconds
[local_fusion-3] [INFO] [1781641244.713297194] [local_fusion_node]: Local Fusion callback triggered.
[detector_node-2] [INFO] [1781641244.813890730] [detector_node]: YOLO_DETECTOR detection elapsed time: 0.0245 seconds
[local_fusion-3] [INFO] [1781641244.814255259] [local_fusion_node]: Local Fusion callback triggered.
[detector_node-2] [INFO] [1781641244.911244186] [detector_node]: YOLO_DETECTOR detection elapsed time: 0.0239 seconds
[local_fusion-3] [INFO] [1781641244.911675208] [local_fusion_node]: Local Fusion callback triggered.
[detector_node-2] [INFO] [1781641245.011741809] [detector_node]: YOLO_DETECTOR detection elapsed time: 0.0239 seconds
[local_fusion-3] [INFO] [1781641245.012037217] [local_fusion_node]: Local Fusion callback triggered.
[detector_node-2] [INFO] [1781641245.109732840] [detector_node]: YOLO_DETECTOR detection elapsed time: 0.0225 seconds
[local_fusion-3] [INFO] [1781641245.109975701] [local_fusion_node]: Local Fusion callback triggered.
[detector_node-2] [INFO] [1781641245.212396379] [detector_node]: YOLO_DETECTOR detection elapsed time: 0.0237 seconds
[local_fusion-3] [INFO] [1781641245.212649696] [local_fusion_node]: Local Fusion callback triggered.
[detector_node-2] [INFO] [1781641245.310821084] [detector_node]: YOLO_DETECTOR detection elapsed time: 0.0238 seconds
[local_fusion-3] [INFO] [1781641245.311335689] [local_fusion_node]: Local Fusion callback triggered.
[detector_node-2] [INFO] [1781641245.416853218] [detector_node]: YOLO_DETECTOR detection elapsed time: 0.0244 seconds
[local_fusion-3] [INFO] [1781641245.417273680] [local_fusion_node]: Local Fusion callback triggered.
[detector_node-2] [INFO] [1781641245.514523575] [detector_node]: YOLO_DETECTOR detection elapsed time: 0.0239 seconds
[local_fusion-3] [INFO] [1781641245.514946195] [local_fusion_node]: Local Fusion callback triggered.
[detector_node-2] [INFO] [1781641245.620331367] [detector_node]: YOLO_DETECTOR detection elapsed time: 0.0262 seconds
[local_fusion-3] [INFO] [1781641245.620751084] [local_fusion_node]: Local Fusion callback triggered.
[detector_node-2] [INFO] [1781641245.712436682] [detector_node]: YOLO_DETECTOR detection elapsed time: 0.0244 seconds
[local_fusion-3] [INFO] [1781641245.712828308] [local_fusion_node]: Local Fusion callback triggered.
[detector_node-2] [INFO] [1781641245.810484848] [detector_node]: YOLO_DETECTOR detection elapsed time: 0.0248 seconds
[local_fusion-3] [INFO] [1781641245.810907942] [local_fusion_node]: Local Fusion callback triggered.
[detector_node-2] [INFO] [1781641245.909410973] [detector_node]: YOLO_DETECTOR detection elapsed time: 0.0229 seconds
[local_fusion-3] [INFO] [1781641245.909832707] [local_fusion_node]: Local Fusion callback triggered.
[detector_node-2] [INFO] [1781641246.011260337] [detector_node]: YOLO_DETECTOR detection elapsed time: 0.0238 seconds
[local_fusion-3] [INFO] [1781641246.011638861] [local_fusion_node]: Local Fusion callback triggered.
[detector_node-2] [INFO] [1781641246.112484403] [detector_node]: YOLO_DETECTOR detection elapsed time: 0.0256 seconds
[local_fusion-3] [INFO] [1781641246.112756821] [local_fusion_node]: Local Fusion callback triggered.
[detector_node-2] [INFO] [1781641246.213059981] [detector_node]: YOLO_DETECTOR detection elapsed time: 0.0236 seconds
[local_fusion-3] [INFO] [1781641246.213398044] [local_fusion_node]: Local Fusion callback triggered.
[detector_node-2] [INFO] [1781641246.310280648] [detector_node]: YOLO_DETECTOR detection elapsed time: 0.0237 seconds
[local_fusion-3] [INFO] [1781641246.310728288] [local_fusion_node]: Local Fusion callback triggered.
[detector_node-2] [INFO] [1781641246.412791497] [detector_node]: YOLO_DETECTOR detection elapsed time: 0.0243 seconds
[local_fusion-3] [INFO] [1781641246.413219396] [local_fusion_node]: Local Fusion callback triggered.
[detector_node-2] [INFO] [1781641246.511236283] [detector_node]: YOLO_DETECTOR detection elapsed time: 0.0240 seconds
[local_fusion-3] [INFO] [1781641246.511457699] [local_fusion_node]: Local Fusion callback triggered.
[detector_node-2] [INFO] [1781641246.613808613] [detector_node]: YOLO_DETECTOR detection elapsed time: 0.0269 seconds
[local_fusion-3] [INFO] [1781641246.614243749] [local_fusion_node]: Local Fusion callback triggered.
[detector_node-2] [INFO] [1781641246.708352085] [detector_node]: YOLO_DETECTOR detection elapsed time: 0.0219 seconds
[local_fusion-3] [INFO] [1781641246.708695588] [local_fusion_node]: Local Fusion callback triggered.
[detector_node-2] [INFO] [1781641246.809583174] [detector_node]: YOLO_DETECTOR detection elapsed time: 0.0227 seconds
[local_fusion-3] [INFO] [1781641246.809944614] [local_fusion_node]: Local Fusion callback triggered.
[detector_node-2] [INFO] [1781641246.910610604] [detector_node]: YOLO_DETECTOR detection elapsed time: 0.0250 seconds
[local_fusion-3] [INFO] [1781641246.911230473] [local_fusion_node]: Local Fusion callback triggered.
[detector_node-2] [INFO] [1781641247.009862834] [detector_node]: YOLO_DETECTOR detection elapsed time: 0.0231 seconds
[local_fusion-3] [INFO] [1781641247.009975951] [local_fusion_node]: Local Fusion callback triggered.
[detector_node-2] [INFO] [1781641247.108430908] [detector_node]: YOLO_DETECTOR detection elapsed time: 0.0228 seconds
[local_fusion-3] [INFO] [1781641247.108861019] [local_fusion_node]: Local Fusion callback triggered.
[detector_node-2] [INFO] [1781641247.215848426] [detector_node]: YOLO_DETECTOR detection elapsed time: 0.0249 seconds
[local_fusion-3] [INFO] [1781641247.216263956] [local_fusion_node]: Local Fusion callback triggered.
[detector_node-2] [INFO] [1781641247.311690383] [detector_node]: YOLO_DETECTOR detection elapsed time: 0.0257 seconds
[local_fusion-3] [INFO] [1781641247.312062363] [local_fusion_node]: Local Fusion callback triggered.
[detector_node-2] [INFO] [1781641247.409533454] [detector_node]: YOLO_DETECTOR detection elapsed time: 0.0226 seconds
[local_fusion-3] [INFO] [1781641247.409874080] [local_fusion_node]: Local Fusion callback triggered.
[detector_node-2] [INFO] [1781641247.510457080] [detector_node]: YOLO_DETECTOR detection elapsed time: 0.0255 seconds
[local_fusion-3] [INFO] [1781641247.511091399] [local_fusion_node]: Local Fusion callback triggered.
[detector_node-2] [INFO] [1781641247.611054633] [detector_node]: YOLO_DETECTOR detection elapsed time: 0.0246 seconds
[local_fusion-3] [INFO] [1781641247.611466178] [local_fusion_node]: Local Fusion callback triggered.
[detector_node-2] [INFO] [1781641247.713522133] [detector_node]: YOLO_DETECTOR detection elapsed time: 0.0257 seconds
[local_fusion-3] [INFO] [1781641247.714105742] [local_fusion_node]: Local Fusion callback triggered.
[detector_node-2] [INFO] [1781641247.808515668] [detector_node]: YOLO_DETECTOR detection elapsed time: 0.0222 seconds
[local_fusion-3] [INFO] [1781641247.808936020] [local_fusion_node]: Local Fusion callback triggered.
[detector_node-2] [INFO] [1781641247.912473602] [detector_node]: YOLO_DETECTOR detection elapsed time: 0.0257 seconds
[local_fusion-3] [INFO] [1781641247.912839061] [local_fusion_node]: Local Fusion callback triggered.
[detector_node-2] [INFO] [1781641248.011953412] [detector_node]: YOLO_DETECTOR detection elapsed time: 0.0231 seconds
[local_fusion-3] [INFO] [1781641248.012355317] [local_fusion_node]: Local Fusion callback triggered.
[detector_node-2] [INFO] [1781641248.108428520] [detector_node]: YOLO_DETECTOR detection elapsed time: 0.0220 seconds
[local_fusion-3] [INFO] [1781641248.108787738] [local_fusion_node]: Local Fusion callback triggered.
[detector_node-2] [INFO] [1781641248.211323846] [detector_node]: YOLO_DETECTOR detection elapsed time: 0.0242 seconds
[local_fusion-3] [INFO] [1781641248.211726795] [local_fusion_node]: Local Fusion callback triggered.
[detector_node-2] [INFO] [1781641248.313532805] [detector_node]: YOLO_DETECTOR detection elapsed time: 0.0253 seconds
[local_fusion-3] [INFO] [1781641248.313854948] [local_fusion_node]: Local Fusion callback triggered.
[detector_node-2] [INFO] [1781641248.410469314] [detector_node]: YOLO_DETECTOR detection elapsed time: 0.0219 seconds
[local_fusion-3] [INFO] [1781641248.410868991] [local_fusion_node]: Local Fusion callback triggered.
[detector_node-2] [INFO] [1781641248.515613220] [detector_node]: YOLO_DETECTOR detection elapsed time: 0.0253 seconds
[local_fusion-3] [INFO] [1781641248.515934350] [local_fusion_node]: Local Fusion callback triggered.
[detector_node-2] [INFO] [1781641248.613341982] [detector_node]: YOLO_DETECTOR detection elapsed time: 0.0224 seconds
[local_fusion-3] [INFO] [1781641248.613664226] [local_fusion_node]: Local Fusion callback triggered.
[detector_node-2] [INFO] [1781641248.707145212] [detector_node]: YOLO_DETECTOR detection elapsed time: 0.0212 seconds
[local_fusion-3] [INFO] [1781641248.707495041] [local_fusion_node]: Local Fusion callback triggered.
[detector_node-2] [INFO] [1781641248.808531227] [detector_node]: YOLO_DETECTOR detection elapsed time: 0.0225 seconds
[local_fusion-3] [INFO] [1781641248.809013870] [local_fusion_node]: Local Fusion callback triggered.
[detector_node-2] [INFO] [1781641248.913328454] [detector_node]: YOLO_DETECTOR detection elapsed time: 0.0252 seconds
[local_fusion-3] [INFO] [1781641248.913611215] [local_fusion_node]: Local Fusion callback triggered.
[detector_node-2] [INFO] [1781641249.011125057] [detector_node]: YOLO_DETECTOR detection elapsed time: 0.0237 seconds
[local_fusion-3] [INFO] [1781641249.011504176] [local_fusion_node]: Local Fusion callback triggered.
[detector_node-2] [INFO] [1781641249.112074353] [detector_node]: YOLO_DETECTOR detection elapsed time: 0.0266 seconds
[local_fusion-3] [INFO] [1781641249.112629726] [local_fusion_node]: Local Fusion callback triggered.
[detector_node-2] [INFO] [1781641249.212849923] [detector_node]: YOLO_DETECTOR detection elapsed time: 0.0220 seconds
[local_fusion-3] [INFO] [1781641249.213130804] [local_fusion_node]: Local Fusion callback triggered.
[detector_node-2] [INFO] [1781641249.312824550] [detector_node]: YOLO_DETECTOR detection elapsed time: 0.0248 seconds
[local_fusion-3] [INFO] [1781641249.313386546] [local_fusion_node]: Local Fusion callback triggered.
[detector_node-2] [INFO] [1781641249.412633853] [detector_node]: YOLO_DETECTOR detection elapsed time: 0.0229 seconds
[local_fusion-3] [INFO] [1781641249.413251430] [local_fusion_node]: Local Fusion callback triggered.
[detector_node-2] [INFO] [1781641249.511268654] [detector_node]: YOLO_DETECTOR detection elapsed time: 0.0241 seconds
[local_fusion-3] [INFO] [1781641249.511612812] [local_fusion_node]: Local Fusion callback triggered.
[detector_node-2] [INFO] [1781641249.612093171] [detector_node]: YOLO_DETECTOR detection elapsed time: 0.0217 seconds
[local_fusion-3] [INFO] [1781641249.612489364] [local_fusion_node]: Local Fusion callback triggered.
[detector_node-2] [INFO] [1781641249.709409476] [detector_node]: YOLO_DETECTOR detection elapsed time: 0.0235 seconds
[local_fusion-3] [INFO] [1781641249.709827900] [local_fusion_node]: Local Fusion callback triggered.
[detector_node-2] [INFO] [1781641249.813066975] [detector_node]: YOLO_DETECTOR detection elapsed time: 0.0221 seconds
[local_fusion-3] [INFO] [1781641249.813477628] [local_fusion_node]: Local Fusion callback triggered.
[detector_node-2] [INFO] [1781641249.915148244] [detector_node]: YOLO_DETECTOR detection elapsed time: 0.0228 seconds
[local_fusion-3] [INFO] [1781641249.915364895] [local_fusion_node]: Local Fusion callback triggered.
[detector_node-2] [INFO] [1781641250.018675247] [detector_node]: YOLO_DETECTOR detection elapsed time: 0.0224 seconds
[local_fusion-3] [INFO] [1781641250.018974125] [local_fusion_node]: Local Fusion callback triggered.
[detector_node-2] [INFO] [1781641250.122331909] [detector_node]: YOLO_DETECTOR detection elapsed time: 0.0248 seconds
[local_fusion-3] [INFO] [1781641250.122575874] [local_fusion_node]: Local Fusion callback triggered.
[detector_node-2] [INFO] [1781641250.219322955] [detector_node]: YOLO_DETECTOR detection elapsed time: 0.0247 seconds
[local_fusion-3] [INFO] [1781641250.219722987] [local_fusion_node]: Local Fusion callback triggered.
[detector_node-2] [INFO] [1781641250.317012391] [detector_node]: YOLO_DETECTOR detection elapsed time: 0.0235 seconds
[local_fusion-3] [INFO] [1781641250.317467013] [local_fusion_node]: Local Fusion callback triggered.
[detector_node-2] [INFO] [1781641250.423296051] [detector_node]: YOLO_DETECTOR detection elapsed time: 0.0244 seconds
[local_fusion-3] [INFO] [1781641250.423681448] [local_fusion_node]: Local Fusion callback triggered.
[detector_node-2] [INFO] [1781641250.520615864] [detector_node]: YOLO_DETECTOR detection elapsed time: 0.0227 seconds
[local_fusion-3] [INFO] [1781641250.520936502] [local_fusion_node]: Local Fusion callback triggered.
[detector_node-2] [INFO] [1781641250.617410623] [detector_node]: YOLO_DETECTOR detection elapsed time: 0.0219 seconds
[local_fusion-3] [INFO] [1781641250.617635076] [local_fusion_node]: Local Fusion callback triggered.
[detector_node-2] [INFO] [1781641250.720288889] [detector_node]: YOLO_DETECTOR detection elapsed time: 0.0212 seconds
[local_fusion-3] [INFO] [1781641250.720786305] [local_fusion_node]: Local Fusion callback triggered.
[detector_node-2] [INFO] [1781641250.818621020] [detector_node]: YOLO_DETECTOR detection elapsed time: 0.0227 seconds
[local_fusion-3] [INFO] [1781641250.818905258] [local_fusion_node]: Local Fusion callback triggered.
[detector_node-2] [INFO] [1781641250.921926861] [detector_node]: YOLO_DETECTOR detection elapsed time: 0.0217 seconds
[local_fusion-3] [INFO] [1781641250.922287724] [local_fusion_node]: Local Fusion callback triggered.
[detector_node-2] [INFO] [1781641251.017895016] [detector_node]: YOLO_DETECTOR detection elapsed time: 0.0221 seconds
[local_fusion-3] [INFO] [1781641251.018169360] [local_fusion_node]: Local Fusion callback triggered.
[detector_node-2] [INFO] [1781641251.127597775] [detector_node]: YOLO_DETECTOR detection elapsed time: 0.0235 seconds
[local_fusion-3] [INFO] [1781641251.128287533] [local_fusion_node]: Local Fusion callback triggered.
[detector_node-2] [INFO] [1781641251.224779233] [detector_node]: YOLO_DETECTOR detection elapsed time: 0.0288 seconds
[local_fusion-3] [INFO] [1781641251.225115186] [local_fusion_node]: Local Fusion callback triggered.
[detector_node-2] [INFO] [1781641251.327200383] [detector_node]: YOLO_DETECTOR detection elapsed time: 0.0242 seconds
[local_fusion-3] [INFO] [1781641251.327447774] [local_fusion_node]: Local Fusion callback triggered.
[detector_node-2] [INFO] [1781641251.421116037] [detector_node]: YOLO_DETECTOR detection elapsed time: 0.0231 seconds
[local_fusion-3] [INFO] [1781641251.421538088] [local_fusion_node]: Local Fusion callback triggered.
[detector_node-2] [INFO] [1781641251.519397101] [detector_node]: YOLO_DETECTOR detection elapsed time: 0.0246 seconds
[local_fusion-3] [INFO] [1781641251.519799555] [local_fusion_node]: Local Fusion callback triggered.
[detector_node-2] [INFO] [1781641251.619140959] [detector_node]: YOLO_DETECTOR detection elapsed time: 0.0209 seconds
[local_fusion-3] [INFO] [1781641251.619661752] [local_fusion_node]: Local Fusion callback triggered.
[detector_node-2] [INFO] [1781641251.719348518] [detector_node]: YOLO_DETECTOR detection elapsed time: 0.0243 seconds
[local_fusion-3] [INFO] [1781641251.719965037] [local_fusion_node]: Local Fusion callback triggered.
[detector_node-2] [INFO] [1781641251.820797129] [detector_node]: YOLO_DETECTOR detection elapsed time: 0.0241 seconds
[local_fusion-3] [INFO] [1781641251.821344628] [local_fusion_node]: Local Fusion callback triggered.
[detector_node-2] [INFO] [1781641251.918951761] [detector_node]: YOLO_DETECTOR detection elapsed time: 0.0235 seconds
[local_fusion-3] [INFO] [1781641251.919538898] [local_fusion_node]: Local Fusion callback triggered.
[detector_node-2] [INFO] [1781641252.020121943] [detector_node]: YOLO_DETECTOR detection elapsed time: 0.0233 seconds
[local_fusion-3] [INFO] [1781641252.020660537] [local_fusion_node]: Local Fusion callback triggered.
[detector_node-2] [INFO] [1781641252.118829336] [detector_node]: YOLO_DETECTOR detection elapsed time: 0.0221 seconds
[local_fusion-3] [INFO] [1781641252.119426806] [local_fusion_node]: Local Fusion callback triggered.
[detector_node-2] [INFO] [1781641252.225590930] [detector_node]: YOLO_DETECTOR detection elapsed time: 0.0262 seconds
[local_fusion-3] [INFO] [1781641252.226238475] [local_fusion_node]: Local Fusion callback triggered.
[detector_node-2] [INFO] [1781641252.318964723] [detector_node]: YOLO_DETECTOR detection elapsed time: 0.0202 seconds
[local_fusion-3] [INFO] [1781641252.319317930] [local_fusion_node]: Local Fusion callback triggered.
[detector_node-2] [INFO] [1781641252.420813594] [detector_node]: YOLO_DETECTOR detection elapsed time: 0.0238 seconds
[local_fusion-3] [INFO] [1781641252.421154290] [local_fusion_node]: Local Fusion callback triggered.
[detector_node-2] [INFO] [1781641252.522815198] [detector_node]: YOLO_DETECTOR detection elapsed time: 0.0213 seconds
[local_fusion-3] [INFO] [1781641252.523244515] [local_fusion_node]: Local Fusion callback triggered.
[detector_node-2] [INFO] [1781641252.618762615] [detector_node]: YOLO_DETECTOR detection elapsed time: 0.0228 seconds
[local_fusion-3] [INFO] [1781641252.619158453] [local_fusion_node]: Local Fusion callback triggered.
[detector_node-2] [INFO] [1781641252.715969953] [detector_node]: YOLO_DETECTOR detection elapsed time: 0.0220 seconds
[local_fusion-3] [INFO] [1781641252.716375724] [local_fusion_node]: Local Fusion callback triggered.
[detector_node-2] [INFO] [1781641252.820571008] [detector_node]: YOLO_DETECTOR detection elapsed time: 0.0236 seconds
[local_fusion-3] [INFO] [1781641252.820967525] [local_fusion_node]: Local Fusion callback triggered.
[detector_node-2] [INFO] [1781641252.918722344] [detector_node]: YOLO_DETECTOR detection elapsed time: 0.0229 seconds
[local_fusion-3] [INFO] [1781641252.919111319] [local_fusion_node]: Local Fusion callback triggered.
[detector_node-2] [INFO] [1781641253.016719149] [detector_node]: YOLO_DETECTOR detection elapsed time: 0.0218 seconds
[local_fusion-3] [INFO] [1781641253.017007550] [local_fusion_node]: Local Fusion callback triggered.
[detector_node-2] [INFO] [1781641253.115458960] [detector_node]: YOLO_DETECTOR detection elapsed time: 0.0227 seconds
[local_fusion-3] [INFO] [1781641253.115673567] [local_fusion_node]: Local Fusion callback triggered.
[detector_node-2] [INFO] [1781641253.213939640] [detector_node]: YOLO_DETECTOR detection elapsed time: 0.0212 seconds
[local_fusion-3] [INFO] [1781641253.214332301] [local_fusion_node]: Local Fusion callback triggered.
[detector_node-2] [INFO] [1781641253.315339393] [detector_node]: YOLO_DETECTOR detection elapsed time: 0.0220 seconds
[local_fusion-3] [INFO] [1781641253.315599323] [local_fusion_node]: Local Fusion callback triggered.
[detector_node-2] [INFO] [1781641253.416834483] [detector_node]: YOLO_DETECTOR detection elapsed time: 0.0222 seconds
[local_fusion-3] [INFO] [1781641253.417165869] [local_fusion_node]: Local Fusion callback triggered.
[detector_node-2] [INFO] [1781641253.520782734] [detector_node]: YOLO_DETECTOR detection elapsed time: 0.0254 seconds
[local_fusion-3] [INFO] [1781641253.521128200] [local_fusion_node]: Local Fusion callback triggered.
[detector_node-2] [INFO] [1781641253.616991278] [detector_node]: YOLO_DETECTOR detection elapsed time: 0.0244 seconds
[local_fusion-3] [INFO] [1781641253.617318252] [local_fusion_node]: Local Fusion callback triggered.
[detector_node-2] [INFO] [1781641253.716889954] [detector_node]: YOLO_DETECTOR detection elapsed time: 0.0205 seconds
[local_fusion-3] [INFO] [1781641253.717275127] [local_fusion_node]: Local Fusion callback triggered.
[detector_node-2] [INFO] [1781641253.813618749] [detector_node]: YOLO_DETECTOR detection elapsed time: 0.0226 seconds
[local_fusion-3] [INFO] [1781641253.813979095] [local_fusion_node]: Local Fusion callback triggered.
[detector_node-2] [INFO] [1781641253.914863935] [detector_node]: YOLO_DETECTOR detection elapsed time: 0.0221 seconds
[local_fusion-3] [INFO] [1781641253.915239985] [local_fusion_node]: Local Fusion callback triggered.
[detector_node-2] [INFO] [1781641254.013894676] [detector_node]: YOLO_DETECTOR detection elapsed time: 0.0219 seconds
[local_fusion-3] [INFO] [1781641254.014346913] [local_fusion_node]: Local Fusion callback triggered.
[detector_node-2] [INFO] [1781641254.115245510] [detector_node]: YOLO_DETECTOR detection elapsed time: 0.0257 seconds
[local_fusion-3] [INFO] [1781641254.115638905] [local_fusion_node]: Local Fusion callback triggered.
[detector_node-2] [INFO] [1781641254.220190265] [detector_node]: YOLO_DETECTOR detection elapsed time: 0.0242 seconds
[local_fusion-3] [INFO] [1781641254.220703346] [local_fusion_node]: Local Fusion callback triggered.
[detector_node-2] [INFO] [1781641254.323732745] [detector_node]: YOLO_DETECTOR detection elapsed time: 0.0265 seconds
[local_fusion-3] [INFO] [1781641254.324351323] [local_fusion_node]: Local Fusion callback triggered.
[detector_node-2] [INFO] [1781641254.420952275] [detector_node]: YOLO_DETECTOR detection elapsed time: 0.0263 seconds
[local_fusion-3] [INFO] [1781641254.421531228] [local_fusion_node]: Local Fusion callback triggered.
[detector_node-2] [INFO] [1781641254.515534884] [detector_node]: YOLO_DETECTOR detection elapsed time: 0.0241 seconds
[local_fusion-3] [INFO] [1781641254.516001389] [local_fusion_node]: Local Fusion callback triggered.
[detector_node-2] [INFO] [1781641254.621296287] [detector_node]: YOLO_DETECTOR detection elapsed time: 0.0231 seconds
[local_fusion-3] [INFO] [1781641254.621588530] [local_fusion_node]: Local Fusion callback triggered.
[detector_node-2] [INFO] [1781641254.719603547] [detector_node]: YOLO_DETECTOR detection elapsed time: 0.0216 seconds
[local_fusion-3] [INFO] [1781641254.720156520] [local_fusion_node]: Local Fusion callback triggered.
[detector_node-2] [INFO] [1781641254.819022903] [detector_node]: YOLO_DETECTOR detection elapsed time: 0.0245 seconds
[local_fusion-3] [INFO] [1781641254.819536651] [local_fusion_node]: Local Fusion callback triggered.
[detector_node-2] [INFO] [1781641254.915690401] [detector_node]: YOLO_DETECTOR detection elapsed time: 0.0212 seconds
[local_fusion-3] [INFO] [1781641254.916267085] [local_fusion_node]: Local Fusion callback triggered.
[detector_node-2] [INFO] [1781641255.014369968] [detector_node]: YOLO_DETECTOR detection elapsed time: 0.0228 seconds
[local_fusion-3] [INFO] [1781641255.014979065] [local_fusion_node]: Local Fusion callback triggered.
[detector_node-2] [INFO] [1781641255.112119613] [detector_node]: YOLO_DETECTOR detection elapsed time: 0.0227 seconds
[local_fusion-3] [INFO] [1781641255.112636449] [local_fusion_node]: Local Fusion callback triggered.
[detector_node-2] [INFO] [1781641255.216464643] [detector_node]: YOLO_DETECTOR detection elapsed time: 0.0206 seconds
[local_fusion-3] [INFO] [1781641255.216807862] [local_fusion_node]: Local Fusion callback triggered.
[detector_node-2] [INFO] [1781641255.315307121] [detector_node]: YOLO_DETECTOR detection elapsed time: 0.0224 seconds
[local_fusion-3] [INFO] [1781641255.315598017] [local_fusion_node]: Local Fusion callback triggered.
[detector_node-2] [INFO] [1781641255.416672590] [detector_node]: YOLO_DETECTOR detection elapsed time: 0.0233 seconds
[local_fusion-3] [INFO] [1781641255.417025140] [local_fusion_node]: Local Fusion callback triggered.
[detector_node-2] [INFO] [1781641255.517507214] [detector_node]: YOLO_DETECTOR detection elapsed time: 0.0230 seconds
[local_fusion-3] [INFO] [1781641255.517910540] [local_fusion_node]: Local Fusion callback triggered.
[detector_node-2] [INFO] [1781641255.617105018] [detector_node]: YOLO_DETECTOR detection elapsed time: 0.0227 seconds
[local_fusion-3] [INFO] [1781641255.617521545] [local_fusion_node]: Local Fusion callback triggered.
[detector_node-2] [INFO] [1781641255.719994026] [detector_node]: YOLO_DETECTOR detection elapsed time: 0.0216 seconds
[local_fusion-3] [INFO] [1781641255.720385358] [local_fusion_node]: Local Fusion callback triggered.
[detector_node-2] [INFO] [1781641255.820174872] [detector_node]: YOLO_DETECTOR detection elapsed time: 0.0227 seconds
[local_fusion-3] [INFO] [1781641255.820629724] [local_fusion_node]: Local Fusion callback triggered.
[detector_node-2] [INFO] [1781641255.916893574] [detector_node]: YOLO_DETECTOR detection elapsed time: 0.0222 seconds
[local_fusion-3] [INFO] [1781641255.917318090] [local_fusion_node]: Local Fusion callback triggered.
[detector_node-2] [INFO] [1781641256.023348280] [detector_node]: YOLO_DETECTOR detection elapsed time: 0.0249 seconds
[local_fusion-3] [INFO] [1781641256.023606496] [local_fusion_node]: Local Fusion callback triggered.
[detector_node-2] [INFO] [1781641256.124005677] [detector_node]: YOLO_DETECTOR detection elapsed time: 0.0258 seconds
[local_fusion-3] [INFO] [1781641256.124425896] [local_fusion_node]: Local Fusion callback triggered.
[detector_node-2] [INFO] [1781641256.218422755] [detector_node]: YOLO_DETECTOR detection elapsed time: 0.0244 seconds
[local_fusion-3] [INFO] [1781641256.218846818] [local_fusion_node]: Local Fusion callback triggered.
[detector_node-2] [INFO] [1781641256.319243232] [detector_node]: YOLO_DETECTOR detection elapsed time: 0.0246 seconds
[local_fusion-3] [INFO] [1781641256.319662516] [local_fusion_node]: Local Fusion callback triggered.
[detector_node-2] [INFO] [1781641256.419585036] [detector_node]: YOLO_DETECTOR detection elapsed time: 0.0248 seconds
[local_fusion-3] [INFO] [1781641256.419993240] [local_fusion_node]: Local Fusion callback triggered.
[detector_node-2] [INFO] [1781641256.519665566] [detector_node]: YOLO_DETECTOR detection elapsed time: 0.0250 seconds
[local_fusion-3] [INFO] [1781641256.519887465] [local_fusion_node]: Local Fusion callback triggered.
[detector_node-2] [INFO] [1781641256.618371786] [detector_node]: YOLO_DETECTOR detection elapsed time: 0.0245 seconds
[local_fusion-3] [INFO] [1781641256.619042794] [local_fusion_node]: Local Fusion callback triggered.
[detector_node-2] [INFO] [1781641256.720570041] [detector_node]: YOLO_DETECTOR detection elapsed time: 0.0246 seconds
[local_fusion-3] [INFO] [1781641256.721220130] [local_fusion_node]: Local Fusion callback triggered.
[detector_node-2] [INFO] [1781641256.815913197] [detector_node]: YOLO_DETECTOR detection elapsed time: 0.0227 seconds
[local_fusion-3] [INFO] [1781641256.816541836] [local_fusion_node]: Local Fusion callback triggered.
[detector_node-2] [INFO] [1781641256.913609566] [detector_node]: YOLO_DETECTOR detection elapsed time: 0.0228 seconds
[local_fusion-3] [INFO] [1781641256.914194109] [local_fusion_node]: Local Fusion callback triggered.
[detector_node-2] [INFO] [1781641257.016181580] [detector_node]: YOLO_DETECTOR detection elapsed time: 0.0241 seconds
[local_fusion-3] [INFO] [1781641257.016606215] [local_fusion_node]: Local Fusion callback triggered.
[detector_node-2] [INFO] [1781641257.117683993] [detector_node]: YOLO_DETECTOR detection elapsed time: 0.0245 seconds
[local_fusion-3] [INFO] [1781641257.118005344] [local_fusion_node]: Local Fusion callback triggered.
[detector_node-2] [INFO] [1781641257.219465776] [detector_node]: YOLO_DETECTOR detection elapsed time: 0.0259 seconds
[local_fusion-3] [INFO] [1781641257.219842115] [local_fusion_node]: Local Fusion callback triggered.
[detector_node-2] [INFO] [1781641257.318198624] [detector_node]: YOLO_DETECTOR detection elapsed time: 0.0250 seconds
[local_fusion-3] [INFO] [1781641257.318509286] [local_fusion_node]: Local Fusion callback triggered.
[detector_node-2] [INFO] [1781641257.415539070] [detector_node]: YOLO_DETECTOR detection elapsed time: 0.0239 seconds
[local_fusion-3] [INFO] [1781641257.415882056] [local_fusion_node]: Local Fusion callback triggered.
[detector_node-2] [INFO] [1781641257.538435081] [detector_node]: YOLO_DETECTOR detection elapsed time: 0.0413 seconds
[local_fusion-3] [INFO] [1781641257.538693840] [local_fusion_node]: Local Fusion callback triggered.
[detector_node-2] [INFO] [1781641257.625199624] [detector_node]: YOLO_DETECTOR detection elapsed time: 0.0261 seconds
[local_fusion-3] [INFO] [1781641257.625619836] [local_fusion_node]: Local Fusion callback triggered.
[detector_node-2] [INFO] [1781641257.717921752] [detector_node]: YOLO_DETECTOR detection elapsed time: 0.0250 seconds
[local_fusion-3] [INFO] [1781641257.718377361] [local_fusion_node]: Local Fusion callback triggered.
[detector_node-2] [INFO] [1781641257.820525966] [detector_node]: YOLO_DETECTOR detection elapsed time: 0.0247 seconds
[local_fusion-3] [INFO] [1781641257.820829885] [local_fusion_node]: Local Fusion callback triggered.
[detector_node-2] [INFO] [1781641257.915359085] [detector_node]: YOLO_DETECTOR detection elapsed time: 0.0242 seconds
[local_fusion-3] [INFO] [1781641257.915656348] [local_fusion_node]: Local Fusion callback triggered.
[detector_node-2] [INFO] [1781641258.020991805] [detector_node]: YOLO_DETECTOR detection elapsed time: 0.0265 seconds
[local_fusion-3] [INFO] [1781641258.021325972] [local_fusion_node]: Local Fusion callback triggered.
[detector_node-2] [INFO] [1781641258.118008095] [detector_node]: YOLO_DETECTOR detection elapsed time: 0.0223 seconds
[local_fusion-3] [INFO] [1781641258.118399724] [local_fusion_node]: Local Fusion callback triggered.
[detector_node-2] [INFO] [1781641258.227930126] [detector_node]: YOLO_DETECTOR detection elapsed time: 0.0305 seconds
[local_fusion-3] [INFO] [1781641258.228275679] [local_fusion_node]: Local Fusion callback triggered.
[detector_node-2] [INFO] [1781641258.321093367] [detector_node]: YOLO_DETECTOR detection elapsed time: 0.0272 seconds
[local_fusion-3] [INFO] [1781641258.321522871] [local_fusion_node]: Local Fusion callback triggered.
[detector_node-2] [INFO] [1781641258.422432218] [detector_node]: YOLO_DETECTOR detection elapsed time: 0.0254 seconds
[local_fusion-3] [INFO] [1781641258.422754775] [local_fusion_node]: Local Fusion callback triggered.
[detector_node-2] [INFO] [1781641258.524098275] [detector_node]: YOLO_DETECTOR detection elapsed time: 0.0264 seconds
[local_fusion-3] [INFO] [1781641258.524518166] [local_fusion_node]: Local Fusion callback triggered.
[detector_node-2] [INFO] [1781641258.620261364] [detector_node]: YOLO_DETECTOR detection elapsed time: 0.0249 seconds
[local_fusion-3] [INFO] [1781641258.620550039] [local_fusion_node]: Local Fusion callback triggered.
[detector_node-2] [INFO] [1781641258.718352838] [detector_node]: YOLO_DETECTOR detection elapsed time: 0.0250 seconds
[local_fusion-3] [INFO] [1781641258.718693023] [local_fusion_node]: Local Fusion callback triggered.
[detector_node-2] [INFO] [1781641258.819237579] [detector_node]: YOLO_DETECTOR detection elapsed time: 0.0227 seconds
[local_fusion-3] [INFO] [1781641258.819686391] [local_fusion_node]: Local Fusion callback triggered.
[detector_node-2] [INFO] [1781641258.918201647] [detector_node]: YOLO_DETECTOR detection elapsed time: 0.0247 seconds
[local_fusion-3] [INFO] [1781641258.918557742] [local_fusion_node]: Local Fusion callback triggered.
[detector_node-2] [INFO] [1781641259.024757674] [detector_node]: YOLO_DETECTOR detection elapsed time: 0.0246 seconds
[local_fusion-3] [INFO] [1781641259.025198242] [local_fusion_node]: Local Fusion callback triggered.
[detector_node-2] [INFO] [1781641259.117947980] [detector_node]: YOLO_DETECTOR detection elapsed time: 0.0245 seconds
[local_fusion-3] [INFO] [1781641259.118360269] [local_fusion_node]: Local Fusion callback triggered.
[detector_node-2] [INFO] [1781641259.219491149] [detector_node]: YOLO_DETECTOR detection elapsed time: 0.0255 seconds
[local_fusion-3] [INFO] [1781641259.219889492] [local_fusion_node]: Local Fusion callback triggered.
[detector_node-2] [INFO] [1781641259.313372461] [detector_node]: YOLO_DETECTOR detection elapsed time: 0.0252 seconds
[local_fusion-3] [INFO] [1781641259.313709897] [local_fusion_node]: Local Fusion callback triggered.
[detector_node-2] [INFO] [1781641259.416515529] [detector_node]: YOLO_DETECTOR detection elapsed time: 0.0257 seconds
[local_fusion-3] [INFO] [1781641259.416768096] [local_fusion_node]: Local Fusion callback triggered.
[detector_node-2] [INFO] [1781641259.512658152] [detector_node]: YOLO_DETECTOR detection elapsed time: 0.0256 seconds
[local_fusion-3] [INFO] [1781641259.513084448] [local_fusion_node]: Local Fusion callback triggered.
[detector_node-2] [INFO] [1781641259.613517918] [detector_node]: YOLO_DETECTOR detection elapsed time: 0.0246 seconds
[local_fusion-3] [INFO] [1781641259.613927871] [local_fusion_node]: Local Fusion callback triggered.
[detector_node-2] [INFO] [1781641259.715350856] [detector_node]: YOLO_DETECTOR detection elapsed time: 0.0287 seconds
[local_fusion-3] [INFO] [1781641259.715760128] [local_fusion_node]: Local Fusion callback triggered.
[detector_node-2] [INFO] [1781641259.814162362] [detector_node]: YOLO_DETECTOR detection elapsed time: 0.0274 seconds
[local_fusion-3] [INFO] [1781641259.814538591] [local_fusion_node]: Local Fusion callback triggered.
[detector_node-2] [INFO] [1781641259.918361488] [detector_node]: YOLO_DETECTOR detection elapsed time: 0.0290 seconds
[local_fusion-3] [INFO] [1781641259.918942687] [local_fusion_node]: Local Fusion callback triggered.
[detector_node-2] [INFO] [1781641260.018813839] [detector_node]: YOLO_DETECTOR detection elapsed time: 0.0274 seconds
[local_fusion-3] [INFO] [1781641260.019428188] [local_fusion_node]: Local Fusion callback triggered.
[detector_node-2] [INFO] [1781641260.114609237] [detector_node]: YOLO_DETECTOR detection elapsed time: 0.0249 seconds
[local_fusion-3] [INFO] [1781641260.115038997] [local_fusion_node]: Local Fusion callback triggered.
[detector_node-2] [INFO] [1781641260.216064105] [detector_node]: YOLO_DETECTOR detection elapsed time: 0.0267 seconds
[local_fusion-3] [INFO] [1781641260.216411248] [local_fusion_node]: Local Fusion callback triggered.
[detector_node-2] [INFO] [1781641260.311178752] [detector_node]: YOLO_DETECTOR detection elapsed time: 0.0226 seconds
[local_fusion-3] [INFO] [1781641260.311469893] [local_fusion_node]: Local Fusion callback triggered.
[detector_node-2] [INFO] [1781641260.412616191] [detector_node]: YOLO_DETECTOR detection elapsed time: 0.0243 seconds
[local_fusion-3] [INFO] [1781641260.412878927] [local_fusion_node]: Local Fusion callback triggered.
[detector_node-2] [INFO] [1781641260.513902173] [detector_node]: YOLO_DETECTOR detection elapsed time: 0.0249 seconds
[local_fusion-3] [INFO] [1781641260.514264793] [local_fusion_node]: Local Fusion callback triggered.
[detector_node-2] [INFO] [1781641260.615381540] [detector_node]: YOLO_DETECTOR detection elapsed time: 0.0247 seconds
[local_fusion-3] [INFO] [1781641260.615723094] [local_fusion_node]: Local Fusion callback triggered.
[detector_node-2] [INFO] [1781641260.714156698] [detector_node]: YOLO_DETECTOR detection elapsed time: 0.0246 seconds
[local_fusion-3] [INFO] [1781641260.714593157] [local_fusion_node]: Local Fusion callback triggered.
[detector_node-2] [INFO] [1781641260.809296652] [detector_node]: YOLO_DETECTOR detection elapsed time: 0.0239 seconds
[local_fusion-3] [INFO] [1781641260.809695138] [local_fusion_node]: Local Fusion callback triggered.
[detector_node-2] [INFO] [1781641260.916374801] [detector_node]: YOLO_DETECTOR detection elapsed time: 0.0246 seconds
[local_fusion-3] [INFO] [1781641260.916772069] [local_fusion_node]: Local Fusion callback triggered.
[detector_node-2] [INFO] [1781641261.016789689] [detector_node]: YOLO_DETECTOR detection elapsed time: 0.0248 seconds
[local_fusion-3] [INFO] [1781641261.017175425] [local_fusion_node]: Local Fusion callback triggered.
[detector_node-2] [INFO] [1781641261.112083888] [detector_node]: YOLO_DETECTOR detection elapsed time: 0.0243 seconds
[local_fusion-3] [INFO] [1781641261.112513091] [local_fusion_node]: Local Fusion callback triggered.
[detector_node-2] [INFO] [1781641261.214659369] [detector_node]: YOLO_DETECTOR detection elapsed time: 0.0220 seconds
[local_fusion-3] [INFO] [1781641261.214974959] [local_fusion_node]: Local Fusion callback triggered.
[detector_node-2] [INFO] [1781641261.323860755] [detector_node]: YOLO_DETECTOR detection elapsed time: 0.0258 seconds
[local_fusion-3] [INFO] [1781641261.324266525] [local_fusion_node]: Local Fusion callback triggered.
[global_fusion-4] [INFO] [1781641261.349708841] [global_fusion_node]: Removing wall ID 28.
[detector_node-2] [INFO] [1781641261.419897560] [detector_node]: YOLO_DETECTOR detection elapsed time: 0.0253 seconds
[local_fusion-3] [INFO] [1781641261.420294453] [local_fusion_node]: Local Fusion callback triggered.
[detector_node-2] [INFO] [1781641261.514760593] [detector_node]: YOLO_DETECTOR detection elapsed time: 0.0238 seconds
[local_fusion-3] [INFO] [1781641261.515166107] [local_fusion_node]: Local Fusion callback triggered.
[detector_node-2] [INFO] [1781641261.622747187] [detector_node]: YOLO_DETECTOR detection elapsed time: 0.0254 seconds
[local_fusion-3] [INFO] [1781641261.623182409] [local_fusion_node]: Local Fusion callback triggered.
[detector_node-2] [INFO] [1781641261.723885121] [detector_node]: YOLO_DETECTOR detection elapsed time: 0.0227 seconds
[local_fusion-3] [INFO] [1781641261.724220755] [local_fusion_node]: Local Fusion callback triggered.
[detector_node-2] [INFO] [1781641261.826380753] [detector_node]: YOLO_DETECTOR detection elapsed time: 0.0251 seconds
[local_fusion-3] [INFO] [1781641261.826693200] [local_fusion_node]: Local Fusion callback triggered.
[detector_node-2] [INFO] [1781641261.929205104] [detector_node]: YOLO_DETECTOR detection elapsed time: 0.0291 seconds
[local_fusion-3] [INFO] [1781641261.929616166] [local_fusion_node]: Local Fusion callback triggered.
[detector_node-2] [INFO] [1781641262.039598236] [detector_node]: YOLO_DETECTOR detection elapsed time: 0.0277 seconds
[local_fusion-3] [INFO] [1781641262.039994791] [local_fusion_node]: Local Fusion callback triggered.
[detector_node-2] [INFO] [1781641262.124896155] [detector_node]: YOLO_DETECTOR detection elapsed time: 0.0235 seconds
[local_fusion-3] [INFO] [1781641262.125250184] [local_fusion_node]: Local Fusion callback triggered.
[detector_node-2] [INFO] [1781641262.224512563] [detector_node]: YOLO_DETECTOR detection elapsed time: 0.0232 seconds
[local_fusion-3] [INFO] [1781641262.224893163] [local_fusion_node]: Local Fusion callback triggered.
[detector_node-2] [INFO] [1781641262.321573292] [detector_node]: YOLO_DETECTOR detection elapsed time: 0.0232 seconds
[local_fusion-3] [INFO] [1781641262.321828955] [local_fusion_node]: Local Fusion callback triggered.
[detector_node-2] [INFO] [1781641262.426914136] [detector_node]: YOLO_DETECTOR detection elapsed time: 0.0229 seconds
[local_fusion-3] [INFO] [1781641262.427306439] [local_fusion_node]: Local Fusion callback triggered.
[detector_node-2] [INFO] [1781641262.527239529] [detector_node]: YOLO_DETECTOR detection elapsed time: 0.0261 seconds
[local_fusion-3] [INFO] [1781641262.527886753] [local_fusion_node]: Local Fusion callback triggered.
[detector_node-2] [INFO] [1781641262.625734822] [detector_node]: YOLO_DETECTOR detection elapsed time: 0.0252 seconds
[local_fusion-3] [INFO] [1781641262.625956911] [local_fusion_node]: Local Fusion callback triggered.
[detector_node-2] [INFO] [1781641262.723306783] [detector_node]: YOLO_DETECTOR detection elapsed time: 0.0227 seconds
[local_fusion-3] [INFO] [1781641262.723545214] [local_fusion_node]: Local Fusion callback triggered.
[detector_node-2] [INFO] [1781641262.826323621] [detector_node]: YOLO_DETECTOR detection elapsed time: 0.0277 seconds
[local_fusion-3] [INFO] [1781641262.826656081] [local_fusion_node]: Local Fusion callback triggered.
[detector_node-2] [INFO] [1781641262.927969057] [detector_node]: YOLO_DETECTOR detection elapsed time: 0.0261 seconds
[local_fusion-3] [INFO] [1781641262.928392078] [local_fusion_node]: Local Fusion callback triggered.
[detector_node-2] [INFO] [1781641263.026435559] [detector_node]: YOLO_DETECTOR detection elapsed time: 0.0257 seconds
[local_fusion-3] [INFO] [1781641263.026799402] [local_fusion_node]: Local Fusion callback triggered.
[detector_node-2] [INFO] [1781641263.122441053] [detector_node]: YOLO_DETECTOR detection elapsed time: 0.0238 seconds
[local_fusion-3] [INFO] [1781641263.122840868] [local_fusion_node]: Local Fusion callback triggered.
[detector_node-2] [INFO] [1781641263.218026717] [detector_node]: YOLO_DETECTOR detection elapsed time: 0.0237 seconds
[local_fusion-3] [INFO] [1781641263.218362187] [local_fusion_node]: Local Fusion callback triggered.
[detector_node-2] [INFO] [1781641263.318802011] [detector_node]: YOLO_DETECTOR detection elapsed time: 0.0249 seconds
[local_fusion-3] [INFO] [1781641263.319248715] [local_fusion_node]: Local Fusion callback triggered.
[detector_node-2] [INFO] [1781641263.418593826] [detector_node]: YOLO_DETECTOR detection elapsed time: 0.0226 seconds
[local_fusion-3] [INFO] [1781641263.418976305] [local_fusion_node]: Local Fusion callback triggered.
[detector_node-2] [INFO] [1781641263.517857980] [detector_node]: YOLO_DETECTOR detection elapsed time: 0.0246 seconds
[local_fusion-3] [INFO] [1781641263.518266590] [local_fusion_node]: Local Fusion callback triggered.
[detector_node-2] [INFO] [1781641263.619707869] [detector_node]: YOLO_DETECTOR detection elapsed time: 0.0259 seconds
[local_fusion-3] [INFO] [1781641263.619973803] [local_fusion_node]: Local Fusion callback triggered.
[detector_node-2] [INFO] [1781641263.717841307] [detector_node]: YOLO_DETECTOR detection elapsed time: 0.0235 seconds
[local_fusion-3] [INFO] [1781641263.718311378] [local_fusion_node]: Local Fusion callback triggered.
[detector_node-2] [INFO] [1781641263.818715233] [detector_node]: YOLO_DETECTOR detection elapsed time: 0.0254 seconds
[local_fusion-3] [INFO] [1781641263.819171005] [local_fusion_node]: Local Fusion callback triggered.
[detector_node-2] [INFO] [1781641263.920007323] [detector_node]: YOLO_DETECTOR detection elapsed time: 0.0249 seconds
[local_fusion-3] [INFO] [1781641263.920431148] [local_fusion_node]: Local Fusion callback triggered.
[detector_node-2] [INFO] [1781641264.017989765] [detector_node]: YOLO_DETECTOR detection elapsed time: 0.0236 seconds
[local_fusion-3] [INFO] [1781641264.018384957] [local_fusion_node]: Local Fusion callback triggered.
[detector_node-2] [INFO] [1781641264.116283113] [detector_node]: YOLO_DETECTOR detection elapsed time: 0.0250 seconds
[local_fusion-3] [INFO] [1781641264.116680198] [local_fusion_node]: Local Fusion callback triggered.
[detector_node-2] [INFO] [1781641264.215605531] [detector_node]: YOLO_DETECTOR detection elapsed time: 0.0244 seconds
[local_fusion-3] [INFO] [1781641264.215885153] [local_fusion_node]: Local Fusion callback triggered.
[detector_node-2] [INFO] [1781641264.314379558] [detector_node]: YOLO_DETECTOR detection elapsed time: 0.0229 seconds
[local_fusion-3] [INFO] [1781641264.314733430] [local_fusion_node]: Local Fusion callback triggered.
[detector_node-2] [INFO] [1781641264.416238913] [detector_node]: YOLO_DETECTOR detection elapsed time: 0.0238 seconds
[local_fusion-3] [INFO] [1781641264.416459101] [local_fusion_node]: Local Fusion callback triggered.
[detector_node-2] [INFO] [1781641264.517241560] [detector_node]: YOLO_DETECTOR detection elapsed time: 0.0222 seconds
[local_fusion-3] [INFO] [1781641264.517611864] [local_fusion_node]: Local Fusion callback triggered.
[detector_node-2] [INFO] [1781641264.614862625] [detector_node]: YOLO_DETECTOR detection elapsed time: 0.0237 seconds
[local_fusion-3] [INFO] [1781641264.615272361] [local_fusion_node]: Local Fusion callback triggered.
[detector_node-2] [INFO] [1781641264.717302144] [detector_node]: YOLO_DETECTOR detection elapsed time: 0.0240 seconds
[local_fusion-3] [INFO] [1781641264.717457224] [local_fusion_node]: Local Fusion callback triggered.
[detector_node-2] [INFO] [1781641264.815340374] [detector_node]: YOLO_DETECTOR detection elapsed time: 0.0247 seconds
[local_fusion-3] [INFO] [1781641264.815653943] [local_fusion_node]: Local Fusion callback triggered.
[detector_node-2] [INFO] [1781641264.917208913] [detector_node]: YOLO_DETECTOR detection elapsed time: 0.0254 seconds
[local_fusion-3] [INFO] [1781641264.917405084] [local_fusion_node]: Local Fusion callback triggered.
[detector_node-2] [INFO] [1781641265.016940620] [detector_node]: YOLO_DETECTOR detection elapsed time: 0.0232 seconds
[local_fusion-3] [INFO] [1781641265.017220645] [local_fusion_node]: Local Fusion callback triggered.
[detector_node-2] [INFO] [1781641265.113729309] [detector_node]: YOLO_DETECTOR detection elapsed time: 0.0242 seconds
[local_fusion-3] [INFO] [1781641265.114134034] [local_fusion_node]: Local Fusion callback triggered.
[detector_node-2] [INFO] [1781641265.214581785] [detector_node]: YOLO_DETECTOR detection elapsed time: 0.0235 seconds
[local_fusion-3] [INFO] [1781641265.214931885] [local_fusion_node]: Local Fusion callback triggered.
[detector_node-2] [INFO] [1781641265.321056837] [detector_node]: YOLO_DETECTOR detection elapsed time: 0.0263 seconds
[local_fusion-3] [INFO] [1781641265.321388721] [local_fusion_node]: Local Fusion callback triggered.
[detector_node-2] [INFO] [1781641265.419462060] [detector_node]: YOLO_DETECTOR detection elapsed time: 0.0245 seconds
[local_fusion-3] [INFO] [1781641265.419859468] [local_fusion_node]: Local Fusion callback triggered.
[detector_node-2] [INFO] [1781641265.515944952] [detector_node]: YOLO_DETECTOR detection elapsed time: 0.0230 seconds
[local_fusion-3] [INFO] [1781641265.516351053] [local_fusion_node]: Local Fusion callback triggered.
[detector_node-2] [INFO] [1781641265.619961116] [detector_node]: YOLO_DETECTOR detection elapsed time: 0.0252 seconds
[local_fusion-3] [INFO] [1781641265.620371289] [local_fusion_node]: Local Fusion callback triggered.
[detector_node-2] [INFO] [1781641265.724409178] [detector_node]: YOLO_DETECTOR detection elapsed time: 0.0271 seconds
[local_fusion-3] [INFO] [1781641265.724789980] [local_fusion_node]: Local Fusion callback triggered.
[detector_node-2] [INFO] [1781641265.822205375] [detector_node]: YOLO_DETECTOR detection elapsed time: 0.0250 seconds
[local_fusion-3] [INFO] [1781641265.822516778] [local_fusion_node]: Local Fusion callback triggered.
[detector_node-2] [INFO] [1781641265.920196660] [detector_node]: YOLO_DETECTOR detection elapsed time: 0.0260 seconds
[local_fusion-3] [INFO] [1781641265.920453127] [local_fusion_node]: Local Fusion callback triggered.
[detector_node-2] [INFO] [1781641266.015162050] [detector_node]: YOLO_DETECTOR detection elapsed time: 0.0225 seconds
[local_fusion-3] [INFO] [1781641266.015475981] [local_fusion_node]: Local Fusion callback triggered.
[detector_node-2] [INFO] [1781641266.120847140] [detector_node]: YOLO_DETECTOR detection elapsed time: 0.0232 seconds
[local_fusion-3] [INFO] [1781641266.121217528] [local_fusion_node]: Local Fusion callback triggered.
[detector_node-2] [INFO] [1781641266.221225685] [detector_node]: YOLO_DETECTOR detection elapsed time: 0.0247 seconds
[local_fusion-3] [INFO] [1781641266.221619421] [local_fusion_node]: Local Fusion callback triggered.
[detector_node-2] [INFO] [1781641266.319304340] [detector_node]: YOLO_DETECTOR detection elapsed time: 0.0225 seconds
[local_fusion-3] [INFO] [1781641266.319560740] [local_fusion_node]: Local Fusion callback triggered.
[detector_node-2] [INFO] [1781641266.419249315] [detector_node]: YOLO_DETECTOR detection elapsed time: 0.0240 seconds
[local_fusion-3] [INFO] [1781641266.419638639] [local_fusion_node]: Local Fusion callback triggered.
[detector_node-2] [INFO] [1781641266.518372439] [detector_node]: YOLO_DETECTOR detection elapsed time: 0.0251 seconds
[local_fusion-3] [INFO] [1781641266.518568681] [local_fusion_node]: Local Fusion callback triggered.
[detector_node-2] [INFO] [1781641266.623553277] [detector_node]: YOLO_DETECTOR detection elapsed time: 0.0220 seconds
[local_fusion-3] [INFO] [1781641266.623875624] [local_fusion_node]: Local Fusion callback triggered.
[detector_node-2] [INFO] [1781641266.717030505] [detector_node]: YOLO_DETECTOR detection elapsed time: 0.0235 seconds
[local_fusion-3] [INFO] [1781641266.717246637] [local_fusion_node]: Local Fusion callback triggered.
[detector_node-2] [INFO] [1781641266.816840033] [detector_node]: YOLO_DETECTOR detection elapsed time: 0.0248 seconds
[local_fusion-3] [INFO] [1781641266.817255805] [local_fusion_node]: Local Fusion callback triggered.
[detector_node-2] [INFO] [1781641266.920364305] [detector_node]: YOLO_DETECTOR detection elapsed time: 0.0257 seconds
[local_fusion-3] [INFO] [1781641266.920775404] [local_fusion_node]: Local Fusion callback triggered.
[detector_node-2] [INFO] [1781641267.019812905] [detector_node]: YOLO_DETECTOR detection elapsed time: 0.0253 seconds
[local_fusion-3] [INFO] [1781641267.020219369] [local_fusion_node]: Local Fusion callback triggered.
[detector_node-2] [INFO] [1781641267.117387387] [detector_node]: YOLO_DETECTOR detection elapsed time: 0.0244 seconds
[local_fusion-3] [INFO] [1781641267.117807344] [local_fusion_node]: Local Fusion callback triggered.
[detector_node-2] [INFO] [1781641267.220244704] [detector_node]: YOLO_DETECTOR detection elapsed time: 0.0246 seconds
[local_fusion-3] [INFO] [1781641267.220610576] [local_fusion_node]: Local Fusion callback triggered.
[detector_node-2] [INFO] [1781641267.321494212] [detector_node]: YOLO_DETECTOR detection elapsed time: 0.0255 seconds
[local_fusion-3] [INFO] [1781641267.322108765] [local_fusion_node]: Local Fusion callback triggered.
[detector_node-2] [INFO] [1781641267.421720122] [detector_node]: YOLO_DETECTOR detection elapsed time: 0.0248 seconds
[local_fusion-3] [INFO] [1781641267.422019534] [local_fusion_node]: Local Fusion callback triggered.
[detector_node-2] [INFO] [1781641267.516980638] [detector_node]: YOLO_DETECTOR detection elapsed time: 0.0232 seconds
[local_fusion-3] [INFO] [1781641267.517444204] [local_fusion_node]: Local Fusion callback triggered.
[detector_node-2] [INFO] [1781641267.619125336] [detector_node]: YOLO_DETECTOR detection elapsed time: 0.0266 seconds
[local_fusion-3] [INFO] [1781641267.619666573] [local_fusion_node]: Local Fusion callback triggered.
[detector_node-2] [INFO] [1781641267.718275381] [detector_node]: YOLO_DETECTOR detection elapsed time: 0.0249 seconds
[local_fusion-3] [INFO] [1781641267.718661346] [local_fusion_node]: Local Fusion callback triggered.
[detector_node-2] [INFO] [1781641267.817860876] [detector_node]: YOLO_DETECTOR detection elapsed time: 0.0226 seconds
[local_fusion-3] [INFO] [1781641267.818227324] [local_fusion_node]: Local Fusion callback triggered.
[detector_node-2] [INFO] [1781641267.920547976] [detector_node]: YOLO_DETECTOR detection elapsed time: 0.0247 seconds
[local_fusion-3] [INFO] [1781641267.920879678] [local_fusion_node]: Local Fusion callback triggered.
[detector_node-2] [INFO] [1781641268.018426800] [detector_node]: YOLO_DETECTOR detection elapsed time: 0.0241 seconds
[local_fusion-3] [INFO] [1781641268.018737887] [local_fusion_node]: Local Fusion callback triggered.
[detector_node-2] [INFO] [1781641268.121121625] [detector_node]: YOLO_DETECTOR detection elapsed time: 0.0251 seconds
[local_fusion-3] [INFO] [1781641268.121484532] [local_fusion_node]: Local Fusion callback triggered.
[detector_node-2] [INFO] [1781641268.217507353] [detector_node]: YOLO_DETECTOR detection elapsed time: 0.0250 seconds
[local_fusion-3] [INFO] [1781641268.217934285] [local_fusion_node]: Local Fusion callback triggered.
[detector_node-2] [INFO] [1781641268.315526708] [detector_node]: YOLO_DETECTOR detection elapsed time: 0.0247 seconds
[local_fusion-3] [INFO] [1781641268.315899178] [local_fusion_node]: Local Fusion callback triggered.
[detector_node-2] [INFO] [1781641268.415584249] [detector_node]: YOLO_DETECTOR detection elapsed time: 0.0248 seconds
[local_fusion-3] [INFO] [1781641268.415872352] [local_fusion_node]: Local Fusion callback triggered.
[detector_node-2] [INFO] [1781641268.516339911] [detector_node]: YOLO_DETECTOR detection elapsed time: 0.0244 seconds
[local_fusion-3] [INFO] [1781641268.516704257] [local_fusion_node]: Local Fusion callback triggered.
[detector_node-2] [INFO] [1781641268.617577957] [detector_node]: YOLO_DETECTOR detection elapsed time: 0.0253 seconds
[local_fusion-3] [INFO] [1781641268.617871654] [local_fusion_node]: Local Fusion callback triggered.
[detector_node-2] [INFO] [1781641268.718296839] [detector_node]: YOLO_DETECTOR detection elapsed time: 0.0254 seconds
[local_fusion-3] [INFO] [1781641268.718702265] [local_fusion_node]: Local Fusion callback triggered.
[detector_node-2] [INFO] [1781641268.815654618] [detector_node]: YOLO_DETECTOR detection elapsed time: 0.0250 seconds
[local_fusion-3] [INFO] [1781641268.816019284] [local_fusion_node]: Local Fusion callback triggered.
[detector_node-2] [INFO] [1781641268.915295833] [detector_node]: YOLO_DETECTOR detection elapsed time: 0.0256 seconds
[local_fusion-3] [INFO] [1781641268.915677684] [local_fusion_node]: Local Fusion callback triggered.
[detector_node-2] [INFO] [1781641269.015996822] [detector_node]: YOLO_DETECTOR detection elapsed time: 0.0266 seconds
[local_fusion-3] [INFO] [1781641269.016466849] [local_fusion_node]: Local Fusion callback triggered.
[detector_node-2] [INFO] [1781641269.113130537] [detector_node]: YOLO_DETECTOR detection elapsed time: 0.0248 seconds
[local_fusion-3] [INFO] [1781641269.113486185] [local_fusion_node]: Local Fusion callback triggered.
[detector_node-2] [INFO] [1781641269.214504954] [detector_node]: YOLO_DETECTOR detection elapsed time: 0.0255 seconds
[local_fusion-3] [INFO] [1781641269.214936470] [local_fusion_node]: Local Fusion callback triggered.
[detector_node-2] [INFO] [1781641269.317866692] [detector_node]: YOLO_DETECTOR detection elapsed time: 0.0280 seconds
[local_fusion-3] [INFO] [1781641269.318223423] [local_fusion_node]: Local Fusion callback triggered.
[detector_node-2] [INFO] [1781641269.415052484] [detector_node]: YOLO_DETECTOR detection elapsed time: 0.0243 seconds
[local_fusion-3] [INFO] [1781641269.415349487] [local_fusion_node]: Local Fusion callback triggered.
[detector_node-2] [INFO] [1781641269.514643672] [detector_node]: YOLO_DETECTOR detection elapsed time: 0.0250 seconds
[local_fusion-3] [INFO] [1781641269.515160585] [local_fusion_node]: Local Fusion callback triggered.
[detector_node-2] [INFO] [1781641269.615830379] [detector_node]: YOLO_DETECTOR detection elapsed time: 0.0262 seconds
[local_fusion-3] [INFO] [1781641269.616268448] [local_fusion_node]: Local Fusion callback triggered.
[detector_node-2] [INFO] [1781641269.717242880] [detector_node]: YOLO_DETECTOR detection elapsed time: 0.0267 seconds
[local_fusion-3] [INFO] [1781641269.717531054] [local_fusion_node]: Local Fusion callback triggered.
[detector_node-2] [INFO] [1781641269.816463268] [detector_node]: YOLO_DETECTOR detection elapsed time: 0.0292 seconds
[local_fusion-3] [INFO] [1781641269.816907077] [local_fusion_node]: Local Fusion callback triggered.
[detector_node-2] [INFO] [1781641269.915704082] [detector_node]: YOLO_DETECTOR detection elapsed time: 0.0254 seconds
[local_fusion-3] [INFO] [1781641269.916091435] [local_fusion_node]: Local Fusion callback triggered.
[detector_node-2] [INFO] [1781641270.015878373] [detector_node]: YOLO_DETECTOR detection elapsed time: 0.0259 seconds
[local_fusion-3] [INFO] [1781641270.016273651] [local_fusion_node]: Local Fusion callback triggered.
[detector_node-2] [INFO] [1781641270.119617703] [detector_node]: YOLO_DETECTOR detection elapsed time: 0.0249 seconds
[local_fusion-3] [INFO] [1781641270.119948719] [local_fusion_node]: Local Fusion callback triggered.
[detector_node-2] [INFO] [1781641270.217126660] [detector_node]: YOLO_DETECTOR detection elapsed time: 0.0245 seconds
[local_fusion-3] [INFO] [1781641270.217530094] [local_fusion_node]: Local Fusion callback triggered.
[detector_node-2] [INFO] [1781641270.322828242] [detector_node]: YOLO_DETECTOR detection elapsed time: 0.0303 seconds
[local_fusion-3] [INFO] [1781641270.322973704] [local_fusion_node]: Local Fusion callback triggered.
[detector_node-2] [INFO] [1781641270.417105869] [detector_node]: YOLO_DETECTOR detection elapsed time: 0.0251 seconds
[local_fusion-3] [INFO] [1781641270.417398939] [local_fusion_node]: Local Fusion callback triggered.
[detector_node-2] [INFO] [1781641270.520509928] [detector_node]: YOLO_DETECTOR detection elapsed time: 0.0247 seconds
[local_fusion-3] [INFO] [1781641270.521040703] [local_fusion_node]: Local Fusion callback triggered.
[detector_node-2] [INFO] [1781641270.622783768] [detector_node]: YOLO_DETECTOR detection elapsed time: 0.0248 seconds
[local_fusion-3] [INFO] [1781641270.623206303] [local_fusion_node]: Local Fusion callback triggered.
[detector_node-2] [INFO] [1781641270.724274005] [detector_node]: YOLO_DETECTOR detection elapsed time: 0.0284 seconds
[local_fusion-3] [INFO] [1781641270.724686240] [local_fusion_node]: Local Fusion callback triggered.
[detector_node-2] [INFO] [1781641270.823765746] [detector_node]: YOLO_DETECTOR detection elapsed time: 0.0276 seconds
[local_fusion-3] [INFO] [1781641270.824079177] [local_fusion_node]: Local Fusion callback triggered.
[detector_node-2] [INFO] [1781641270.923346694] [detector_node]: YOLO_DETECTOR detection elapsed time: 0.0239 seconds
[local_fusion-3] [INFO] [1781641270.923696877] [local_fusion_node]: Local Fusion callback triggered.
[detector_node-2] [INFO] [1781641271.026804091] [detector_node]: YOLO_DETECTOR detection elapsed time: 0.0255 seconds
[local_fusion-3] [INFO] [1781641271.027163240] [local_fusion_node]: Local Fusion callback triggered.
[detector_node-2] [INFO] [1781641271.118716121] [detector_node]: YOLO_DETECTOR detection elapsed time: 0.0254 seconds
[local_fusion-3] [INFO] [1781641271.119090597] [local_fusion_node]: Local Fusion callback triggered.
[detector_node-2] [INFO] [1781641271.222065441] [detector_node]: YOLO_DETECTOR detection elapsed time: 0.0282 seconds
[local_fusion-3] [INFO] [1781641271.222505486] [local_fusion_node]: Local Fusion callback triggered.
[detector_node-2] [INFO] [1781641271.319187073] [detector_node]: YOLO_DETECTOR detection elapsed time: 0.0269 seconds
[local_fusion-3] [INFO] [1781641271.319578737] [local_fusion_node]: Local Fusion callback triggered.
[detector_node-2] [INFO] [1781641271.415704512] [detector_node]: YOLO_DETECTOR detection elapsed time: 0.0225 seconds
[local_fusion-3] [INFO] [1781641271.416136711] [local_fusion_node]: Local Fusion callback triggered.
[detector_node-2] [INFO] [1781641271.515487561] [detector_node]: YOLO_DETECTOR detection elapsed time: 0.0248 seconds
[local_fusion-3] [INFO] [1781641271.515903423] [local_fusion_node]: Local Fusion callback triggered.
[detector_node-2] [INFO] [1781641271.615071232] [detector_node]: YOLO_DETECTOR detection elapsed time: 0.0259 seconds
[local_fusion-3] [INFO] [1781641271.615478165] [local_fusion_node]: Local Fusion callback triggered.
[detector_node-2] [INFO] [1781641271.713358830] [detector_node]: YOLO_DETECTOR detection elapsed time: 0.0230 seconds
[local_fusion-3] [INFO] [1781641271.713709623] [local_fusion_node]: Local Fusion callback triggered.
[detector_node-2] [INFO] [1781641271.818202861] [detector_node]: YOLO_DETECTOR detection elapsed time: 0.0251 seconds
[local_fusion-3] [INFO] [1781641271.818518633] [local_fusion_node]: Local Fusion callback triggered.
[detector_node-2] [INFO] [1781641271.915910025] [detector_node]: YOLO_DETECTOR detection elapsed time: 0.0258 seconds
[local_fusion-3] [INFO] [1781641271.916312864] [local_fusion_node]: Local Fusion callback triggered.
[detector_node-2] [INFO] [1781641272.015184255] [detector_node]: YOLO_DETECTOR detection elapsed time: 0.0248 seconds
[local_fusion-3] [INFO] [1781641272.015609749] [local_fusion_node]: Local Fusion callback triggered.
[detector_node-2] [INFO] [1781641272.117440970] [detector_node]: YOLO_DETECTOR detection elapsed time: 0.0240 seconds
[local_fusion-3] [INFO] [1781641272.117773846] [local_fusion_node]: Local Fusion callback triggered.
[detector_node-2] [INFO] [1781641272.216754751] [detector_node]: YOLO_DETECTOR detection elapsed time: 0.0266 seconds
[local_fusion-3] [INFO] [1781641272.217321004] [local_fusion_node]: Local Fusion callback triggered.
[detector_node-2] [INFO] [1781641272.320486315] [detector_node]: YOLO_DETECTOR detection elapsed time: 0.0271 seconds
[local_fusion-3] [INFO] [1781641272.320893447] [local_fusion_node]: Local Fusion callback triggered.
[detector_node-2] [INFO] [1781641272.411122284] [detector_node]: YOLO_DETECTOR detection elapsed time: 0.0213 seconds
[local_fusion-3] [INFO] [1781641272.411512528] [local_fusion_node]: Local Fusion callback triggered.
[detector_node-2] [INFO] [1781641272.514715974] [detector_node]: YOLO_DETECTOR detection elapsed time: 0.0234 seconds
[local_fusion-3] [INFO] [1781641272.515168517] [local_fusion_node]: Local Fusion callback triggered.
[detector_node-2] [INFO] [1781641272.619947426] [detector_node]: YOLO_DETECTOR detection elapsed time: 0.0263 seconds
[local_fusion-3] [INFO] [1781641272.620384350] [local_fusion_node]: Local Fusion callback triggered.
[detector_node-2] [INFO] [1781641272.726764691] [detector_node]: YOLO_DETECTOR detection elapsed time: 0.0268 seconds
[local_fusion-3] [INFO] [1781641272.727106782] [local_fusion_node]: Local Fusion callback triggered.
[detector_node-2] [INFO] [1781641272.819557219] [detector_node]: YOLO_DETECTOR detection elapsed time: 0.0261 seconds
[local_fusion-3] [INFO] [1781641272.820063481] [local_fusion_node]: Local Fusion callback triggered.
[detector_node-2] [INFO] [1781641272.918835975] [detector_node]: YOLO_DETECTOR detection elapsed time: 0.0250 seconds
[local_fusion-3] [INFO] [1781641272.919155603] [local_fusion_node]: Local Fusion callback triggered.
[detector_node-2] [INFO] [1781641273.020045510] [detector_node]: YOLO_DETECTOR detection elapsed time: 0.0260 seconds
[local_fusion-3] [INFO] [1781641273.020398915] [local_fusion_node]: Local Fusion callback triggered.
[detector_node-2] [INFO] [1781641273.116551591] [detector_node]: YOLO_DETECTOR detection elapsed time: 0.0257 seconds
[local_fusion-3] [INFO] [1781641273.116944276] [local_fusion_node]: Local Fusion callback triggered.
[detector_node-2] [INFO] [1781641273.215488487] [detector_node]: YOLO_DETECTOR detection elapsed time: 0.0263 seconds
[local_fusion-3] [INFO] [1781641273.216062235] [local_fusion_node]: Local Fusion callback triggered.
[detector_node-2] [INFO] [1781641273.323197488] [detector_node]: YOLO_DETECTOR detection elapsed time: 0.0306 seconds
[local_fusion-3] [INFO] [1781641273.323624758] [local_fusion_node]: Local Fusion callback triggered.
[detector_node-2] [INFO] [1781641273.417016425] [detector_node]: YOLO_DETECTOR detection elapsed time: 0.0243 seconds
[local_fusion-3] [INFO] [1781641273.417386458] [local_fusion_node]: Local Fusion callback triggered.
[detector_node-2] [INFO] [1781641273.518851648] [detector_node]: YOLO_DETECTOR detection elapsed time: 0.0255 seconds
[local_fusion-3] [INFO] [1781641273.519216997] [local_fusion_node]: Local Fusion callback triggered.
[detector_node-2] [INFO] [1781641273.620405326] [detector_node]: YOLO_DETECTOR detection elapsed time: 0.0258 seconds
[local_fusion-3] [INFO] [1781641273.620798479] [local_fusion_node]: Local Fusion callback triggered.
[detector_node-2] [INFO] [1781641273.721224071] [detector_node]: YOLO_DETECTOR detection elapsed time: 0.0259 seconds
[local_fusion-3] [INFO] [1781641273.721624185] [local_fusion_node]: Local Fusion callback triggered.
[detector_node-2] [INFO] [1781641273.819912696] [detector_node]: YOLO_DETECTOR detection elapsed time: 0.0248 seconds
[local_fusion-3] [INFO] [1781641273.820354832] [local_fusion_node]: Local Fusion callback triggered.
[detector_node-2] [INFO] [1781641273.922501653] [detector_node]: YOLO_DETECTOR detection elapsed time: 0.0265 seconds
[local_fusion-3] [INFO] [1781641273.922844191] [local_fusion_node]: Local Fusion callback triggered.
[detector_node-2] [INFO] [1781641274.023208065] [detector_node]: YOLO_DETECTOR detection elapsed time: 0.0252 seconds
[local_fusion-3] [INFO] [1781641274.023647601] [local_fusion_node]: Local Fusion callback triggered.
[detector_node-2] [INFO] [1781641274.116405142] [detector_node]: YOLO_DETECTOR detection elapsed time: 0.0245 seconds
[local_fusion-3] [INFO] [1781641274.116699259] [local_fusion_node]: Local Fusion callback triggered.
[detector_node-2] [INFO] [1781641274.222166043] [detector_node]: YOLO_DETECTOR detection elapsed time: 0.0250 seconds
[local_fusion-3] [INFO] [1781641274.222563212] [local_fusion_node]: Local Fusion callback triggered.
[detector_node-2] [INFO] [1781641274.320252924] [detector_node]: YOLO_DETECTOR detection elapsed time: 0.0229 seconds
[local_fusion-3] [INFO] [1781641274.320636839] [local_fusion_node]: Local Fusion callback triggered.
[detector_node-2] [INFO] [1781641274.418593000] [detector_node]: YOLO_DETECTOR detection elapsed time: 0.0245 seconds
[local_fusion-3] [INFO] [1781641274.419035415] [local_fusion_node]: Local Fusion callback triggered.
[detector_node-2] [INFO] [1781641274.521905005] [detector_node]: YOLO_DETECTOR detection elapsed time: 0.0266 seconds
[local_fusion-3] [INFO] [1781641274.522236532] [local_fusion_node]: Local Fusion callback triggered.
[detector_node-2] [INFO] [1781641274.619674751] [detector_node]: YOLO_DETECTOR detection elapsed time: 0.0242 seconds
[local_fusion-3] [INFO] [1781641274.620058782] [local_fusion_node]: Local Fusion callback triggered.
[detector_node-2] [INFO] [1781641274.721794434] [detector_node]: YOLO_DETECTOR detection elapsed time: 0.0235 seconds
[local_fusion-3] [INFO] [1781641274.722260010] [local_fusion_node]: Local Fusion callback triggered.
[detector_node-2] [INFO] [1781641274.821683701] [detector_node]: YOLO_DETECTOR detection elapsed time: 0.0262 seconds
[local_fusion-3] [INFO] [1781641274.822100778] [local_fusion_node]: Local Fusion callback triggered.
[detector_node-2] [INFO] [1781641274.920301960] [detector_node]: YOLO_DETECTOR detection elapsed time: 0.0270 seconds
[local_fusion-3] [INFO] [1781641274.920628588] [local_fusion_node]: Local Fusion callback triggered.
[detector_node-2] [INFO] [1781641275.025819549] [detector_node]: YOLO_DETECTOR detection elapsed time: 0.0249 seconds
[local_fusion-3] [INFO] [1781641275.026210183] [local_fusion_node]: Local Fusion callback triggered.
[detector_node-2] [INFO] [1781641275.124903800] [detector_node]: YOLO_DETECTOR detection elapsed time: 0.0269 seconds
[local_fusion-3] [INFO] [1781641275.125246907] [local_fusion_node]: Local Fusion callback triggered.
[detector_node-2] [INFO] [1781641275.226846817] [detector_node]: YOLO_DETECTOR detection elapsed time: 0.0246 seconds
[local_fusion-3] [INFO] [1781641275.227203576] [local_fusion_node]: Local Fusion callback triggered.
[detector_node-2] [INFO] [1781641275.321573184] [detector_node]: YOLO_DETECTOR detection elapsed time: 0.0257 seconds
[local_fusion-3] [INFO] [1781641275.321986834] [local_fusion_node]: Local Fusion callback triggered.
[detector_node-2] [INFO] [1781641275.427146363] [detector_node]: YOLO_DETECTOR detection elapsed time: 0.0259 seconds
[local_fusion-3] [INFO] [1781641275.427539908] [local_fusion_node]: Local Fusion callback triggered.
[detector_node-2] [INFO] [1781641275.522427348] [detector_node]: YOLO_DETECTOR detection elapsed time: 0.0228 seconds
[local_fusion-3] [INFO] [1781641275.522850455] [local_fusion_node]: Local Fusion callback triggered.
[detector_node-2] [INFO] [1781641275.625808186] [detector_node]: YOLO_DETECTOR detection elapsed time: 0.0255 seconds
[local_fusion-3] [INFO] [1781641275.626121430] [local_fusion_node]: Local Fusion callback triggered.
[detector_node-2] [INFO] [1781641275.723761762] [detector_node]: YOLO_DETECTOR detection elapsed time: 0.0248 seconds
[local_fusion-3] [INFO] [1781641275.724006859] [local_fusion_node]: Local Fusion callback triggered.
[detector_node-2] [INFO] [1781641275.822299312] [detector_node]: YOLO_DETECTOR detection elapsed time: 0.0247 seconds
[local_fusion-3] [INFO] [1781641275.822619050] [local_fusion_node]: Local Fusion callback triggered.
[detector_node-2] [INFO] [1781641275.922218982] [detector_node]: YOLO_DETECTOR detection elapsed time: 0.0242 seconds
[local_fusion-3] [INFO] [1781641275.922457055] [local_fusion_node]: Local Fusion callback triggered.
[detector_node-2] [INFO] [1781641276.024220210] [detector_node]: YOLO_DETECTOR detection elapsed time: 0.0249 seconds
[local_fusion-3] [INFO] [1781641276.024522465] [local_fusion_node]: Local Fusion callback triggered.
[detector_node-2] [INFO] [1781641276.122017968] [detector_node]: YOLO_DETECTOR detection elapsed time: 0.0254 seconds
[local_fusion-3] [INFO] [1781641276.122435393] [local_fusion_node]: Local Fusion callback triggered.
[detector_node-2] [INFO] [1781641276.226972865] [detector_node]: YOLO_DETECTOR detection elapsed time: 0.0247 seconds
[local_fusion-3] [INFO] [1781641276.227216234] [local_fusion_node]: Local Fusion callback triggered.
[detector_node-2] [INFO] [1781641276.322603812] [detector_node]: YOLO_DETECTOR detection elapsed time: 0.0259 seconds
[local_fusion-3] [INFO] [1781641276.322992251] [local_fusion_node]: Local Fusion callback triggered.
[detector_node-2] [INFO] [1781641276.420594519] [detector_node]: YOLO_DETECTOR detection elapsed time: 0.0248 seconds
[local_fusion-3] [INFO] [1781641276.420878395] [local_fusion_node]: Local Fusion callback triggered.
[detector_node-2] [INFO] [1781641276.521734456] [detector_node]: YOLO_DETECTOR detection elapsed time: 0.0219 seconds
[local_fusion-3] [INFO] [1781641276.522127902] [local_fusion_node]: Local Fusion callback triggered.
[detector_node-2] [INFO] [1781641276.618489473] [detector_node]: YOLO_DETECTOR detection elapsed time: 0.0232 seconds
[local_fusion-3] [INFO] [1781641276.618861364] [local_fusion_node]: Local Fusion callback triggered.
[detector_node-2] [INFO] [1781641276.719663122] [detector_node]: YOLO_DETECTOR detection elapsed time: 0.0248 seconds
[local_fusion-3] [INFO] [1781641276.719952113] [local_fusion_node]: Local Fusion callback triggered.
[detector_node-2] [INFO] [1781641276.822724767] [detector_node]: YOLO_DETECTOR detection elapsed time: 0.0271 seconds
[local_fusion-3] [INFO] [1781641276.823039495] [local_fusion_node]: Local Fusion callback triggered.
[detector_node-2] [INFO] [1781641276.923425718] [detector_node]: YOLO_DETECTOR detection elapsed time: 0.0293 seconds
[local_fusion-3] [INFO] [1781641276.923761498] [local_fusion_node]: Local Fusion callback triggered.
[detector_node-2] [INFO] [1781641277.020747269] [detector_node]: YOLO_DETECTOR detection elapsed time: 0.0257 seconds
[local_fusion-3] [INFO] [1781641277.021043672] [local_fusion_node]: Local Fusion callback triggered.
[detector_node-2] [INFO] [1781641277.115695460] [detector_node]: YOLO_DETECTOR detection elapsed time: 0.0238 seconds
[local_fusion-3] [INFO] [1781641277.115925393] [local_fusion_node]: Local Fusion callback triggered.
[detector_node-2] [INFO] [1781641277.220423450] [detector_node]: YOLO_DETECTOR detection elapsed time: 0.0238 seconds
[local_fusion-3] [INFO] [1781641277.220654038] [local_fusion_node]: Local Fusion callback triggered.
[detector_node-2] [INFO] [1781641277.316091896] [detector_node]: YOLO_DETECTOR detection elapsed time: 0.0233 seconds
[local_fusion-3] [INFO] [1781641277.316423147] [local_fusion_node]: Local Fusion callback triggered.
[detector_node-2] [INFO] [1781641277.421712620] [detector_node]: YOLO_DETECTOR detection elapsed time: 0.0263 seconds
[local_fusion-3] [INFO] [1781641277.421931492] [local_fusion_node]: Local Fusion callback triggered.
[detector_node-2] [INFO] [1781641277.519384824] [detector_node]: YOLO_DETECTOR detection elapsed time: 0.0253 seconds
[local_fusion-3] [INFO] [1781641277.519639833] [local_fusion_node]: Local Fusion callback triggered.
[detector_node-2] [INFO] [1781641277.618187786] [detector_node]: YOLO_DETECTOR detection elapsed time: 0.0234 seconds
[local_fusion-3] [INFO] [1781641277.618496718] [local_fusion_node]: Local Fusion callback triggered.
[detector_node-2] [INFO] [1781641277.721208056] [detector_node]: YOLO_DETECTOR detection elapsed time: 0.0236 seconds
[local_fusion-3] [INFO] [1781641277.721530188] [local_fusion_node]: Local Fusion callback triggered.
[detector_node-2] [INFO] [1781641277.819652173] [detector_node]: YOLO_DETECTOR detection elapsed time: 0.0250 seconds
[local_fusion-3] [INFO] [1781641277.820083220] [local_fusion_node]: Local Fusion callback triggered.
[detector_node-2] [INFO] [1781641277.917396767] [detector_node]: YOLO_DETECTOR detection elapsed time: 0.0222 seconds
[local_fusion-3] [INFO] [1781641277.917809805] [local_fusion_node]: Local Fusion callback triggered.
[detector_node-2] [INFO] [1781641278.020851360] [detector_node]: YOLO_DETECTOR detection elapsed time: 0.0248 seconds
[local_fusion-3] [INFO] [1781641278.021354034] [local_fusion_node]: Local Fusion callback triggered.
[detector_node-2] [INFO] [1781641278.119354676] [detector_node]: YOLO_DETECTOR detection elapsed time: 0.0261 seconds
[local_fusion-3] [INFO] [1781641278.119646667] [local_fusion_node]: Local Fusion callback triggered.
[detector_node-2] [INFO] [1781641278.215410305] [detector_node]: YOLO_DETECTOR detection elapsed time: 0.0239 seconds
[local_fusion-3] [INFO] [1781641278.215639983] [local_fusion_node]: Local Fusion callback triggered.
[detector_node-2] [INFO] [1781641278.323672011] [detector_node]: YOLO_DETECTOR detection elapsed time: 0.0232 seconds
[local_fusion-3] [INFO] [1781641278.324080778] [local_fusion_node]: Local Fusion callback triggered.
[detector_node-2] [INFO] [1781641278.423630728] [detector_node]: YOLO_DETECTOR detection elapsed time: 0.0266 seconds
[local_fusion-3] [INFO] [1781641278.424002144] [local_fusion_node]: Local Fusion callback triggered.
[detector_node-2] [INFO] [1781641278.517876728] [detector_node]: YOLO_DETECTOR detection elapsed time: 0.0240 seconds
[local_fusion-3] [INFO] [1781641278.518197414] [local_fusion_node]: Local Fusion callback triggered.
[detector_node-2] [INFO] [1781641278.616039732] [detector_node]: YOLO_DETECTOR detection elapsed time: 0.0225 seconds
[local_fusion-3] [INFO] [1781641278.616476101] [local_fusion_node]: Local Fusion callback triggered.
[detector_node-2] [INFO] [1781641278.718205036] [detector_node]: YOLO_DETECTOR detection elapsed time: 0.0245 seconds
[local_fusion-3] [INFO] [1781641278.718599992] [local_fusion_node]: Local Fusion callback triggered.
[detector_node-2] [INFO] [1781641278.818712082] [detector_node]: YOLO_DETECTOR detection elapsed time: 0.0240 seconds
[local_fusion-3] [INFO] [1781641278.819083564] [local_fusion_node]: Local Fusion callback triggered.
[detector_node-2] [INFO] [1781641278.925582225] [detector_node]: YOLO_DETECTOR detection elapsed time: 0.0238 seconds
[local_fusion-3] [INFO] [1781641278.926012890] [local_fusion_node]: Local Fusion callback triggered.
[detector_node-2] [INFO] [1781641279.018510617] [detector_node]: YOLO_DETECTOR detection elapsed time: 0.0258 seconds
[local_fusion-3] [INFO] [1781641279.018911442] [local_fusion_node]: Local Fusion callback triggered.
[detector_node-2] [INFO] [1781641279.113273325] [detector_node]: YOLO_DETECTOR detection elapsed time: 0.0232 seconds
[local_fusion-3] [INFO] [1781641279.113650581] [local_fusion_node]: Local Fusion callback triggered.
[detector_node-2] [INFO] [1781641279.214434841] [detector_node]: YOLO_DETECTOR detection elapsed time: 0.0236 seconds
[local_fusion-3] [INFO] [1781641279.214832998] [local_fusion_node]: Local Fusion callback triggered.
[detector_node-2] [INFO] [1781641279.318581334] [detector_node]: YOLO_DETECTOR detection elapsed time: 0.0253 seconds
[local_fusion-3] [INFO] [1781641279.319066984] [local_fusion_node]: Local Fusion callback triggered.
[detector_node-2] [INFO] [1781641279.413685515] [detector_node]: YOLO_DETECTOR detection elapsed time: 0.0225 seconds
[local_fusion-3] [INFO] [1781641279.414148333] [local_fusion_node]: Local Fusion callback triggered.
[detector_node-2] [INFO] [1781641279.516138378] [detector_node]: YOLO_DETECTOR detection elapsed time: 0.0234 seconds
[local_fusion-3] [INFO] [1781641279.516545194] [local_fusion_node]: Local Fusion callback triggered.
[detector_node-2] [INFO] [1781641279.620147329] [detector_node]: YOLO_DETECTOR detection elapsed time: 0.0264 seconds
[local_fusion-3] [INFO] [1781641279.620576836] [local_fusion_node]: Local Fusion callback triggered.
[detector_node-2] [INFO] [1781641279.718172882] [detector_node]: YOLO_DETECTOR detection elapsed time: 0.0255 seconds
[local_fusion-3] [INFO] [1781641279.718616677] [local_fusion_node]: Local Fusion callback triggered.
[detector_node-2] [INFO] [1781641279.820896199] [detector_node]: YOLO_DETECTOR detection elapsed time: 0.0247 seconds
[local_fusion-3] [INFO] [1781641279.821159318] [local_fusion_node]: Local Fusion callback triggered.
[detector_node-2] [INFO] [1781641279.918314077] [detector_node]: YOLO_DETECTOR detection elapsed time: 0.0243 seconds
[local_fusion-3] [INFO] [1781641279.918608660] [local_fusion_node]: Local Fusion callback triggered.
[detector_node-2] [INFO] [1781641280.018046313] [detector_node]: YOLO_DETECTOR detection elapsed time: 0.0243 seconds
[local_fusion-3] [INFO] [1781641280.018406764] [local_fusion_node]: Local Fusion callback triggered.
[detector_node-2] [INFO] [1781641280.119618241] [detector_node]: YOLO_DETECTOR detection elapsed time: 0.0265 seconds
[local_fusion-3] [INFO] [1781641280.119918642] [local_fusion_node]: Local Fusion callback triggered.
[detector_node-2] [INFO] [1781641280.215445244] [detector_node]: YOLO_DETECTOR detection elapsed time: 0.0256 seconds
[local_fusion-3] [INFO] [1781641280.215825568] [local_fusion_node]: Local Fusion callback triggered.
[detector_node-2] [INFO] [1781641280.316126456] [detector_node]: YOLO_DETECTOR detection elapsed time: 0.0254 seconds
[local_fusion-3] [INFO] [1781641280.316457429] [local_fusion_node]: Local Fusion callback triggered.
[detector_node-2] [INFO] [1781641280.417827136] [detector_node]: YOLO_DETECTOR detection elapsed time: 0.0256 seconds
[local_fusion-3] [INFO] [1781641280.418130593] [local_fusion_node]: Local Fusion callback triggered.
[detector_node-2] [INFO] [1781641280.519373319] [detector_node]: YOLO_DETECTOR detection elapsed time: 0.0254 seconds
[local_fusion-3] [INFO] [1781641280.519813236] [local_fusion_node]: Local Fusion callback triggered.
[detector_node-2] [INFO] [1781641280.620628297] [detector_node]: YOLO_DETECTOR detection elapsed time: 0.0250 seconds
[local_fusion-3] [INFO] [1781641280.621110614] [local_fusion_node]: Local Fusion callback triggered.
[detector_node-2] [INFO] [1781641280.714903279] [detector_node]: YOLO_DETECTOR detection elapsed time: 0.0240 seconds
[local_fusion-3] [INFO] [1781641280.715403179] [local_fusion_node]: Local Fusion callback triggered.
[detector_node-2] [INFO] [1781641280.835264417] [detector_node]: YOLO_DETECTOR detection elapsed time: 0.0328 seconds
[local_fusion-3] [INFO] [1781641280.835485177] [local_fusion_node]: Local Fusion callback triggered.
[detector_node-2] [INFO] [1781641280.919923414] [detector_node]: YOLO_DETECTOR detection elapsed time: 0.0255 seconds
[local_fusion-3] [INFO] [1781641280.920260524] [local_fusion_node]: Local Fusion callback triggered.
[global_fusion-4] [WARN] [1781641281.008504124] [global_fusion_node]: TF transform failed: Lookup would require extrapolation into the future.  Requested time 507.071003 but the latest data is at time 507.053583, when looking up transform from frame [drone0/base_link] to frame [drone0/map]
[detector_node-2] [INFO] [1781641281.016937074] [detector_node]: YOLO_DETECTOR detection elapsed time: 0.0259 seconds
[local_fusion-3] [INFO] [1781641281.017375501] [local_fusion_node]: Local Fusion callback triggered.
[global_fusion-4] [WARN] [1781641281.090771868] [global_fusion_node]: TF transform failed: Lookup would require extrapolation into the future.  Requested time 507.170985 but the latest data is at time 507.103346, when looking up transform from frame [drone0/base_link] to frame [drone0/map]
[detector_node-2] [INFO] [1781641281.112389991] [detector_node]: YOLO_DETECTOR detection elapsed time: 0.0230 seconds
[local_fusion-3] [INFO] [1781641281.112763599] [local_fusion_node]: Local Fusion callback triggered.
[detector_node-2] [INFO] [1781641281.213848971] [detector_node]: YOLO_DETECTOR detection elapsed time: 0.0245 seconds
[local_fusion-3] [INFO] [1781641281.214355898] [local_fusion_node]: Local Fusion callback triggered.
[detector_node-2] [INFO] [1781641281.321210035] [detector_node]: YOLO_DETECTOR detection elapsed time: 0.0255 seconds
[local_fusion-3] [INFO] [1781641281.321677286] [local_fusion_node]: Local Fusion callback triggered.
[detector_node-2] [INFO] [1781641281.414037497] [detector_node]: YOLO_DETECTOR detection elapsed time: 0.0234 seconds
[local_fusion-3] [INFO] [1781641281.414660231] [local_fusion_node]: Local Fusion callback triggered.
[detector_node-2] [INFO] [1781641281.514893455] [detector_node]: YOLO_DETECTOR detection elapsed time: 0.0260 seconds
[local_fusion-3] [INFO] [1781641281.515558661] [local_fusion_node]: Local Fusion callback triggered.
[detector_node-2] [INFO] [1781641281.610497647] [detector_node]: YOLO_DETECTOR detection elapsed time: 0.0252 seconds
[local_fusion-3] [INFO] [1781641281.610779189] [local_fusion_node]: Local Fusion callback triggered.
[global_fusion-4] [WARN] [1781641281.630628539] [global_fusion_node]: TF transform failed: Lookup would require extrapolation into the future.  Requested time 507.671013 but the latest data is at time 507.605551, when looking up transform from frame [drone0/base_link] to frame [drone0/map]
[detector_node-2] [INFO] [1781641281.713132383] [detector_node]: YOLO_DETECTOR detection elapsed time: 0.0242 seconds
[local_fusion-3] [INFO] [1781641281.713470686] [local_fusion_node]: Local Fusion callback triggered.
[global_fusion-4] [WARN] [1781641281.727219007] [global_fusion_node]: TF transform failed: Lookup would require extrapolation into the future.  Requested time 507.771722 but the latest data is at time 507.607956, when looking up transform from frame [drone0/base_link] to frame [drone0/map]
[global_fusion-4] [WARN] [1781641281.801628259] [global_fusion_node]: TF transform failed: Lookup would require extrapolation into the future.  Requested time 507.869919 but the latest data is at time 507.613534, when looking up transform from frame [drone0/base_link] to frame [drone0/map]
[detector_node-2] [INFO] [1781641281.816177677] [detector_node]: YOLO_DETECTOR detection elapsed time: 0.0266 seconds
[local_fusion-3] [INFO] [1781641281.816606824] [local_fusion_node]: Local Fusion callback triggered.
[global_fusion-4] [WARN] [1781641281.905387901] [global_fusion_node]: TF transform failed: Lookup would require extrapolation into the future.  Requested time 507.969889 but the latest data is at time 507.617977, when looking up transform from frame [drone0/base_link] to frame [drone0/map]
[detector_node-2] [INFO] [1781641281.913592950] [detector_node]: YOLO_DETECTOR detection elapsed time: 0.0230 seconds
[local_fusion-3] [INFO] [1781641281.913966673] [local_fusion_node]: Local Fusion callback triggered.
[global_fusion-4] [WARN] [1781641281.978677098] [global_fusion_node]: TF transform failed: Lookup would require extrapolation into the future.  Requested time 508.070923 but the latest data is at time 507.637971, when looking up transform from frame [drone0/base_link] to frame [drone0/map]
[detector_node-2] [INFO] [1781641282.013482759] [detector_node]: YOLO_DETECTOR detection elapsed time: 0.0246 seconds
[local_fusion-3] [INFO] [1781641282.013718896] [local_fusion_node]: Local Fusion callback triggered.
[global_fusion-4] [WARN] [1781641282.078459971] [global_fusion_node]: TF transform failed: Lookup would require extrapolation into the future.  Requested time 508.170206 but the latest data is at time 508.013287, when looking up transform from frame [drone0/base_link] to frame [drone0/map]
[detector_node-2] [INFO] [1781641282.113303480] [detector_node]: YOLO_DETECTOR detection elapsed time: 0.0239 seconds
[local_fusion-3] [INFO] [1781641282.113657749] [local_fusion_node]: Local Fusion callback triggered.
[detector_node-2] [INFO] [1781641282.216193329] [detector_node]: YOLO_DETECTOR detection elapsed time: 0.0246 seconds
[local_fusion-3] [INFO] [1781641282.216578760] [local_fusion_node]: Local Fusion callback triggered.
[detector_node-2] [INFO] [1781641282.320989013] [detector_node]: YOLO_DETECTOR detection elapsed time: 0.0253 seconds
[local_fusion-3] [INFO] [1781641282.321518802] [local_fusion_node]: Local Fusion callback triggered.
[detector_node-2] [INFO] [1781641282.413771411] [detector_node]: YOLO_DETECTOR detection elapsed time: 0.0244 seconds
[local_fusion-3] [INFO] [1781641282.414193812] [local_fusion_node]: Local Fusion callback triggered.
[detector_node-2] [INFO] [1781641282.519846337] [detector_node]: YOLO_DETECTOR detection elapsed time: 0.0282 seconds
[local_fusion-3] [INFO] [1781641282.520187138] [local_fusion_node]: Local Fusion callback triggered.
[detector_node-2] [INFO] [1781641282.617954373] [detector_node]: YOLO_DETECTOR detection elapsed time: 0.0253 seconds
[local_fusion-3] [INFO] [1781641282.618333302] [local_fusion_node]: Local Fusion callback triggered.
[detector_node-2] [INFO] [1781641282.716899453] [detector_node]: YOLO_DETECTOR detection elapsed time: 0.0241 seconds
[local_fusion-3] [INFO] [1781641282.717331454] [local_fusion_node]: Local Fusion callback triggered.
[detector_node-2] [INFO] [1781641282.821218491] [detector_node]: YOLO_DETECTOR detection elapsed time: 0.0254 seconds
[local_fusion-3] [INFO] [1781641282.821540347] [local_fusion_node]: Local Fusion callback triggered.
[detector_node-2] [INFO] [1781641282.928406844] [detector_node]: YOLO_DETECTOR detection elapsed time: 0.0259 seconds
[local_fusion-3] [INFO] [1781641282.928634978] [local_fusion_node]: Local Fusion callback triggered.
[detector_node-2] [INFO] [1781641283.020837082] [detector_node]: YOLO_DETECTOR detection elapsed time: 0.0257 seconds
[local_fusion-3] [INFO] [1781641283.021248394] [local_fusion_node]: Local Fusion callback triggered.
[global_fusion-4] [WARN] [1781641283.124004071] [global_fusion_node]: TF transform failed: Lookup would require extrapolation into the future.  Requested time 509.170334 but the latest data is at time 509.153489, when looking up transform from frame [drone0/base_link] to frame [drone0/map]
[detector_node-2] [INFO] [1781641283.129364847] [detector_node]: YOLO_DETECTOR detection elapsed time: 0.0265 seconds
[local_fusion-3] [INFO] [1781641283.129600984] [local_fusion_node]: Local Fusion callback triggered.
[detector_node-2] [INFO] [1781641283.224503675] [detector_node]: YOLO_DETECTOR detection elapsed time: 0.0240 seconds
[local_fusion-3] [INFO] [1781641283.224870414] [local_fusion_node]: Local Fusion callback triggered.
[global_fusion-4] [WARN] [1781641283.243471124] [global_fusion_node]: TF transform failed: Lookup would require extrapolation into the future.  Requested time 509.270052 but the latest data is at time 509.157857, when looking up transform from frame [drone0/base_link] to frame [drone0/map]
[detector_node-2] [INFO] [1781641283.328797564] [detector_node]: YOLO_DETECTOR detection elapsed time: 0.0268 seconds
[local_fusion-3] [INFO] [1781641283.329783740] [local_fusion_node]: Local Fusion callback triggered.
[global_fusion-4] [WARN] [1781641283.351568021] [global_fusion_node]: TF transform failed: Lookup would require extrapolation into the future.  Requested time 509.370958 but the latest data is at time 509.163705, when looking up transform from frame [drone0/base_link] to frame [drone0/map]
[detector_node-2] [INFO] [1781641283.430877913] [detector_node]: YOLO_DETECTOR detection elapsed time: 0.0270 seconds
[local_fusion-3] [INFO] [1781641283.431336963] [local_fusion_node]: Local Fusion callback triggered.
[global_fusion-4] [WARN] [1781641283.463185433] [global_fusion_node]: TF transform failed: Lookup would require extrapolation into the future.  Requested time 509.470877 but the latest data is at time 509.168262, when looking up transform from frame [drone0/base_link] to frame [drone0/map]
[detector_node-2] [INFO] [1781641283.532751297] [detector_node]: YOLO_DETECTOR detection elapsed time: 0.0263 seconds
[local_fusion-3] [INFO] [1781641283.533202582] [local_fusion_node]: Local Fusion callback triggered.
[global_fusion-4] [WARN] [1781641283.574024794] [global_fusion_node]: TF transform failed: Lookup would require extrapolation into the future.  Requested time 509.570653 but the latest data is at time 509.193671, when looking up transform from frame [drone0/base_link] to frame [drone0/map]
[detector_node-2] [INFO] [1781641283.629065827] [detector_node]: YOLO_DETECTOR detection elapsed time: 0.0272 seconds
[local_fusion-3] [INFO] [1781641283.629552571] [local_fusion_node]: Local Fusion callback triggered.
[global_fusion-4] [WARN] [1781641283.684110361] [global_fusion_node]: TF transform failed: Lookup would require extrapolation into the future.  Requested time 509.669945 but the latest data is at time 509.303670, when looking up transform from frame [drone0/base_link] to frame [drone0/map]
[detector_node-2] [INFO] [1781641283.730500051] [detector_node]: YOLO_DETECTOR detection elapsed time: 0.0267 seconds
[local_fusion-3] [INFO] [1781641283.730826879] [local_fusion_node]: Local Fusion callback triggered.
[global_fusion-4] [WARN] [1781641283.794511365] [global_fusion_node]: TF transform failed: Lookup would require extrapolation into the future.  Requested time 509.770866 but the latest data is at time 509.413692, when looking up transform from frame [drone0/base_link] to frame [drone0/map]
[detector_node-2] [INFO] [1781641283.833623742] [detector_node]: YOLO_DETECTOR detection elapsed time: 0.0287 seconds
[local_fusion-3] [INFO] [1781641283.834129848] [local_fusion_node]: Local Fusion callback triggered.
[global_fusion-4] [WARN] [1781641283.915821510] [global_fusion_node]: TF transform failed: Lookup would require extrapolation into the future.  Requested time 509.870048 but the latest data is at time 509.533751, when looking up transform from frame [drone0/base_link] to frame [drone0/map]
[detector_node-2] [INFO] [1781641283.928885031] [detector_node]: YOLO_DETECTOR detection elapsed time: 0.0273 seconds
[local_fusion-3] [INFO] [1781641283.929306599] [local_fusion_node]: Local Fusion callback triggered.
[detector_node-2] [INFO] [1781641284.032672809] [detector_node]: YOLO_DETECTOR detection elapsed time: 0.0279 seconds
[local_fusion-3] [INFO] [1781641284.033167887] [local_fusion_node]: Local Fusion callback triggered.
[global_fusion-4] [WARN] [1781641284.047435953] [global_fusion_node]: TF transform failed: Lookup would require extrapolation into the future.  Requested time 509.970069 but the latest data is at time 509.663686, when looking up transform from frame [drone0/base_link] to frame [drone0/map]
[detector_node-2] [INFO] [1781641284.126643955] [detector_node]: YOLO_DETECTOR detection elapsed time: 0.0279 seconds
[local_fusion-3] [INFO] [1781641284.127136325] [local_fusion_node]: Local Fusion callback triggered.
[global_fusion-4] [WARN] [1781641284.158289160] [global_fusion_node]: TF transform failed: Lookup would require extrapolation into the future.  Requested time 510.070156 but the latest data is at time 509.773711, when looking up transform from frame [drone0/base_link] to frame [drone0/map]
[detector_node-2] [INFO] [1781641284.230790068] [detector_node]: YOLO_DETECTOR detection elapsed time: 0.0295 seconds
[local_fusion-3] [INFO] [1781641284.231241493] [local_fusion_node]: Local Fusion callback triggered.
[global_fusion-4] [WARN] [1781641284.267276731] [global_fusion_node]: TF transform failed: Lookup would require extrapolation into the future.  Requested time 510.170104 but the latest data is at time 509.888292, when looking up transform from frame [drone0/base_link] to frame [drone0/map]
[detector_node-2] [INFO] [1781641284.331857713] [detector_node]: YOLO_DETECTOR detection elapsed time: 0.0290 seconds
[local_fusion-3] [INFO] [1781641284.332183124] [local_fusion_node]: Local Fusion callback triggered.
[global_fusion-4] [WARN] [1781641284.375613999] [global_fusion_node]: TF transform failed: Lookup would require extrapolation into the future.  Requested time 510.270867 but the latest data is at time 509.998072, when looking up transform from frame [drone0/base_link] to frame [drone0/map]
[detector_node-2] [INFO] [1781641284.426863415] [detector_node]: YOLO_DETECTOR detection elapsed time: 0.0267 seconds
[local_fusion-3] [INFO] [1781641284.427188975] [local_fusion_node]: Local Fusion callback triggered.
[global_fusion-4] [WARN] [1781641284.484826167] [global_fusion_node]: TF transform failed: Lookup would require extrapolation into the future.  Requested time 510.370919 but the latest data is at time 510.103674, when looking up transform from frame [drone0/base_link] to frame [drone0/map]
[detector_node-2] [INFO] [1781641284.527325474] [detector_node]: YOLO_DETECTOR detection elapsed time: 0.0278 seconds
[local_fusion-3] [INFO] [1781641284.527816929] [local_fusion_node]: Local Fusion callback triggered.
[global_fusion-4] [WARN] [1781641284.546971028] [global_fusion_node]: TF transform failed: Lookup would require extrapolation into the future.  Requested time 510.470076 but the latest data is at time 510.213663, when looking up transform from frame [drone0/base_link] to frame [drone0/map]
[detector_node-2] [INFO] [1781641284.629640474] [detector_node]: YOLO_DETECTOR detection elapsed time: 0.0263 seconds
[local_fusion-3] [INFO] [1781641284.629878691] [local_fusion_node]: Local Fusion callback triggered.
[global_fusion-4] [WARN] [1781641284.709247447] [global_fusion_node]: TF transform failed: Lookup would require extrapolation into the future.  Requested time 510.570085 but the latest data is at time 510.333677, when looking up transform from frame [drone0/base_link] to frame [drone0/map]
[detector_node-2] [INFO] [1781641284.730953186] [detector_node]: YOLO_DETECTOR detection elapsed time: 0.0271 seconds
[local_fusion-3] [INFO] [1781641284.731272652] [local_fusion_node]: Local Fusion callback triggered.
[global_fusion-4] [WARN] [1781641284.826988179] [global_fusion_node]: TF transform failed: Lookup would require extrapolation into the future.  Requested time 510.670233 but the latest data is at time 510.447927, when looking up transform from frame [drone0/base_link] to frame [drone0/map]
[detector_node-2] [INFO] [1781641284.827242607] [detector_node]: YOLO_DETECTOR detection elapsed time: 0.0264 seconds
[local_fusion-3] [INFO] [1781641284.827610223] [local_fusion_node]: Local Fusion callback triggered.
[detector_node-2] [INFO] [1781641284.923401471] [detector_node]: YOLO_DETECTOR detection elapsed time: 0.0235 seconds
[local_fusion-3] [INFO] [1781641284.923837730] [local_fusion_node]: Local Fusion callback triggered.
[global_fusion-4] [WARN] [1781641284.933434106] [global_fusion_node]: TF transform failed: Lookup would require extrapolation into the future.  Requested time 510.770035 but the latest data is at time 510.563679, when looking up transform from frame [drone0/base_link] to frame [drone0/map]
[detector_node-2] [INFO] [1781641285.032730663] [detector_node]: YOLO_DETECTOR detection elapsed time: 0.0264 seconds
[local_fusion-3] [INFO] [1781641285.033126674] [local_fusion_node]: Local Fusion callback triggered.
[global_fusion-4] [WARN] [1781641285.035773899] [global_fusion_node]: TF transform failed: Lookup would require extrapolation into the future.  Requested time 510.870052 but the latest data is at time 510.663956, when looking up transform from frame [drone0/base_link] to frame [drone0/map]
[detector_node-2] [INFO] [1781641285.124826704] [detector_node]: YOLO_DETECTOR detection elapsed time: 0.0261 seconds
[local_fusion-3] [INFO] [1781641285.125202065] [local_fusion_node]: Local Fusion callback triggered.
[global_fusion-4] [WARN] [1781641285.140296317] [global_fusion_node]: TF transform failed: Lookup would require extrapolation into the future.  Requested time 510.970171 but the latest data is at time 510.763668, when looking up transform from frame [drone0/base_link] to frame [drone0/map]
[detector_node-2] [INFO] [1781641285.233151633] [detector_node]: YOLO_DETECTOR detection elapsed time: 0.0270 seconds
[local_fusion-3] [INFO] [1781641285.233565485] [local_fusion_node]: Local Fusion callback triggered.
[global_fusion-4] [WARN] [1781641285.244868113] [global_fusion_node]: TF transform failed: Lookup would require extrapolation into the future.  Requested time 511.070090 but the latest data is at time 510.873477, when looking up transform from frame [drone0/base_link] to frame [drone0/map]
[detector_node-2] [INFO] [1781641285.331207813] [detector_node]: YOLO_DETECTOR detection elapsed time: 0.0283 seconds
[local_fusion-3] [INFO] [1781641285.331622798] [local_fusion_node]: Local Fusion callback triggered.
[global_fusion-4] [WARN] [1781641285.347632739] [global_fusion_node]: TF transform failed: Lookup would require extrapolation into the future.  Requested time 511.170838 but the latest data is at time 510.973735, when looking up transform from frame [drone0/base_link] to frame [drone0/map]
[detector_node-2] [INFO] [1781641285.433269335] [detector_node]: YOLO_DETECTOR detection elapsed time: 0.0282 seconds
[local_fusion-3] [INFO] [1781641285.433639545] [local_fusion_node]: Local Fusion callback triggered.
[global_fusion-4] [WARN] [1781641285.450944030] [global_fusion_node]: TF transform failed: Lookup would require extrapolation into the future.  Requested time 511.269712 but the latest data is at time 511.077864, when looking up transform from frame [drone0/base_link] to frame [drone0/map]
[detector_node-2] [INFO] [1781641285.529550507] [detector_node]: YOLO_DETECTOR detection elapsed time: 0.0281 seconds
[local_fusion-3] [INFO] [1781641285.529994751] [local_fusion_node]: Local Fusion callback triggered.
[global_fusion-4] [WARN] [1781641285.533340268] [global_fusion_node]: TF transform failed: Lookup would require extrapolation into the future.  Requested time 511.370029 but the latest data is at time 511.183652, when looking up transform from frame [drone0/base_link] to frame [drone0/map]
[detector_node-2] [INFO] [1781641285.630938887] [detector_node]: YOLO_DETECTOR detection elapsed time: 0.0275 seconds
[local_fusion-3] [INFO] [1781641285.631270469] [local_fusion_node]: Local Fusion callback triggered.
[global_fusion-4] [WARN] [1781641285.652773280] [global_fusion_node]: TF transform failed: Lookup would require extrapolation into the future.  Requested time 511.470052 but the latest data is at time 511.283736, when looking up transform from frame [drone0/base_link] to frame [drone0/map]
[global_fusion-4] [WARN] [1781641285.714792687] [global_fusion_node]: TF transform failed: Lookup would require extrapolation into the future.  Requested time 511.570159 but the latest data is at time 511.383698, when looking up transform from frame [drone0/base_link] to frame [drone0/map]
[detector_node-2] [INFO] [1781641285.726344044] [detector_node]: YOLO_DETECTOR detection elapsed time: 0.0269 seconds
[local_fusion-3] [INFO] [1781641285.726645787] [local_fusion_node]: Local Fusion callback triggered.
[detector_node-2] [INFO] [1781641285.829881802] [detector_node]: YOLO_DETECTOR detection elapsed time: 0.0281 seconds
[local_fusion-3] [INFO] [1781641285.830185355] [local_fusion_node]: Local Fusion callback triggered.
[global_fusion-4] [WARN] [1781641285.842218660] [global_fusion_node]: TF transform failed: Lookup would require extrapolation into the future.  Requested time 511.671030 but the latest data is at time 511.483666, when looking up transform from frame [drone0/base_link] to frame [drone0/map]
[detector_node-2] [INFO] [1781641285.934245834] [detector_node]: YOLO_DETECTOR detection elapsed time: 0.0285 seconds
[local_fusion-3] [INFO] [1781641285.934659624] [local_fusion_node]: Local Fusion callback triggered.
[global_fusion-4] [WARN] [1781641285.961802713] [global_fusion_node]: TF transform failed: Lookup would require extrapolation into the future.  Requested time 511.768027 but the latest data is at time 511.588006, when looking up transform from frame [drone0/base_link] to frame [drone0/map]
[detector_node-2] [INFO] [1781641286.033430794] [detector_node]: YOLO_DETECTOR detection elapsed time: 0.0265 seconds
[local_fusion-3] [INFO] [1781641286.033814596] [local_fusion_node]: Local Fusion callback triggered.
[global_fusion-4] [WARN] [1781641286.043585678] [global_fusion_node]: TF transform failed: Lookup would require extrapolation into the future.  Requested time 511.870307 but the latest data is at time 511.693650, when looking up transform from frame [drone0/base_link] to frame [drone0/map]
[detector_node-2] [INFO] [1781641286.127427572] [detector_node]: YOLO_DETECTOR detection elapsed time: 0.0279 seconds
[local_fusion-3] [INFO] [1781641286.127720846] [local_fusion_node]: Local Fusion callback triggered.
[global_fusion-4] [WARN] [1781641286.164908802] [global_fusion_node]: TF transform failed: Lookup would require extrapolation into the future.  Requested time 511.970122 but the latest data is at time 511.788160, when looking up transform from frame [drone0/base_link] to frame [drone0/map]
[detector_node-2] [INFO] [1781641286.230393240] [detector_node]: YOLO_DETECTOR detection elapsed time: 0.0273 seconds
[local_fusion-3] [INFO] [1781641286.230643057] [local_fusion_node]: Local Fusion callback triggered.
[global_fusion-4] [WARN] [1781641286.270180208] [global_fusion_node]: TF transform failed: Lookup would require extrapolation into the future.  Requested time 512.070938 but the latest data is at time 511.893674, when looking up transform from frame [drone0/base_link] to frame [drone0/map]
[detector_node-2] [INFO] [1781641286.338791081] [detector_node]: YOLO_DETECTOR detection elapsed time: 0.0300 seconds
[local_fusion-3] [INFO] [1781641286.339166765] [local_fusion_node]: Local Fusion callback triggered.
[global_fusion-4] [WARN] [1781641286.374122290] [global_fusion_node]: TF transform failed: Lookup would require extrapolation into the future.  Requested time 512.170131 but the latest data is at time 511.998208, when looking up transform from frame [drone0/base_link] to frame [drone0/map]
[detector_node-2] [INFO] [1781641286.432699054] [detector_node]: YOLO_DETECTOR detection elapsed time: 0.0297 seconds
[local_fusion-3] [INFO] [1781641286.433035166] [local_fusion_node]: Local Fusion callback triggered.
[global_fusion-4] [WARN] [1781641286.477855118] [global_fusion_node]: TF transform failed: Lookup would require extrapolation into the future.  Requested time 512.271004 but the latest data is at time 512.103649, when looking up transform from frame [drone0/base_link] to frame [drone0/map]
[detector_node-2] [INFO] [1781641286.529249714] [detector_node]: YOLO_DETECTOR detection elapsed time: 0.0237 seconds
[local_fusion-3] [INFO] [1781641286.529635509] [local_fusion_node]: Local Fusion callback triggered.
[global_fusion-4] [WARN] [1781641286.592407655] [global_fusion_node]: TF transform failed: Lookup would require extrapolation into the future.  Requested time 512.370114 but the latest data is at time 512.207823, when looking up transform from frame [drone0/base_link] to frame [drone0/map]
[detector_node-2] [INFO] [1781641286.629854161] [detector_node]: YOLO_DETECTOR detection elapsed time: 0.0266 seconds
[local_fusion-3] [INFO] [1781641286.630192108] [local_fusion_node]: Local Fusion callback triggered.
[global_fusion-4] [WARN] [1781641286.697572897] [global_fusion_node]: TF transform failed: Lookup would require extrapolation into the future.  Requested time 512.469311 but the latest data is at time 512.323682, when looking up transform from frame [drone0/base_link] to frame [drone0/map]
[detector_node-2] [INFO] [1781641286.722363672] [detector_node]: YOLO_DETECTOR detection elapsed time: 0.0257 seconds
[local_fusion-3] [INFO] [1781641286.722785751] [local_fusion_node]: Local Fusion callback triggered.
[global_fusion-4] [WARN] [1781641286.800202946] [global_fusion_node]: TF transform failed: Lookup would require extrapolation into the future.  Requested time 512.570985 but the latest data is at time 512.433665, when looking up transform from frame [drone0/base_link] to frame [drone0/map]
[detector_node-2] [INFO] [1781641286.829452871] [detector_node]: YOLO_DETECTOR detection elapsed time: 0.0277 seconds
[local_fusion-3] [INFO] [1781641286.829777549] [local_fusion_node]: Local Fusion callback triggered.
[global_fusion-4] [WARN] [1781641286.902076046] [global_fusion_node]: TF transform failed: Lookup would require extrapolation into the future.  Requested time 512.669238 but the latest data is at time 512.533653, when looking up transform from frame [drone0/base_link] to frame [drone0/map]
[detector_node-2] [INFO] [1781641286.926908409] [detector_node]: YOLO_DETECTOR detection elapsed time: 0.0266 seconds
[local_fusion-3] [INFO] [1781641286.927326828] [local_fusion_node]: Local Fusion callback triggered.
[global_fusion-4] [WARN] [1781641287.008038802] [global_fusion_node]: TF transform failed: Lookup would require extrapolation into the future.  Requested time 512.771028 but the latest data is at time 512.643691, when looking up transform from frame [drone0/base_link] to frame [drone0/map]
[detector_node-2] [INFO] [1781641287.026168339] [detector_node]: YOLO_DETECTOR detection elapsed time: 0.0249 seconds
[local_fusion-3] [INFO] [1781641287.026492691] [local_fusion_node]: Local Fusion callback triggered.
[global_fusion-4] [WARN] [1781641287.117342848] [global_fusion_node]: TF transform failed: Lookup would require extrapolation into the future.  Requested time 512.870051 but the latest data is at time 512.738114, when looking up transform from frame [drone0/base_link] to frame [drone0/map]
[detector_node-2] [INFO] [1781641287.126334390] [detector_node]: YOLO_DETECTOR detection elapsed time: 0.0255 seconds
[local_fusion-3] [INFO] [1781641287.126835339] [local_fusion_node]: Local Fusion callback triggered.
[detector_node-2] [INFO] [1781641287.226841132] [detector_node]: YOLO_DETECTOR detection elapsed time: 0.0302 seconds
[local_fusion-3] [INFO] [1781641287.227119396] [local_fusion_node]: Local Fusion callback triggered.
[global_fusion-4] [WARN] [1781641287.227366839] [global_fusion_node]: TF transform failed: Lookup would require extrapolation into the future.  Requested time 512.970044 but the latest data is at time 512.853717, when looking up transform from frame [drone0/base_link] to frame [drone0/map]
[detector_node-2] [INFO] [1781641287.325380794] [detector_node]: YOLO_DETECTOR detection elapsed time: 0.0277 seconds
[local_fusion-3] [INFO] [1781641287.325704652] [local_fusion_node]: Local Fusion callback triggered.
[global_fusion-4] [WARN] [1781641287.337933882] [global_fusion_node]: TF transform failed: Lookup would require extrapolation into the future.  Requested time 513.073997 but the latest data is at time 512.963694, when looking up transform from frame [drone0/base_link] to frame [drone0/map]
[detector_node-2] [INFO] [1781641287.429622118] [detector_node]: YOLO_DETECTOR detection elapsed time: 0.0275 seconds
[local_fusion-3] [INFO] [1781641287.430018800] [local_fusion_node]: Local Fusion callback triggered.
[global_fusion-4] [WARN] [1781641287.445261768] [global_fusion_node]: TF transform failed: Lookup would require extrapolation into the future.  Requested time 513.171018 but the latest data is at time 513.067802, when looking up transform from frame [drone0/base_link] to frame [drone0/map]
